contestacao_id,pedido_id,data_pedido,cliente_id,loja_id,itens_pedido,valor_pedido,motivo,relato_cliente,foto_anexada,idade_conta_dias,contestacoes_60d,itens_contestados,evidencia_incompativel,cluster_conta,status_resposta_loja,rota_decisao,decisao_final,valor_reembolso,exposicao_confirmada
CON00001,PED003865,15/01/2025,CLI05299,LOJ0060,4,"R$ 150,15",PRODUTO AVARIADO,,1,1714,0,4,0,,SEM RESPOSTA,autoaprovada,aprovada,139.24,1
CON00002,PED008053,2025-01-17,CLI08762,LOJ0423,2,135.95,nao_entregue,"Consta entrega concluída, porém nada foi recebido.",1,2148,0,1,0,,respondida,autoaprovada,aprovada,56.72,0
CON00003,PED001634,2025-01-15,CLI08314,LOJ0113,6,111.00,item_faltante,Faltou um item do pedido e a loja não respondeu.,1,1633,0,1,0,,respondida,revisao_manual,aprovada,20.42,0
CON00004,PED003788,2025-01-15,CLI14391,LOJ0310,7,124.69,produto_avariado,O produto chegou danificado dentro da sacola.,1,902,0,7,0,,sem resposta,autoaprovada,aprovada,93.76,0
CON00005,PED004089,2025-01-05,CLI10657,LOJ0142,7,86.73,qualidade,O produto estava com aparência ruim quando chegou.,0,1133,1,6,0,,respondida,autoaprovada,aprovada,"55,25",0
CON00006,PED003837,2025-01-04,CLI10259,LOJ0415,3,99.40,item_faltante,"O pedido chegou incompleto, faltou parte da compra.",1,2216,1,1,0,,respondida,autoaprovada,aprovada,20.58,0
CON00007,PED003697,01/01/2025,CLI05077,LOJ0359,2,106.47,pedido_incorreto,Entregaram outro item no lugar do que comprei.,1,752,0,2,0,,SEM RESPOSTA,autoaprovada,aprovada,90.72,0
CON00008,PED005331,2025-01-22,CLI09206,LOJ0321,7,"161,17",item_faltante,Não recebi todos os itens que estavam na nota.,1,2359,0,6,1,,respondida,autoaprovada,aprovada,128.10,0
CON00009,PED003215,2025-01-22,CLI06421,LOJ0300,2,81.71,produto_avariado,O produto chegou danificado dentro da sacola.,0,1362,5,1,0,,respondida,autoaprovada,aprovada,"R$ 66,32",0
CON00010,PED007264,2025-01-04,CLI11772,LOJ0258,5,74.54,nao_entregue,"O aplicativo marcou como entregue, mas não recebi o pedido.",0,1536,0,3,0,,sem_resposta,autoaprovada,aprovada,67.14,0
CON00011,PED001579,2025-01-29,CLI06010,LOJ0263,7,85.13,item_faltante,"O pedido chegou incompleto, faltou parte da compra.",1,483,1,3,0,,respondida,autoaprovada,aprovada,50.86,0
CON00012,PED006887,2025-01-19,CLI10044,LOJ0054,2,"R$ 78,12",pedido_incorreto,O pedido veio errado e preciso corrigir a cobrança.,1,1737,2,1,0,,respondida,autoaprovada,aprovada,"43,61",0
CON00013,PED006047,14/01/2025,CLI04728,LOJ0124,6,60.64,produto_avariado,O item vazou durante a entrega e não dava para consumir.,1,1648,0,1,0,,respondida,autoaprovada,aprovada,51.20,0
CON00014,PED005618,2025-01-14,CLI16764,LOJ0023,4,34.42,pedido_incorreto,O pedido veio errado e preciso corrigir a cobrança.,0,2393,1,2,0,,sem resposta,negada_ou_retirada,negada,0.00,0
CON00015,PED004857,2025-01-27,CLI03611,LOJ0122,6,"69,53",nao_entregue,O pedido não chegou no endereço informado.,1,2361,1,4,0,GRP098,respondida,autoaprovada,aprovada,61.97,1
CON00016,PED004677,2025-01-26,CLI11013,LOJ0064,7,56.67,produto_avariado,O produto chegou danificado dentro da sacola.,1,22,1,2,0,,respondida,autoaprovada,aprovada,43.53,0
CON00017,PED007234,2025-01-10,CLI07825,LOJ0220,2,64.83,pedido_incorreto,Recebi produtos diferentes do que selecionei.,0,2272,0,1,0,,sem_resposta,autoaprovada,aprovada,53.39,1
CON00018,PED009136,2025-01-03,CLI14800,LOJ0140,5,86.18,pedido_incorreto,Recebi produtos diferentes do que selecionei.,0,2328,0,2,0,,respondida,autoaprovada,aprovada,68.82,0
CON00019,PED000763,29/01/2025,CLI00817,LOJ0423,2,90.72,item_faltante,Faltou um item do pedido e a loja não respondeu.,1,819,0,1,0,,SEM RESPOSTA,autoaprovada,aprovada,"79,85",0
CON00020,PED006988,2025-01-01,CLI01423,LOJ0082,7,67.56,qualidade,A qualidade não correspondeu ao que foi anunciado.,0,673,1,7,0,,respondida,autoaprovada,aprovada,"R$ 49,06",1
CON00021,PED000960,2025-01-26,CLI14865,LOJ0211,6,89.11,item_faltante,"O pedido chegou incompleto, faltou parte da compra.",1,636,3,4,0,,respondida,autoaprovada,aprovada,57.48,0
CON00022,PED005221,2025-01-22,CLI13452,LOJ0300,4,"75,51",item_faltante,Não recebi todos os itens que estavam na nota.,1,1094,1,1,0,,respondida,revisao_manual,aprovada,60.97,0
CON00023,PED008058,2025-01-22,CLI08271,LOJ0317,5,"R$ 96,67",qualidade,O produto estava com aparência ruim quando chegou.,1,1718,1,3,0,GRP100,respondida,autoaprovada,aprovada,89.65,0
CON00024,PED003480,2025-01-21,CLI04685,LOJ0044,2,44.74,PRODUTO AVARIADO,A embalagem chegou aberta e o produto estava avariado.,1,1306,1,1,0,,respondida,negada_ou_retirada,retirada,0.00,0
CON00025,PED004184,14/01/2025,CLI05256,LOJ0228,5,114.68,nao_entregue,"Consta entrega concluída, porém nada foi recebido.",1,2270,0,3,0,,respondida,autoaprovada,aprovada,104.53,0
CON00026,PED008912,2025-01-12,CLI13396,LOJ0405,4,224.62,item_faltante,Faltou um item do pedido e a loja não respondeu.,1,1868,0,4,0,,sem resposta,autoaprovada,aprovada,"200,57",1
CON00027,PED007289,2025-01-13,CLI17369,LOJ0100,6,60.28,item_faltante,"O pedido chegou incompleto, faltou parte da compra.",1,259,1,6,0,,respondida,autoaprovada,aprovada,23.30,0
CON00028,PED004299,2025-01-02,CLI01721,LOJ0106,3,132.73,nao_entregue,"Consta entrega concluída, porém nada foi recebido.",1,1905,0,2,0,,SEM RESPOSTA,autoaprovada,aprovada,94.73,1
CON00029,PED002663,2025-01-23,CLI03682,LOJ0370,7,"80,31",produto_avariado,A embalagem chegou aberta e o produto estava avariado.,0,924,1,7,0,,respondida,autoaprovada,aprovada,50.38,0
CON00030,PED006720,2025-01-21,CLI11952,LOJ0442,6,74.37,nao_entregue,O pedido não chegou no endereço informado.,1,1981,0,1,0,,sem_resposta,autoaprovada,aprovada,57.29,0
CON00031,PED002262,28/01/2025,CLI11317,LOJ0076,6,163.64,produto_avariado,O produto chegou danificado dentro da sacola.,1,1466,0,2,0,,sem resposta,autoaprovada,aprovada,"R$ 52,78",0
CON00032,PED000237,2025-01-11,CLI00822,LOJ0224,2,65.26,qualidade,A comida chegou fria e com qualidade abaixo do esperado.,1,113,1,1,0,,sem_resposta,autoaprovada,aprovada,40.78,0
CON00033,PED001483,2025-01-18,CLI13281,LOJ0269,6,41.11,nao_entregue,O pedido não chegou no endereço informado.,0,687,1,1,0,,SEM RESPOSTA,negada_ou_retirada,negada,"0,00",0
CON00034,PED005736,2025-01-07,CLI17342,LOJ0215,5,"R$ 98,25",produto_avariado,A embalagem chegou aberta e o produto estava avariado.,0,286,1,1,0,,sem resposta,autoaprovada,aprovada,51.86,0
CON00035,PED005904,2025-01-14,CLI02388,LOJ0160,7,124.50,pedido_incorreto,Entregaram outro item no lugar do que comprei.,1,757,2,2,0,,SEM RESPOSTA,autoaprovada,aprovada,93.84,1
CON00036,PED004002,2025-01-19,CLI17930,LOJ0159,4,"124,90",item_faltante,Não recebi todos os itens que estavam na nota.,1,1958,1,1,0,,sem_resposta,autoaprovada,aprovada,65.23,0
CON00037,PED001539,07/01/2025,CLI03129,LOJ0331,5,138.99,qualidade,A comida chegou fria e com qualidade abaixo do esperado.,1,13,4,5,0,GRP070,respondida,autoaprovada,aprovada,50.93,1
CON00038,PED003681,2025-01-29,CLI16894,LOJ0372,2,84.55,qualidade,A comida chegou fria e com qualidade abaixo do esperado.,1,1416,0,1,0,,respondida,autoaprovada,aprovada,49.55,0
CON00039,PED001267,2025-01-01,CLI02601,LOJ0352,4,57.54,produto_avariado,A embalagem chegou aberta e o produto estava avariado.,0,1388,1,4,0,,sem resposta,negada_ou_retirada,retirada,0.00,0
CON00040,PED001851,2025-01-26,CLI13235,LOJ0244,6,116.81,item_faltante,Faltou um item do pedido e a loja não respondeu.,1,916,0,5,1,,respondida,autoaprovada,aprovada,"109,13",0
CON00041,PED003720,2025-01-24,CLI04170,LOJ0188,7,47.62,pedido_incorreto,Entregaram outro item no lugar do que comprei.,0,2119,0,6,0,,sem_resposta,autoaprovada,aprovada,36.41,0
CON00042,PED001429,2025-01-14,CLI13801,LOJ0240,2,74.72,item_faltante,Faltou um item do pedido e a loja não respondeu.,1,1214,1,1,0,GRP020,respondida,negada_ou_retirada,retirada,"R$ 0,00",0
CON00043,PED008720,24/01/2025,CLI01368,LOJ0050,4,"100,16",qualidade,A qualidade não correspondeu ao que foi anunciado.,1,999,0,3,0,GRP032,SEM RESPOSTA,autoaprovada,aprovada,53.93,0
CON00044,PED000603,2025-01-17,CLI00218,LOJ0217,6,63.84,pedido_incorreto,O pedido veio errado e preciso corrigir a cobrança.,1,360,2,5,1,,respondida,autoaprovada,aprovada,34.13,0
CON00045,PED000660,2025-01-21,CLI06019,LOJ0067,2,"R$ 134,72",item_faltante,Faltou um item do pedido e a loja não respondeu.,1,469,1,2,1,,respondida,autoaprovada,aprovada,107.01,0
CON00046,PED007157,2025-01-16,CLI00870,LOJ0035,2,82.13,item_faltante,Não recebi todos os itens que estavam na nota.,1,1716,5,1,0,,respondida,autoaprovada,aprovada,58.50,0
CON00047,PED002497,2025-01-16,CLI15391,LOJ0412,7,101.74,ITEM FALTANTE,Faltou um item do pedido e a loja não respondeu.,1,274,1,7,0,,sem resposta,autoaprovada,aprovada,"88,66",0
CON00048,PED000949,2025-01-22,CLI02739,LOJ0268,2,118.85,pedido_incorreto,Entregaram outro item no lugar do que comprei.,0,520,2,1,0,,respondida,autoaprovada,aprovada,93.16,0
CON00049,PED005923,18/01/2025,CLI08411,LOJ0110,3,75.48,item_faltante,Faltou um item do pedido e a loja não respondeu.,1,935,0,1,0,,respondida,negada_ou_retirada,negada,0.00,0
CON00050,PED000923,2025-01-12,CLI00837,LOJ0046,2,"67,96",item_faltante,Faltou um item do pedido e a loja não respondeu.,1,141,0,1,0,GRP073,SEM RESPOSTA,autoaprovada,aprovada,33.00,0
CON00051,PED004174,2025-01-29,CLI03504,LOJ0089,2,138.52,nao_entregue,O pedido não chegou no endereço informado.,1,1350,2,1,1,,respondida,autoaprovada,aprovada,33.63,0
CON00052,PED006911,2025-01-26,CLI01084,LOJ0035,4,76.02,pedido_incorreto,O pedido veio errado e preciso corrigir a cobrança.,1,273,1,1,0,,respondida,revisao_manual,negada,0.00,0
CON00053,PED005794,2025-01-27,CLI16125,LOJ0187,2,234.05,pedido_incorreto,Recebi produtos diferentes do que selecionei.,1,398,2,1,0,,respondida,autoaprovada,aprovada,"R$ 124,01",1
CON00054,PED008542,2025-01-12,CLI13363,LOJ0230,7,159.21,pedido_incorreto,Recebi produtos diferentes do que selecionei.,1,87,2,7,0,,respondida,negada_ou_retirada,negada,"0,00",0
CON00055,PED002754,01/01/2025,CLI08246,LOJ0269,7,109.25,pedido_incorreto,O pedido veio errado e preciso corrigir a cobrança.,0,1873,1,4,0,,sem_resposta,autoaprovada,aprovada,73.69,0
CON00056,PED008624,2025-01-03,CLI17899,LOJ0211,2,"R$ 162,40",qualidade,O produto estava com aparência ruim quando chegou.,1,884,2,1,0,GRP074,respondida,revisao_manual,negada,0.00,0
CON00057,PED007033,2025-01-04,CLI07016,LOJ0150,2,"91,09",nao_entregue,O pedido não chegou no endereço informado.,1,2252,2,1,0,,sem resposta,revisao_manual,negada,0.00,0
CON00058,PED007838,2025-01-19,CLI12699,LOJ0351,6,79.51,pedido_incorreto,Entregaram outro item no lugar do que comprei.,0,1622,0,2,0,,respondida,autoaprovada,aprovada,50.85,1
CON00059,PED003438,2025-01-09,CLI04718,LOJ0143,2,208.37,qualidade,O produto estava com aparência ruim quando chegou.,1,126,0,1,0,,respondida,autoaprovada,aprovada,192.61,1
CON00060,PED008302,2025-01-17,CLI12539,LOJ0379,5,137.59,nao_entregue,"Consta entrega concluída, porém nada foi recebido.",1,185,1,2,0,,respondida,autoaprovada,aprovada,110.02,0
CON00061,PED004261,12/01/2025,CLI00556,LOJ0096,6,142.01,produto_avariado,O item vazou durante a entrega e não dava para consumir.,0,1742,0,3,0,,respondida,autoaprovada,aprovada,"64,29",0
CON00062,PED000441,2025-01-01,CLI12942,LOJ0404,5,58.46,pedido_incorreto,O pedido veio errado e preciso corrigir a cobrança.,1,465,0,2,1,,sem_resposta,autoaprovada,aprovada,24.79,0
CON00063,PED007121,2025-01-27,CLI13117,LOJ0025,5,97.01,pedido_incorreto,O pedido veio errado e preciso corrigir a cobrança.,1,1353,0,3,1,,SEM RESPOSTA,autoaprovada,aprovada,45.61,1
CON00064,PED007585,2025-01-07,CLI11282,LOJ0381,6,"89,54",pedido_incorreto,O pedido veio errado e preciso corrigir a cobrança.,1,820,0,4,1,,respondida,autoaprovada,aprovada,"R$ 39,01",1
CON00065,PED001962,2025-01-20,CLI17283,LOJ0438,3,136.33,item_faltante,Não recebi todos os itens que estavam na nota.,1,1340,0,1,0,GRP003,respondida,autoaprovada,aprovada,121.69,1
CON00066,PED007697,2025-01-29,CLI16878,LOJ0169,3,73.36,produto_avariado,A embalagem chegou aberta e o produto estava avariado.,1,2298,2,1,1,,respondida,negada_ou_retirada,retirada,0.00,0
CON00067,PED001385,12/01/2025,CLI10344,LOJ0136,5,"R$ 96,66",item_faltante,Faltou um item do pedido e a loja não respondeu.,0,450,0,1,0,,respondida,autoaprovada,aprovada,73.42,0
CON00068,PED005812,2025-01-29,CLI14897,LOJ0304,2,45.60,item_faltante,Faltou um item do pedido e a loja não respondeu.,1,297,1,1,1,,respondida,revisao_manual,negada,"0,00",0
CON00069,PED008277,2025-01-01,CLI04149,LOJ0043,6,99.50,pedido_incorreto,Entregaram outro item no lugar do que comprei.,0,2107,1,2,0,,respondida,negada_ou_retirada,negada,0.00,0
CON00070,PED005002,2025-01-30,CLI10336,LOJ0328,2,61.45,ITEM FALTANTE,"O pedido chegou incompleto, faltou parte da compra.",1,1626,0,1,0,,sem resposta,negada_ou_retirada,retirada,0.00,0
CON00071,PED006203,2025-01-19,CLI09262,LOJ0116,3,"125,32",item_faltante,Faltou um item do pedido e a loja não respondeu.,1,143,1,2,0,,respondida,autoaprovada,aprovada,107.64,0
CON00072,PED003184,2025-01-28,CLI14281,LOJ0308,5,93.23,pedido_incorreto,Recebi produtos diferentes do que selecionei.,0,2001,0,2,0,,SEM RESPOSTA,autoaprovada,aprovada,59.23,0
CON00073,PED005238,04/01/2025,CLI06865,LOJ0395,4,180.04,pedido_incorreto,Recebi produtos diferentes do que selecionei.,1,284,1,4,0,,respondida,autoaprovada,aprovada,44.37,0
CON00074,PED007571,2025-01-02,CLI05465,LOJ0038,5,67.50,pedido_incorreto,Recebi produtos diferentes do que selecionei.,1,2075,1,1,0,,respondida,revisao_manual,negada,0.00,0
CON00075,PED001680,2025-01-05,CLI03506,LOJ0390,3,111.19,produto_avariado,O item vazou durante a entrega e não dava para consumir.,0,1728,2,3,0,,sem_resposta,revisao_manual,aprovada,"R$ 50,61",1
CON00076,PED001952,2025-01-26,CLI05551,LOJ0302,7,98.57,item_faltante,"O pedido chegou incompleto, faltou parte da compra.",0,806,0,3,0,,respondida,revisao_manual,aprovada,57.17,0
CON00077,PED006937,2025-01-11,CLI00671,LOJ0023,7,116.53,qualidade,A qualidade não correspondeu ao que foi anunciado.,1,1094,0,1,0,,sem resposta,autoaprovada,aprovada,43.96,0
CON00078,PED008924,2025-01-25,CLI16593,LOJ0284,7,"R$ 142,91",item_faltante,Não recebi todos os itens que estavam na nota.,1,1099,0,5,0,GRP125,respondida,negada_ou_retirada,retirada,0.00,0
CON00079,PED008381,11/01/2025,CLI17857,LOJ0137,2,145.84,nao_entregue,O pedido não chegou no endereço informado.,1,2370,2,1,0,,respondida,autoaprovada,aprovada,135.20,0
CON00080,PED001303,2025-01-30,CLI11084,LOJ0266,3,87.19,pedido_incorreto,Entregaram outro item no lugar do que comprei.,0,1454,0,1,0,,respondida,revisao_manual,aprovada,64.65,0
CON00081,PED007882,2025-01-31,CLI17438,LOJ0333,2,145.68,item_faltante,"O pedido chegou incompleto, faltou parte da compra.",1,736,0,1,0,,sem_resposta,autoaprovada,aprovada,111.26,0
CON00082,PED005773,2025-01-05,CLI07746,LOJ0201,5,130.17,nao_entregue,"O aplicativo marcou como entregue, mas não recebi o pedido.",1,1861,0,1,0,,SEM RESPOSTA,revisao_manual,aprovada,"75,91",0
CON00083,PED004646,2025-01-12,CLI12401,LOJ0113,3,89.90,pedido_incorreto,Entregaram outro item no lugar do que comprei.,1,338,0,3,0,,respondida,negada_ou_retirada,negada,0.00,0
CON00084,PED000965,2025-01-07,CLI11076,LOJ0209,4,117.90,pedido_incorreto,Recebi produtos diferentes do que selecionei.,0,1954,1,1,0,,respondida,autoaprovada,aprovada,40.04,0
CON00085,PED001435,04/01/2025,CLI00161,LOJ0100,4,"85,45",item_faltante,Faltou um item do pedido e a loja não respondeu.,1,1435,0,1,0,GRP013,respondida,autoaprovada,aprovada,32.66,0
CON00086,PED001882,2025-01-20,CLI13054,LOJ0195,7,130.26,qualidade,O produto estava com aparência ruim quando chegou.,1,2253,1,7,0,,sem resposta,autoaprovada,aprovada,"R$ 24,46",0
CON00087,PED007898,2025-01-06,CLI01892,LOJ0319,4,126.74,pedido_incorreto,Recebi produtos diferentes do que selecionei.,1,2340,0,4,0,,SEM RESPOSTA,autoaprovada,aprovada,101.04,1
CON00088,PED006146,2025-01-18,CLI05266,LOJ0165,2,68.84,qualidade,A comida chegou fria e com qualidade abaixo do esperado.,1,1806,0,1,0,,respondida,autoaprovada,aprovada,34.27,0
CON00089,PED002752,2025-01-04,CLI03418,LOJ0041,7,"R$ 67,91",pedido_incorreto,O pedido veio errado e preciso corrigir a cobrança.,1,1861,0,5,0,GRP038,respondida,autoaprovada,aprovada,"44,13",0
CON00090,PED001384,2025-01-27,CLI02525,LOJ0060,3,100.30,item_faltante,Faltou um item do pedido e a loja não respondeu.,1,1758,0,1,0,,sem_resposta,autoaprovada,aprovada,92.48,0
CON00091,PED008750,15/01/2025,CLI02975,LOJ0009,4,57.08,item_faltante,Faltou um item do pedido e a loja não respondeu.,1,1201,1,1,0,,sem resposta,autoaprovada,aprovada,46.83,0
CON00092,PED005611,2025-01-25,CLI07889,LOJ0169,3,"71,25",item_faltante,Faltou um item do pedido e a loja não respondeu.,1,1977,0,1,0,,respondida,autoaprovada,aprovada,41.83,0
CON00093,PED005492,2025-01-06,CLI00457,LOJ0222,4,125.72,PRODUTO AVARIADO,A embalagem chegou aberta e o produto estava avariado.,0,1007,0,3,0,GRP028,sem_resposta,autoaprovada,aprovada,42.15,0
CON00094,PED005273,2025-01-16,CLI08321,LOJ0377,5,93.87,item_faltante,Faltou um item do pedido e a loja não respondeu.,1,1013,0,1,0,,respondida,autoaprovada,aprovada,58.09,0
CON00095,PED000648,2025-01-05,CLI03964,LOJ0358,5,146.38,nao_entregue,"O aplicativo marcou como entregue, mas não recebi o pedido.",1,582,0,5,0,,respondida,autoaprovada,aprovada,115.75,0
CON00096,PED004227,2025-01-14,CLI16969,LOJ0314,3,57.32,item_faltante,Não recebi todos os itens que estavam na nota.,1,1204,1,2,1,GRP047,respondida,revisao_manual,aprovada,"37,28",1
CON00097,PED001643,01/01/2025,CLI08641,LOJ0390,6,89.77,item_faltante,Faltou um item do pedido e a loja não respondeu.,0,27,2,4,0,,respondida,revisao_manual,negada,"R$ 0,00",0
CON00098,PED007379,2025-01-14,CLI15492,LOJ0421,3,104.79,produto_avariado,O produto chegou danificado dentro da sacola.,1,549,0,2,0,,respondida,autoaprovada,aprovada,41.18,0
CON00099,PED001829,2025-01-06,CLI04114,LOJ0305,4,"74,52",item_faltante,Faltou um item do pedido e a loja não respondeu.,0,1398,1,3,0,,respondida,autoaprovada,aprovada,59.80,1
CON00100,PED008510,2025-01-06,CLI14690,LOJ0082,2,"R$ 107,22",produto_avariado,O produto chegou danificado dentro da sacola.,1,1204,1,1,0,,SEM RESPOSTA,autoaprovada,aprovada,72.05,0
CON00101,PED000582,2025-01-03,CLI10077,LOJ0037,3,103.18,produto_avariado,A embalagem chegou aberta e o produto estava avariado.,1,1430,2,2,0,,respondida,autoaprovada,aprovada,93.72,0
CON00102,PED002139,2025-01-09,CLI06924,LOJ0078,4,86.58,qualidade,A qualidade não correspondeu ao que foi anunciado.,1,1560,0,1,0,,respondida,autoaprovada,aprovada,47.21,0
CON00103,PED003338,17/01/2025,CLI07151,LOJ0384,5,99.83,item_faltante,Não recebi todos os itens que estavam na nota.,0,80,2,4,0,,sem resposta,autoaprovada,aprovada,"53,69",0
CON00104,PED004844,2025-01-25,CLI02849,LOJ0173,6,83.23,item_faltante,"O pedido chegou incompleto, faltou parte da compra.",1,1814,1,6,0,,SEM RESPOSTA,negada_ou_retirada,negada,0.00,0
CON00105,PED002166,2025-01-02,CLI04133,LOJ0328,7,98.85,produto_avariado,O produto chegou danificado dentro da sacola.,1,2160,0,7,0,,respondida,autoaprovada,aprovada,65.28,1
CON00106,PED005988,2025-01-15,CLI17688,LOJ0062,2,"91,62",qualidade,A comida chegou fria e com qualidade abaixo do esperado.,1,292,0,1,0,,sem_resposta,revisao_manual,negada,0.00,0
CON00107,PED000792,2025-01-11,CLI06882,LOJ0148,4,78.47,pedido_incorreto,Recebi produtos diferentes do que selecionei.,0,2271,0,4,0,,sem resposta,autoaprovada,aprovada,42.21,1
CON00108,PED003675,2025-01-12,CLI12306,LOJ0220,5,120.32,nao_entregue,O pedido não chegou no endereço informado.,0,1180,0,3,0,,sem_resposta,autoaprovada,aprovada,"R$ 101,83",0
CON00109,PED006486,09/01/2025,CLI05089,LOJ0272,4,124.55,item_faltante,Faltou um item do pedido e a loja não respondeu.,0,457,1,3,0,,respondida,autoaprovada,aprovada,91.43,1
CON00110,PED003046,2025-01-03,CLI15906,LOJ0267,4,84.43,item_faltante,Não recebi todos os itens que estavam na nota.,1,16,0,1,0,,respondida,autoaprovada,aprovada,"46,48",0
CON00111,PED003736,2025-01-04,CLI11069,LOJ0244,3,"R$ 65,36",nao_entregue,O pedido não chegou no endereço informado.,1,53,0,3,0,,SEM RESPOSTA,autoaprovada,aprovada,42.83,1
CON00112,PED000744,2025-01-22,CLI03636,LOJ0176,4,90.69,nao_entregue,"Consta entrega concluída, porém nada foi recebido.",1,1285,0,4,0,,respondida,autoaprovada,aprovada,70.68,0
CON00113,PED003894,2025-01-07,CLI04315,LOJ0066,5,"47,54",qualidade,O produto estava com aparência ruim quando chegou.,1,2320,1,2,0,,respondida,negada_ou_retirada,negada,0.00,0
CON00114,PED000809,2025-01-23,CLI17217,LOJ0259,4,102.33,pedido_incorreto,O pedido veio errado e preciso corrigir a cobrança.,1,2185,1,1,0,,respondida,autoaprovada,aprovada,37.55,0
CON00115,PED004588,20/01/2025,CLI05847,LOJ0039,6,135.87,produto_avariado,A embalagem chegou aberta e o produto estava avariado.,1,1920,0,4,0,,sem resposta,autoaprovada,aprovada,97.90,0
CON00116,PED002362,2025-01-07,CLI07800,LOJ0208,6,144.24,ITEM FALTANTE,"O pedido chegou incompleto, faltou parte da compra.",0,1631,0,1,0,,respondida,revisao_manual,aprovada,114.32,0
CON00117,PED003462,2025-01-19,CLI13357,LOJ0135,6,128.45,pedido_incorreto,O pedido veio errado e preciso corrigir a cobrança.,1,1455,1,6,0,,respondida,negada_ou_retirada,retirada,"0,00",0
CON00118,PED004057,2025-01-07,CLI05315,LOJ0062,6,76.70,pedido_incorreto,O pedido veio errado e preciso corrigir a cobrança.,1,390,1,6,0,,respondida,revisao_manual,negada,0.00,0
CON00119,PED001874,2025-01-04,CLI11782,LOJ0180,2,93.91,pedido_incorreto,Entregaram outro item no lugar do que comprei.,1,1320,2,1,0,GRP118,SEM RESPOSTA,autoaprovada,aprovada,"R$ 73,69",0
CON00120,PED008572,2025-01-29,CLI03377,LOJ0013,4,"76,12",produto_avariado,O produto chegou danificado dentro da sacola.,0,194,0,1,0,,respondida,autoaprovada,aprovada,47.05,0
CON00121,PED008563,05/01/2025,CLI13158,LOJ0228,6,113.34,item_faltante,"O pedido chegou incompleto, faltou parte da compra.",1,763,1,3,0,,sem_resposta,autoaprovada,aprovada,53.04,0
CON00122,PED001533,2025-01-14,CLI09328,LOJ0359,3,"R$ 80,28",nao_entregue,O pedido não chegou no endereço informado.,0,886,0,1,0,,sem resposta,autoaprovada,aprovada,43.82,0
CON00123,PED000185,2025-01-27,CLI03671,LOJ0295,5,88.09,pedido_incorreto,O pedido veio errado e preciso corrigir a cobrança.,1,1187,0,2,0,,sem_resposta,autoaprovada,aprovada,63.05,0
CON00124,PED002690,2025-01-23,CLI06612,LOJ0076,6,70.22,pedido_incorreto,O pedido veio errado e preciso corrigir a cobrança.,1,1085,0,4,0,,respondida,autoaprovada,aprovada,"59,47",0
CON00125,PED001047,2025-01-31,CLI07740,LOJ0124,2,134.64,item_faltante,Faltou um item do pedido e a loja não respondeu.,1,1562,0,2,1,,SEM RESPOSTA,autoaprovada,aprovada,112.51,1
CON00126,PED001876,2025-01-14,CLI16126,LOJ0221,4,126.98,item_faltante,"O pedido chegou incompleto, faltou parte da compra.",0,1482,1,1,0,,respondida,autoaprovada,aprovada,109.19,0
CON00127,PED000482,05/01/2025,CLI16297,LOJ0230,7,"69,29",qualidade,O produto estava com aparência ruim quando chegou.,1,1164,0,3,0,,respondida,autoaprovada,aprovada,40.40,0
CON00128,PED008824,2025-01-19,CLI10638,LOJ0449,2,103.74,pedido_incorreto,O pedido veio errado e preciso corrigir a cobrança.,1,2048,0,1,0,,respondida,autoaprovada,aprovada,98.34,0
CON00129,PED007780,2025-01-15,CLI15760,LOJ0336,7,82.10,qualidade,A qualidade não correspondeu ao que foi anunciado.,1,1565,1,5,0,,sem resposta,autoaprovada,aprovada,29.30,0
CON00130,PED004310,2025-01-30,CLI09161,LOJ0345,2,88.90,item_faltante,Faltou um item do pedido e a loja não respondeu.,1,1780,1,1,0,,respondida,negada_ou_retirada,retirada,"R$ 0,00",0
CON00131,PED000758,2025-01-31,CLI15145,LOJ0157,7,107.33,nao_entregue,O pedido não chegou no endereço informado.,1,712,1,3,0,,respondida,autoaprovada,aprovada,"38,42",0
CON00132,PED003136,2025-01-04,CLI08277,LOJ0135,3,143.68,item_faltante,Faltou um item do pedido e a loja não respondeu.,1,1295,1,2,0,,SEM RESPOSTA,autoaprovada,aprovada,135.17,1
CON00133,PED008496,05/01/2025,CLI17297,LOJ0066,2,"R$ 81,03",nao_entregue,O pedido não chegou no endereço informado.,1,1912,2,1,0,,sem_resposta,autoaprovada,aprovada,44.65,0
CON00134,PED002015,2025-01-23,CLI11782,LOJ0135,3,"81,23",nao_entregue,"Consta entrega concluída, porém nada foi recebido.",0,2103,0,1,0,GRP080,sem resposta,revisao_manual,aprovada,58.88,0
CON00135,PED000789,2025-01-08,CLI07108,LOJ0215,3,83.75,produto_avariado,O produto chegou danificado dentro da sacola.,1,1748,0,1,0,,respondida,autoaprovada,aprovada,76.66,0
CON00136,PED004322,2025-01-09,CLI06016,LOJ0156,7,75.81,item_faltante,Faltou um item do pedido e a loja não respondeu.,0,1888,1,5,1,,respondida,revisao_manual,aprovada,47.41,0
CON00137,PED003304,2025-01-31,CLI13709,LOJ0226,7,50.70,item_faltante,Não recebi todos os itens que estavam na nota.,1,1435,0,5,0,,respondida,negada_ou_retirada,retirada,0.00,0
CON00138,PED004388,2025-01-21,CLI11475,LOJ0172,6,149.09,qualidade,O produto estava com aparência ruim quando chegou.,1,1592,1,4,0,,respondida,autoaprovada,aprovada,"49,69",0
CON00139,PED002356,18/01/2025,CLI00916,LOJ0386,2,46.79,QUALIDADE,O produto estava com aparência ruim quando chegou.,0,830,0,1,0,,sem_resposta,autoaprovada,aprovada,30.66,0
CON00140,PED005442,2025-01-16,CLI17158,LOJ0078,6,94.70,item_faltante,Não recebi todos os itens que estavam na nota.,1,2075,0,6,0,,respondida,revisao_manual,aprovada,74.52,0
CON00141,PED008369,2025-01-06,CLI08089,LOJ0301,5,"154,54",pedido_incorreto,O pedido veio errado e preciso corrigir a cobrança.,1,527,1,5,0,,respondida,autoaprovada,aprovada,"R$ 127,12",1
CON00142,PED000824,2025-01-29,CLI11133,LOJ0166,6,97.80,qualidade,O produto estava com aparência ruim quando chegou.,1,976,1,3,1,,respondida,autoaprovada,aprovada,72.83,0
CON00143,PED007636,2025-01-10,CLI01379,LOJ0314,5,76.02,qualidade,A comida chegou fria e com qualidade abaixo do esperado.,1,436,2,1,1,,respondida,autoaprovada,aprovada,61.90,0
CON00144,PED000505,2025-01-03,CLI05800,LOJ0390,2,"R$ 107,24",pedido_incorreto,Entregaram outro item no lugar do que comprei.,0,1880,2,1,0,GRP053,respondida,autoaprovada,aprovada,44.60,0
CON00145,PED005113,02/01/2025,CLI05548,LOJ0120,7,68.99,pedido_incorreto,O pedido veio errado e preciso corrigir a cobrança.,1,397,0,4,0,,respondida,autoaprovada,aprovada,"64,59",0
CON00146,PED002287,2025-01-09,CLI14915,LOJ0290,5,89.02,item_faltante,Não recebi todos os itens que estavam na nota.,0,302,2,4,0,,respondida,autoaprovada,aprovada,56.57,0
CON00147,PED005138,2025-01-23,CLI15161,LOJ0117,6,160.41,nao_entregue,O pedido não chegou no endereço informado.,0,2320,5,1,1,,respondida,autoaprovada,aprovada,136.19,1
CON00148,PED002809,2025-01-06,CLI08059,LOJ0188,5,"62,50",item_faltante,Faltou um item do pedido e a loja não respondeu.,1,1803,2,5,0,GRP072,SEM RESPOSTA,autoaprovada,aprovada,36.37,0
CON00149,PED001351,2025-01-09,CLI13894,LOJ0400,2,92.06,qualidade,A comida chegou fria e com qualidade abaixo do esperado.,1,1952,0,1,0,,respondida,autoaprovada,aprovada,57.90,0
CON00150,PED008194,2025-01-16,CLI06953,LOJ0187,3,94.54,produto_avariado,O produto chegou danificado dentro da sacola.,1,1116,0,2,0,,sem resposta,autoaprovada,aprovada,57.90,0
CON00151,PED003436,11/01/2025,CLI03833,LOJ0163,7,64.89,item_faltante,"O pedido chegou incompleto, faltou parte da compra.",0,1796,0,1,0,,SEM RESPOSTA,negada_ou_retirada,retirada,0.00,0
CON00152,PED007767,2025-01-23,CLI13854,LOJ0325,3,65.77,pedido_incorreto,O pedido veio errado e preciso corrigir a cobrança.,1,1320,0,3,0,,respondida,autoaprovada,aprovada,"R$ 38,81",0
CON00153,PED000503,2025-01-02,CLI05417,LOJ0060,4,63.50,pedido_incorreto,Recebi produtos diferentes do que selecionei.,1,1934,2,3,0,,respondida,revisao_manual,negada,0.00,0
CON00154,PED007483,2025-01-09,CLI06579,LOJ0116,7,67.06,item_faltante,Faltou um item do pedido e a loja não respondeu.,1,1472,1,2,0,,respondida,autoaprovada,aprovada,47.77,0
CON00155,PED000772,2025-01-27,CLI17564,LOJ0054,4,"R$ 133,46",nao_entregue,"Consta entrega concluída, porém nada foi recebido.",1,1392,2,4,0,,sem_resposta,autoaprovada,aprovada,32.89,0
CON00156,PED005866,2025-01-07,CLI00405,LOJ0055,7,66.74,produto_avariado,O item vazou durante a entrega e não dava para consumir.,1,1047,0,2,0,,respondida,autoaprovada,aprovada,40.76,0
CON00157,PED008348,22/01/2025,CLI16366,LOJ0003,5,150.72,item_faltante,Faltou um item do pedido e a loja não respondeu.,0,658,1,5,0,,respondida,revisao_manual,aprovada,126.81,0
CON00158,PED005033,2025-01-14,CLI05085,LOJ0171,4,95.20,qualidade,A comida chegou fria e com qualidade abaixo do esperado.,0,2026,2,3,0,,respondida,autoaprovada,aprovada,61.67,0
CON00159,PED003666,2025-01-09,CLI11738,LOJ0171,6,92.57,nao_entregue,"O aplicativo marcou como entregue, mas não recebi o pedido.",0,985,1,3,0,,respondida,revisao_manual,aprovada,"53,23",0
CON00160,PED009077,2025-01-06,CLI15040,LOJ0270,6,64.59,produto_avariado,A embalagem chegou aberta e o produto estava avariado.,1,747,0,1,0,,respondida,revisao_manual,negada,0.00,0
CON00161,PED008069,2025-01-11,CLI13381,LOJ0421,2,111.26,produto_avariado,A embalagem chegou aberta e o produto estava avariado.,1,1080,1,1,0,,respondida,revisao_manual,negada,0.00,0
CON00162,PED009123,2025-01-15,CLI02918,LOJ0378,2,"102,68",NAO ENTREGUE,"Consta entrega concluída, porém nada foi recebido.",1,813,0,2,0,,respondida,revisao_manual,aprovada,64.96,0
CON00163,PED009184,30/01/2025,CLI13157,LOJ0097,6,133.03,produto_avariado,O item vazou durante a entrega e não dava para consumir.,1,2147,3,1,0,,respondida,autoaprovada,aprovada,"R$ 102,88",0
CON00164,PED001897,2025-01-31,CLI17173,LOJ0153,5,170.51,produto_avariado,A embalagem chegou aberta e o produto estava avariado.,1,1504,0,1,1,,respondida,autoaprovada,aprovada,133.41,0
CON00165,PED007586,2025-01-20,CLI05370,LOJ0089,6,118.55,nao_entregue,O pedido não chegou no endereço informado.,1,106,0,2,0,GRP012,sem resposta,autoaprovada,aprovada,104.35,0
CON00166,PED001393,2025-01-10,CLI00552,LOJ0027,6,"R$ 90,02",produto_avariado,O produto chegou danificado dentro da sacola.,1,741,2,5,0,,sem_resposta,autoaprovada,aprovada,"68,17",0
CON00167,PED003194,2025-01-21,CLI15993,LOJ0174,5,91.72,nao_entregue,"O aplicativo marcou como entregue, mas não recebi o pedido.",1,1737,1,3,0,,SEM RESPOSTA,autoaprovada,aprovada,81.18,0
CON00168,PED008515,2025-01-30,CLI12246,LOJ0085,3,108.70,pedido_incorreto,O pedido veio errado e preciso corrigir a cobrança.,0,181,1,1,0,,respondida,autoaprovada,aprovada,73.77,0
CON00169,PED005465,26/01/2025,CLI13083,LOJ0111,2,"81,75",item_faltante,"O pedido chegou incompleto, faltou parte da compra.",1,1862,0,1,0,,respondida,autoaprovada,aprovada,44.80,0
CON00170,PED004045,2025-01-07,CLI11371,LOJ0447,7,129.44,produto_avariado,O produto chegou danificado dentro da sacola.,0,345,1,4,0,GRP127,sem resposta,autoaprovada,aprovada,97.30,1
CON00171,PED001173,2025-01-10,CLI00880,LOJ0054,5,147.94,pedido_incorreto,Recebi produtos diferentes do que selecionei.,1,592,1,5,0,,respondida,revisao_manual,aprovada,128.44,1
CON00172,PED006498,2025-01-30,CLI09719,LOJ0166,6,131.74,item_faltante,"O pedido chegou incompleto, faltou parte da compra.",1,348,2,5,0,,respondida,autoaprovada,aprovada,110.50,0
CON00173,PED004606,2025-01-21,CLI02370,LOJ0261,7,100.76,item_faltante,Faltou um item do pedido e a loja não respondeu.,1,1143,1,5,1,,respondida,autoaprovada,aprovada,"57,08",1
CON00174,PED001028,2025-01-10,CLI05952,LOJ0446,4,82.36,nao_entregue,O pedido não chegou no endereço informado.,0,207,0,2,0,,respondida,autoaprovada,aprovada,"R$ 52,74",0
CON00175,PED006194,23/01/2025,CLI12030,LOJ0330,2,63.15,nao_entregue,"Consta entrega concluída, porém nada foi recebido.",1,1548,1,1,0,,respondida,negada_ou_retirada,retirada,0.00,0
CON00176,PED006027,2025-01-10,CLI07817,LOJ0201,2,"102,20",item_faltante,Não recebi todos os itens que estavam na nota.,1,363,1,1,0,,SEM RESPOSTA,autoaprovada,aprovada,55.60,0
CON00177,PED008575,2025-01-25,CLI16923,LOJ0004,7,"R$ 92,85",item_faltante,Não recebi todos os itens que estavam na nota.,1,1912,1,7,0,,sem_resposta,autoaprovada,aprovada,63.39,0
CON00178,PED009032,2025-01-28,CLI16706,LOJ0060,6,92.99,produto_avariado,O produto chegou danificado dentro da sacola.,1,1848,0,1,0,,respondida,autoaprovada,aprovada,81.50,0
CON00179,PED005591,2025-01-10,CLI01009,LOJ0181,7,77.02,pedido_incorreto,Entregaram outro item no lugar do que comprei.,1,1717,0,2,0,,respondida,autoaprovada,aprovada,69.24,0
CON00180,PED002055,2025-01-03,CLI08251,LOJ0073,2,133.51,pedido_incorreto,O pedido veio errado e preciso corrigir a cobrança.,1,2353,2,1,0,,sem resposta,autoaprovada,aprovada,"97,59",0
CON00181,PED003579,01/01/2025,CLI01239,LOJ0320,3,98.47,pedido_incorreto,O pedido veio errado e preciso corrigir a cobrança.,1,70,1,3,0,,sem_resposta,autoaprovada,aprovada,78.28,1
CON00182,PED004498,2025-01-20,CLI13080,LOJ0104,3,175.63,pedido_incorreto,Entregaram outro item no lugar do que comprei.,0,2174,2,1,0,GRP115,respondida,autoaprovada,aprovada,146.88,1
CON00183,PED001621,2025-01-26,CLI08372,LOJ0123,4,"102,45",qualidade,A comida chegou fria e com qualidade abaixo do esperado.,0,845,2,3,0,,respondida,autoaprovada,aprovada,94.98,0
CON00184,PED002069,2025-01-29,CLI08016,LOJ0209,7,90.78,pedido_incorreto,Recebi produtos diferentes do que selecionei.,1,1585,2,1,0,,SEM RESPOSTA,autoaprovada,aprovada,69.86,0
CON00185,PED007437,2025-01-26,CLI03913,LOJ0012,7,76.48,PEDIDO INCORRETO,Recebi produtos diferentes do que selecionei.,0,782,0,4,0,GRP001,respondida,autoaprovada,aprovada,"R$ 36,79",0
CON00186,PED000653,2025-01-02,CLI08177,LOJ0067,4,140.53,pedido_incorreto,Entregaram outro item no lugar do que comprei.,0,963,1,2,0,,sem resposta,autoaprovada,aprovada,71.27,0
CON00187,PED007396,07/01/2025,CLI12252,LOJ0304,2,37.44,item_faltante,Não recebi todos os itens que estavam na nota.,1,973,1,2,0,,SEM RESPOSTA,negada_ou_retirada,negada,"0,00",0
CON00188,PED007558,2025-01-05,CLI09506,LOJ0034,4,"R$ 236,43",pedido_incorreto,Entregaram outro item no lugar do que comprei.,1,2338,2,4,0,,sem_resposta,autoaprovada,aprovada,208.60,1
CON00189,PED008526,2025-01-03,CLI17234,LOJ0320,5,62.41,item_faltante,Faltou um item do pedido e a loja não respondeu.,1,666,0,5,0,,respondida,negada_ou_retirada,retirada,0.00,0
CON00190,PED006394,2025-01-22,CLI13996,LOJ0146,6,"92,81",qualidade,A qualidade não correspondeu ao que foi anunciado.,0,1904,1,4,0,,sem resposta,autoaprovada,aprovada,63.51,0
CON00191,PED008959,2025-01-17,CLI04546,LOJ0380,2,102.24,item_faltante,Faltou um item do pedido e a loja não respondeu.,1,1367,1,1,0,,sem_resposta,autoaprovada,aprovada,74.62,0
CON00192,PED004280,2025-01-28,CLI01490,LOJ0303,5,48.53,produto_avariado,O produto chegou danificado dentro da sacola.,1,945,1,3,0,,respondida,revisao_manual,negada,0.00,0
CON00193,PED007891,26/01/2025,CLI10825,LOJ0269,5,66.52,item_faltante,"O pedido chegou incompleto, faltou parte da compra.",0,2222,0,2,1,,SEM RESPOSTA,autoaprovada,aprovada,56.51,1
CON00194,PED000618,2025-01-14,CLI02485,LOJ0160,6,71.84,nao_entregue,O pedido não chegou no endereço informado.,0,1345,0,1,0,,respondida,negada_ou_retirada,retirada,"0,00",0
CON00195,PED005609,2025-01-24,CLI00305,LOJ0370,5,76.45,qualidade,O produto estava com aparência ruim quando chegou.,1,735,0,3,0,,respondida,autoaprovada,aprovada,49.21,0
CON00196,PED003100,2025-01-03,CLI13186,LOJ0186,3,62.78,nao_entregue,O pedido não chegou no endereço informado.,0,1162,0,1,0,,respondida,autoaprovada,aprovada,"R$ 32,37",0
CON00197,PED006287,2025-01-20,CLI10898,LOJ0164,2,"79,20",pedido_incorreto,Entregaram outro item no lugar do que comprei.,1,1941,1,1,0,,respondida,autoaprovada,aprovada,56.37,0
CON00198,PED002567,2025-01-11,CLI15231,LOJ0153,2,51.72,pedido_incorreto,Entregaram outro item no lugar do que comprei.,0,2060,1,2,0,,respondida,negada_ou_retirada,retirada,0.00,0
CON00199,PED002511,28/01/2025,CLI03543,LOJ0334,2,"R$ 77,14",nao_entregue,"Consta entrega concluída, porém nada foi recebido.",1,1743,0,2,0,,respondida,negada_ou_retirada,negada,0.00,0
CON00200,PED005329,2025-01-25,CLI12287,LOJ0328,3,61.91,qualidade,A qualidade não correspondeu ao que foi anunciado.,0,367,1,1,0,,respondida,negada_ou_retirada,retirada,0.00,0
CON00201,PED004229,2025-01-23,CLI07252,LOJ0266,5,73.48,item_faltante,Faltou um item do pedido e a loja não respondeu.,1,1578,1,1,0,,respondida,revisao_manual,aprovada,"36,85",0
CON00202,PED007518,2025-01-03,CLI10252,LOJ0158,6,108.90,item_faltante,"O pedido chegou incompleto, faltou parte da compra.",1,2105,0,6,0,,sem resposta,autoaprovada,aprovada,94.94,0
CON00203,PED001843,2025-01-30,CLI05161,LOJ0353,4,80.62,produto_avariado,O item vazou durante a entrega e não dava para consumir.,1,1379,0,2,0,,respondida,autoaprovada,aprovada,59.97,0
CON00204,PED009125,2025-01-28,CLI15357,LOJ0138,4,"104,51",nao_entregue,"Consta entrega concluída, porém nada foi recebido.",1,1015,0,2,0,,respondida,autoaprovada,aprovada,62.60,0
CON00205,PED005809,21/01/2025,CLI15106,LOJ0309,7,84.89,qualidade,O produto estava com aparência ruim quando chegou.,1,1184,1,1,0,,SEM RESPOSTA,autoaprovada,aprovada,47.90,0
CON00206,PED001125,2025-01-30,CLI03359,LOJ0101,2,92.15,item_faltante,Não recebi todos os itens que estavam na nota.,1,293,0,1,0,,respondida,autoaprovada,aprovada,58.95,0
CON00207,PED002545,2025-01-25,CLI13897,LOJ0264,2,116.93,pedido_incorreto,O pedido veio errado e preciso corrigir a cobrança.,0,1516,0,1,0,,sem_resposta,autoaprovada,aprovada,"R$ 63,42",1
CON00208,PED000993,2025-01-07,CLI01936,LOJ0420,6,71.04,PEDIDO INCORRETO,Recebi produtos diferentes do que selecionei.,1,1989,1,3,0,,respondida,autoaprovada,aprovada,"64,04",0
CON00209,PED008645,2025-01-25,CLI05571,LOJ0161,7,99.51,qualidade,A comida chegou fria e com qualidade abaixo do esperado.,1,2127,0,7,0,,respondida,revisao_manual,aprovada,79.53,1
CON00210,PED002231,2025-01-17,CLI04939,LOJ0364,7,"R$ 116,50",qualidade,O produto estava com aparência ruim quando chegou.,1,1757,0,4,0,,sem resposta,autoaprovada,aprovada,91.68,0
CON00211,PED001764,06/01/2025,CLI05128,LOJ0423,6,"64,25",nao_entregue,"O aplicativo marcou como entregue, mas não recebi o pedido.",1,1314,0,4,0,,respondida,revisao_manual,aprovada,36.09,1
CON00212,PED006357,2025-01-27,CLI13858,LOJ0018,2,104.45,produto_avariado,O item vazou durante a entrega e não dava para consumir.,1,2280,2,1,0,,sem_resposta,autoaprovada,aprovada,96.15,0
CON00213,PED001826,2025-01-21,CLI03077,LOJ0427,5,73.25,item_faltante,"O pedido chegou incompleto, faltou parte da compra.",0,1143,1,3,0,,SEM RESPOSTA,revisao_manual,negada,0.00,0
CON00214,PED003982,2025-01-24,CLI01509,LOJ0104,3,118.42,qualidade,A comida chegou fria e com qualidade abaixo do esperado.,1,1110,4,2,0,,sem resposta,autoaprovada,aprovada,38.92,0
CON00215,PED008300,2025-01-28,CLI15610,LOJ0195,4,51.60,qualidade,A qualidade não correspondeu ao que foi anunciado.,1,1433,1,1,1,,respondida,negada_ou_retirada,negada,"0,00",0
CON00216,PED006257,2025-01-26,CLI10164,LOJ0152,6,100.76,produto_avariado,O item vazou durante a entrega e não dava para consumir.,1,833,0,5,0,,SEM RESPOSTA,autoaprovada,aprovada,74.28,1
CON00217,PED008616,20/01/2025,CLI15037,LOJ0432,7,33.02,pedido_incorreto,O pedido veio errado e preciso corrigir a cobrança.,1,1446,0,4,0,,respondida,negada_ou_retirada,negada,0.00,0
CON00218,PED004587,2025-01-31,CLI12469,LOJ0224,4,"123,35",pedido_incorreto,Entregaram outro item no lugar do que comprei.,1,522,0,4,0,,sem_resposta,negada_ou_retirada,retirada,"R$ 0,00",0
CON00219,PED007296,2025-01-29,CLI17851,LOJ0056,4,132.31,nao_entregue,"Consta entrega concluída, porém nada foi recebido.",1,278,1,2,0,,respondida,autoaprovada,aprovada,44.57,0
CON00220,PED003756,2025-01-16,CLI16000,LOJ0010,3,49.78,pedido_incorreto,Entregaram outro item no lugar do que comprei.,0,1476,5,1,1,,sem resposta,negada_ou_retirada,negada,0.00,0
CON00221,PED005875,2025-01-13,CLI01318,LOJ0317,5,"R$ 101,01",item_faltante,Não recebi todos os itens que estavam na nota.,1,1114,1,3,0,,respondida,autoaprovada,aprovada,82.02,0
CON00222,PED000843,2025-01-08,CLI08315,LOJ0161,2,45.88,item_faltante,Não recebi todos os itens que estavam na nota.,1,2305,0,1,0,,sem_resposta,negada_ou_retirada,negada,"0,00",0
CON00223,PED005430,12/01/2025,CLI02823,LOJ0165,4,188.26,item_faltante,"O pedido chegou incompleto, faltou parte da compra.",0,1001,1,4,0,,respondida,autoaprovada,aprovada,155.85,1
CON00224,PED009143,2025-01-03,CLI00358,LOJ0225,2,79.97,nao_entregue,O pedido não chegou no endereço informado.,1,1252,0,2,0,,respondida,revisao_manual,aprovada,53.84,0
CON00225,PED006185,2025-01-21,CLI14796,LOJ0415,4,"90,90",item_faltante,"O pedido chegou incompleto, faltou parte da compra.",1,1793,1,1,0,,SEM RESPOSTA,autoaprovada,aprovada,67.21,0
CON00226,PED000950,2025-01-30,CLI06555,LOJ0324,3,59.38,item_faltante,"O pedido chegou incompleto, faltou parte da compra.",1,2366,0,1,0,GRP068,sem resposta,revisao_manual,negada,0.00,0
CON00227,PED008765,2025-01-10,CLI17404,LOJ0172,5,116.42,item_faltante,Não recebi todos os itens que estavam na nota.,1,1503,1,4,0,,respondida,revisao_manual,aprovada,100.90,0
CON00228,PED005787,2025-01-04,CLI09398,LOJ0311,3,77.10,qualidade,O produto estava com aparência ruim quando chegou.,0,2140,1,2,0,,respondida,autoaprovada,aprovada,62.72,0
CON00229,PED004872,07/01/2025,CLI05339,LOJ0250,5,118.90,nao_entregue,"Consta entrega concluída, porém nada foi recebido.",1,1387,1,2,0,,respondida,autoaprovada,aprovada,"R$ 82,24",0
CON00230,PED001544,2025-01-11,CLI11984,LOJ0128,5,100.57,item_faltante,"O pedido chegou incompleto, faltou parte da compra.",1,2103,2,2,0,,respondida,negada_ou_retirada,negada,0.00,0
CON00231,PED004334,2025-01-19,CLI11995,LOJ0161,6,148.87,PEDIDO INCORRETO,Recebi produtos diferentes do que selecionei.,1,1943,1,1,1,GRP041,respondida,autoaprovada,aprovada,130.12,0
CON00232,PED004438,2025-01-25,CLI00257,LOJ0378,2,"R$ 63,86",item_faltante,Faltou um item do pedido e a loja não respondeu.,1,305,2,1,0,,SEM RESPOSTA,autoaprovada,aprovada,57.87,0
CON00233,PED003762,2025-01-02,CLI06107,LOJ0357,6,175.19,nao_entregue,O pedido não chegou no endereço informado.,1,1718,0,4,0,,respondida,autoaprovada,aprovada,72.20,0
CON00234,PED000199,2025-01-30,CLI10365,LOJ0299,2,126.06,pedido_incorreto,Recebi produtos diferentes do que selecionei.,1,890,0,1,0,,respondida,autoaprovada,aprovada,117.47,0
CON00235,PED003064,21/01/2025,CLI05292,LOJ0024,7,52.23,produto_avariado,O produto chegou danificado dentro da sacola.,0,1016,1,1,0,,sem_resposta,negada_ou_retirada,negada,0.00,0
CON00236,PED003622,2025-01-29,CLI09578,LOJ0196,4,68.77,pedido_incorreto,Recebi produtos diferentes do que selecionei.,1,1038,1,1,1,GRP102,respondida,autoaprovada,aprovada,"52,24",1
CON00237,PED000663,2025-01-06,CLI01255,LOJ0274,3,157.12,item_faltante,Faltou um item do pedido e a loja não respondeu.,1,424,1,1,0,,respondida,autoaprovada,aprovada,125.70,0
CON00238,PED002850,2025-01-12,CLI09811,LOJ0316,7,116.33,produto_avariado,O item vazou durante a entrega e não dava para consumir.,1,2381,1,7,0,,sem resposta,autoaprovada,aprovada,101.09,0
CON00239,PED006583,2025-01-19,CLI10508,LOJ0085,5,"79,98",produto_avariado,O produto chegou danificado dentro da sacola.,0,892,0,3,0,,sem_resposta,autoaprovada,aprovada,44.41,0
CON00240,PED004192,2025-01-31,CLI15655,LOJ0196,2,118.19,pedido_incorreto,Recebi produtos diferentes do que selecionei.,0,1721,0,1,0,,respondida,autoaprovada,aprovada,"R$ 92,27",0
CON00241,PED008507,21/01/2025,CLI11288,LOJ0254,4,70.75,item_faltante,"O pedido chegou incompleto, faltou parte da compra.",0,802,0,4,0,,SEM RESPOSTA,revisao_manual,aprovada,52.36,1
CON00242,PED006830,2025-01-02,CLI17203,LOJ0236,3,74.84,pedido_incorreto,O pedido veio errado e preciso corrigir a cobrança.,1,423,2,3,0,,sem resposta,negada_ou_retirada,negada,0.00,0
CON00243,PED001506,2025-01-18,CLI09122,LOJ0430,5,"R$ 103,32",item_faltante,Não recebi todos os itens que estavam na nota.,1,1749,4,5,0,GRP054,respondida,autoaprovada,aprovada,"51,73",1
CON00244,PED008517,2025-01-16,CLI08314,LOJ0314,7,66.25,pedido_incorreto,Recebi produtos diferentes do que selecionei.,1,1712,0,7,0,,SEM RESPOSTA,revisao_manual,aprovada,31.13,1
CON00245,PED000026,2025-01-30,CLI01141,LOJ0084,6,107.72,pedido_incorreto,Entregaram outro item no lugar do que comprei.,1,467,2,1,0,,respondida,autoaprovada,aprovada,59.09,0
CON00246,PED006648,2025-01-14,CLI03575,LOJ0117,2,"76,86",item_faltante,"O pedido chegou incompleto, faltou parte da compra.",0,43,1,1,0,,respondida,autoaprovada,aprovada,25.31,0
CON00247,PED001920,03/01/2025,CLI02685,LOJ0193,5,60.78,produto_avariado,O item vazou durante a entrega e não dava para consumir.,0,2268,0,4,1,,respondida,autoaprovada,aprovada,54.45,0
CON00248,PED000051,2025-01-26,CLI07683,LOJ0347,5,50.89,qualidade,A comida chegou fria e com qualidade abaixo do esperado.,1,2148,2,4,0,,respondida,autoaprovada,aprovada,36.84,0
CON00249,PED003647,2025-01-05,CLI11876,LOJ0143,5,68.61,pedido_incorreto,Recebi produtos diferentes do que selecionei.,0,706,0,2,0,,sem_resposta,revisao_manual,negada,0.00,0
CON00250,PED005468,2025-01-20,CLI04223,LOJ0300,3,105.54,qualidade,A comida chegou fria e com qualidade abaixo do esperado.,0,492,1,1,0,,sem resposta,autoaprovada,aprovada,"98,65",0
CON00251,PED006637,2025-01-28,CLI09496,LOJ0433,3,126.57,item_faltante,"O pedido chegou incompleto, faltou parte da compra.",1,199,1,1,0,,sem_resposta,autoaprovada,aprovada,"R$ 25,28",0
CON00252,PED008495,2025-01-16,CLI15463,LOJ0141,3,112.37,item_faltante,Não recebi todos os itens que estavam na nota.,0,488,1,1,0,,SEM RESPOSTA,autoaprovada,aprovada,80.29,0
CON00253,PED000964,06/01/2025,CLI10528,LOJ0435,2,"110,49",item_faltante,Não recebi todos os itens que estavam na nota.,0,644,2,1,0,,sem resposta,autoaprovada,aprovada,91.04,1
CON00254,PED004856,2025-01-26,CLI10425,LOJ0045,4,"R$ 187,76",PEDIDO INCORRETO,Entregaram outro item no lugar do que comprei.,1,2171,2,3,0,,respondida,autoaprovada,aprovada,153.62,1
CON00255,PED008352,2025-01-01,CLI15621,LOJ0349,4,50.26,nao_entregue,"Consta entrega concluída, porém nada foi recebido.",1,2308,0,1,0,,SEM RESPOSTA,autoaprovada,aprovada,24.69,0
CON00256,PED007347,2025-01-26,CLI04331,LOJ0182,5,71.92,qualidade,A comida chegou fria e com qualidade abaixo do esperado.,0,40,0,3,0,,sem_resposta,autoaprovada,aprovada,46.60,0
CON00257,PED008946,2025-01-18,CLI04972,LOJ0077,7,102.89,item_faltante,Faltou um item do pedido e a loja não respondeu.,0,1267,1,1,0,,sem resposta,autoaprovada,aprovada,"35,63",0
CON00258,PED003902,2025-01-05,CLI09002,LOJ0438,2,129.97,produto_avariado,A embalagem chegou aberta e o produto estava avariado.,1,2246,6,1,0,,respondida,autoaprovada,aprovada,95.76,1
CON00259,PED000565,31/01/2025,CLI05927,LOJ0109,7,111.81,produto_avariado,A embalagem chegou aberta e o produto estava avariado.,0,298,1,3,0,,respondida,autoaprovada,aprovada,37.04,0
CON00260,PED004710,2025-01-30,CLI06565,LOJ0218,4,"149,21",nao_entregue,"O aplicativo marcou como entregue, mas não recebi o pedido.",1,942,1,2,0,,respondida,autoaprovada,aprovada,140.72,0
CON00261,PED005434,2025-01-23,CLI01972,LOJ0427,5,66.42,item_faltante,"O pedido chegou incompleto, faltou parte da compra.",1,2007,0,5,0,GRP005,sem_resposta,revisao_manual,aprovada,53.55,1
CON00262,PED007139,2025-01-25,CLI11534,LOJ0167,6,132.72,produto_avariado,O item vazou durante a entrega e não dava para consumir.,1,1324,0,3,0,,respondida,autoaprovada,aprovada,"R$ 106,83",0
CON00263,PED005584,2025-01-24,CLI00035,LOJ0086,2,92.16,item_faltante,Não recebi todos os itens que estavam na nota.,1,637,0,1,0,,respondida,revisao_manual,aprovada,80.24,0
CON00264,PED004127,2025-01-23,CLI00930,LOJ0423,3,126.27,qualidade,A qualidade não correspondeu ao que foi anunciado.,1,1975,1,2,0,,SEM RESPOSTA,negada_ou_retirada,retirada,"0,00",0
CON00265,PED002045,13/01/2025,CLI07513,LOJ0064,7,"R$ 71,43",qualidade,O produto estava com aparência ruim quando chegou.,1,1837,1,4,0,,respondida,revisao_manual,negada,0.00,0
CON00266,PED005151,2025-01-07,CLI00807,LOJ0416,5,102.63,qualidade,A comida chegou fria e com qualidade abaixo do esperado.,1,1469,0,1,0,,sem resposta,autoaprovada,aprovada,45.34,0
CON00267,PED007442,2025-01-23,CLI03648,LOJ0156,4,"142,65",pedido_incorreto,Recebi produtos diferentes do que selecionei.,1,1339,0,4,0,GRP125,SEM RESPOSTA,autoaprovada,aprovada,116.45,0
CON00268,PED009183,2025-01-05,CLI05169,LOJ0186,5,42.05,pedido_incorreto,Entregaram outro item no lugar do que comprei.,1,16,1,5,0,,respondida,revisao_manual,negada,0.00,0
CON00269,PED005124,2025-01-16,CLI01026,LOJ0433,4,105.42,item_faltante,Não recebi todos os itens que estavam na nota.,0,1140,0,4,0,,sem_resposta,autoaprovada,aprovada,82.63,0
CON00270,PED004078,2025-01-24,CLI01936,LOJ0003,5,73.23,qualidade,O produto estava com aparência ruim quando chegou.,0,1305,1,5,1,,respondida,revisao_manual,aprovada,44.37,0
CON00271,PED001738,20/01/2025,CLI02869,LOJ0389,2,86.94,pedido_incorreto,Recebi produtos diferentes do que selecionei.,1,1230,1,1,0,,respondida,revisao_manual,aprovada,"56,48",0
CON00272,PED000867,2025-01-25,CLI01364,LOJ0247,5,103.64,qualidade,A comida chegou fria e com qualidade abaixo do esperado.,0,1725,0,1,0,,respondida,autoaprovada,aprovada,50.64,1
CON00273,PED001475,2025-01-03,CLI13139,LOJ0348,2,95.20,qualidade,O produto estava com aparência ruim quando chegou.,1,13,5,1,0,,respondida,revisao_manual,aprovada,"R$ 58,12",0
CON00274,PED004115,2025-01-25,CLI17777,LOJ0183,2,"97,13",item_faltante,"O pedido chegou incompleto, faltou parte da compra.",0,1515,1,1,0,,respondida,revisao_manual,negada,0.00,0
CON00275,PED006695,2025-01-28,CLI09728,LOJ0444,4,64.17,item_faltante,"O pedido chegou incompleto, faltou parte da compra.",1,536,0,1,0,,respondida,negada_ou_retirada,retirada,0.00,0
CON00276,PED004513,2025-01-01,CLI09314,LOJ0442,6,"R$ 132,21",nao_entregue,"Consta entrega concluída, porém nada foi recebido.",1,321,2,6,0,,sem resposta,revisao_manual,aprovada,106.63,0
CON00277,PED004590,15/01/2025,CLI14323,LOJ0365,2,90.93,ITEM FALTANTE,Faltou um item do pedido e a loja não respondeu.,1,275,0,1,0,,respondida,negada_ou_retirada,negada,0.00,0
CON00278,PED000404,2025-01-02,CLI14332,LOJ0044,3,96.88,pedido_incorreto,Entregaram outro item no lugar do que comprei.,1,497,0,3,1,,respondida,autoaprovada,aprovada,"84,16",1
CON00279,PED008114,2025-01-11,CLI01498,LOJ0196,4,108.09,pedido_incorreto,Entregaram outro item no lugar do que comprei.,0,62,0,1,0,,sem_resposta,autoaprovada,aprovada,97.66,0
CON00280,PED005648,2025-01-02,CLI10072,LOJ0098,7,172.09,produto_avariado,O produto chegou danificado dentro da sacola.,1,1686,0,7,0,,respondida,autoaprovada,aprovada,136.35,0
CON00281,PED007593,2025-01-13,CLI12281,LOJ0361,5,"122,72",item_faltante,Faltou um item do pedido e a loja não respondeu.,1,1547,0,3,0,,respondida,autoaprovada,aprovada,108.54,1
CON00282,PED000315,2025-01-20,CLI07205,LOJ0046,4,110.25,item_faltante,Não recebi todos os itens que estavam na nota.,1,352,0,2,0,GRP111,respondida,revisao_manual,aprovada,95.38,0
CON00283,PED003037,23/01/2025,CLI04121,LOJ0435,3,62.76,qualidade,A qualidade não correspondeu ao que foi anunciado.,0,594,0,2,0,,respondida,negada_ou_retirada,retirada,0.00,0
CON00284,PED005247,2025-01-19,CLI03627,LOJ0046,2,91.74,nao_entregue,"Consta entrega concluída, porém nada foi recebido.",0,2027,1,1,0,GRP100,respondida,negada_ou_retirada,negada,"R$ 0,00",0
CON00285,PED003954,2025-01-31,CLI12417,LOJ0269,6,70.22,nao_entregue,O pedido não chegou no endereço informado.,0,776,2,3,0,,SEM RESPOSTA,autoaprovada,aprovada,"42,48",0
CON00286,PED004641,2025-01-02,CLI04633,LOJ0030,3,95.27,item_faltante,"O pedido chegou incompleto, faltou parte da compra.",0,86,1,2,1,,respondida,autoaprovada,aprovada,62.50,0
CON00287,PED001754,2025-01-04,CLI12663,LOJ0283,7,"R$ 72,62",produto_avariado,O produto chegou danificado dentro da sacola.,0,2161,0,6,0,,sem resposta,autoaprovada,aprovada,65.18,0
CON00288,PED004793,2025-01-14,CLI05693,LOJ0416,7,"42,51",pedido_incorreto,Entregaram outro item no lugar do que comprei.,1,134,1,7,0,,respondida,revisao_manual,aprovada,25.61,0
CON00289,PED004561,30/01/2025,CLI01134,LOJ0371,3,62.06,pedido_incorreto,Entregaram outro item no lugar do que comprei.,1,1717,0,3,0,,SEM RESPOSTA,autoaprovada,aprovada,55.58,0
CON00290,PED004180,2025-01-07,CLI15015,LOJ0358,2,93.16,item_faltante,Não recebi todos os itens que estavam na nota.,1,1949,0,1,0,,respondida,revisao_manual,aprovada,56.92,0
CON00291,PED002885,2025-01-11,CLI06247,LOJ0083,2,98.38,item_faltante,Não recebi todos os itens que estavam na nota.,1,1577,1,1,0,,sem_resposta,negada_ou_retirada,negada,0.00,0
CON00292,PED009192,2025-01-29,CLI09065,LOJ0009,3,85.33,nao_entregue,"O aplicativo marcou como entregue, mas não recebi o pedido.",1,2035,1,3,0,,respondida,revisao_manual,aprovada,"76,30",0
CON00293,PED003838,2025-01-23,CLI05958,LOJ0128,7,163.35,qualidade,A comida chegou fria e com qualidade abaixo do esperado.,0,688,2,3,0,,sem resposta,autoaprovada,aprovada,138.52,0
CON00294,PED005623,2025-01-31,CLI17446,LOJ0245,7,108.27,item_faltante,"O pedido chegou incompleto, faltou parte da compra.",0,778,4,5,0,,respondida,autoaprovada,aprovada,62.59,0
CON00295,PED002847,30/01/2025,CLI06386,LOJ0017,2,"86,74",pedido_incorreto,O pedido veio errado e preciso corrigir a cobrança.,0,1945,6,1,0,,respondida,autoaprovada,aprovada,"R$ 50,96",0
CON00296,PED002466,2025-01-29,CLI11190,LOJ0050,2,116.83,qualidade,A qualidade não correspondeu ao que foi anunciado.,0,1866,2,1,0,,respondida,revisao_manual,aprovada,88.30,0
CON00297,PED008569,2025-01-15,CLI03478,LOJ0390,6,103.23,produto_avariado,O item vazou durante a entrega e não dava para consumir.,0,135,4,3,0,,respondida,autoaprovada,aprovada,94.80,0
CON00298,PED001993,2025-01-10,CLI10728,LOJ0371,3,"R$ 100,89",produto_avariado,A embalagem chegou aberta e o produto estava avariado.,1,1418,0,2,0,,sem_resposta,autoaprovada,aprovada,69.24,0
CON00299,PED005765,2025-01-23,CLI10504,LOJ0419,2,73.17,item_faltante,"O pedido chegou incompleto, faltou parte da compra.",1,29,0,1,1,,respondida,autoaprovada,aprovada,"65,54",1
CON00300,PED007769,2025-01-17,CLI13128,LOJ0188,2,87.53,NAO ENTREGUE,"O aplicativo marcou como entregue, mas não recebi o pedido.",0,1811,1,1,0,GRP052,respondida,negada_ou_retirada,retirada,0.00,0
CON00301,PED002673,30/01/2025,CLI14824,LOJ0123,5,105.14,qualidade,A qualidade não correspondeu ao que foi anunciado.,1,2311,1,2,0,,respondida,autoaprovada,aprovada,101.07,0
CON00302,PED005860,2025-01-11,CLI07661,LOJ0431,5,"72,86",item_faltante,"O pedido chegou incompleto, faltou parte da compra.",1,208,1,4,0,,respondida,negada_ou_retirada,negada,0.00,0
CON00303,PED000325,2025-01-30,CLI13446,LOJ0232,4,89.78,qualidade,A comida chegou fria e com qualidade abaixo do esperado.,1,712,4,2,0,,respondida,autoaprovada,aprovada,74.03,1
CON00304,PED008158,2025-01-27,CLI00347,LOJ0141,2,129.13,item_faltante,"O pedido chegou incompleto, faltou parte da compra.",1,2191,2,1,0,,respondida,autoaprovada,aprovada,69.82,0
CON00305,PED001380,2025-01-28,CLI05426,LOJ0242,7,69.59,item_faltante,Faltou um item do pedido e a loja não respondeu.,1,1575,0,6,0,,respondida,autoaprovada,aprovada,55.14,0
CON00306,PED009142,2025-01-04,CLI00133,LOJ0054,3,54.08,pedido_incorreto,Entregaram outro item no lugar do que comprei.,1,2348,0,2,0,,SEM RESPOSTA,revisao_manual,negada,"R$ 0,00",0
CON00307,PED000219,04/01/2025,CLI06617,LOJ0064,2,88.34,item_faltante,"O pedido chegou incompleto, faltou parte da compra.",0,1982,0,1,0,GRP036,respondida,autoaprovada,aprovada,40.94,0
CON00308,PED002778,2025-01-03,CLI09618,LOJ0122,3,85.13,pedido_incorreto,Entregaram outro item no lugar do que comprei.,1,397,0,3,0,,sem resposta,autoaprovada,aprovada,71.83,0
CON00309,PED007188,2025-01-20,CLI15331,LOJ0021,2,"R$ 53,67",qualidade,O produto estava com aparência ruim quando chegou.,0,733,1,1,0,,respondida,negada_ou_retirada,negada,0.00,0
CON00310,PED008431,2025-01-29,CLI13465,LOJ0095,2,92.52,item_faltante,Faltou um item do pedido e a loja não respondeu.,1,1393,0,1,0,,respondida,autoaprovada,aprovada,56.47,0
CON00311,PED006713,2025-01-07,CLI02834,LOJ0148,2,90.06,pedido_incorreto,Recebi produtos diferentes do que selecionei.,0,1920,0,1,0,,respondida,autoaprovada,aprovada,59.46,0
CON00312,PED003027,2025-01-22,CLI16007,LOJ0430,3,196.04,nao_entregue,"O aplicativo marcou como entregue, mas não recebi o pedido.",0,39,1,2,0,,SEM RESPOSTA,revisao_manual,negada,0.00,0
CON00313,PED007749,08/01/2025,CLI10528,LOJ0223,6,40.22,pedido_incorreto,Recebi produtos diferentes do que selecionei.,1,767,1,6,0,,respondida,revisao_manual,negada,"0,00",0
CON00314,PED005952,2025-01-12,CLI09637,LOJ0098,6,56.56,item_faltante,"O pedido chegou incompleto, faltou parte da compra.",0,1742,3,4,1,,respondida,autoaprovada,aprovada,41.52,0
CON00315,PED004370,2025-01-27,CLI07279,LOJ0056,6,98.33,pedido_incorreto,Entregaram outro item no lugar do que comprei.,1,154,1,3,1,,respondida,autoaprovada,aprovada,66.75,0
CON00316,PED007999,2025-01-11,CLI09713,LOJ0406,6,"61,38",pedido_incorreto,O pedido veio errado e preciso corrigir a cobrança.,1,1033,1,1,0,,sem_resposta,autoaprovada,aprovada,29.76,0
CON00317,PED007211,2025-01-16,CLI16778,LOJ0266,6,71.12,produto_avariado,O produto chegou danificado dentro da sacola.,0,1428,0,6,0,,respondida,autoaprovada,aprovada,"R$ 59,21",0
CON00318,PED006414,2025-01-26,CLI06464,LOJ0386,2,85.73,pedido_incorreto,Entregaram outro item no lugar do que comprei.,1,1786,0,1,0,,respondida,revisao_manual,negada,0.00,0
CON00319,PED007977,05/01/2025,CLI14153,LOJ0376,6,91.38,nao_entregue,O pedido não chegou no endereço informado.,1,715,1,3,0,,sem resposta,autoaprovada,aprovada,69.34,0
CON00320,PED005619,2025-01-13,CLI00006,LOJ0374,7,"R$ 73,54",item_faltante,Não recebi todos os itens que estavam na nota.,1,2186,0,7,1,,sem_resposta,autoaprovada,aprovada,"57,35",0
CON00321,PED002922,2025-01-15,CLI13589,LOJ0114,7,81.73,nao_entregue,"O aplicativo marcou como entregue, mas não recebi o pedido.",1,1869,1,5,0,,SEM RESPOSTA,autoaprovada,aprovada,73.79,0
CON00322,PED008378,2025-01-22,CLI02400,LOJ0233,3,93.87,item_faltante,"O pedido chegou incompleto, faltou parte da compra.",1,824,6,1,0,,respondida,autoaprovada,aprovada,62.40,0
CON00323,PED003120,2025-01-26,CLI02680,LOJ0126,2,"128,02",ITEM FALTANTE,"O pedido chegou incompleto, faltou parte da compra.",0,1780,1,2,0,,respondida,revisao_manual,aprovada,117.85,0
CON00324,PED006997,2025-01-06,CLI07235,LOJ0109,2,98.87,item_faltante,Não recebi todos os itens que estavam na nota.,1,1576,1,2,1,,respondida,autoaprovada,aprovada,71.79,1
CON00325,PED006895,26/01/2025,CLI02213,LOJ0004,5,68.45,item_faltante,Não recebi todos os itens que estavam na nota.,0,1618,0,3,0,,respondida,autoaprovada,aprovada,39.85,0
CON00326,PED004999,2025-01-07,CLI01961,LOJ0132,7,81.61,pedido_incorreto,O pedido veio errado e preciso corrigir a cobrança.,1,241,1,3,0,,sem resposta,autoaprovada,aprovada,48.48,0
CON00327,PED006156,2025-01-11,CLI15491,LOJ0318,7,72.22,item_faltante,Faltou um item do pedido e a loja não respondeu.,0,1468,0,7,0,,respondida,autoaprovada,aprovada,"64,95",0
CON00328,PED007700,2025-01-25,CLI11953,LOJ0217,6,103.15,item_faltante,"O pedido chegou incompleto, faltou parte da compra.",0,588,0,6,0,,SEM RESPOSTA,autoaprovada,aprovada,"R$ 86,02",0
CON00329,PED001662,2025-01-15,CLI10338,LOJ0164,3,132.02,pedido_incorreto,Entregaram outro item no lugar do que comprei.,1,680,1,1,0,GRP009,respondida,autoaprovada,aprovada,100.99,0
CON00330,PED008693,2025-01-13,CLI07829,LOJ0142,6,"134,19",item_faltante,Faltou um item do pedido e a loja não respondeu.,1,37,0,1,0,,sem_resposta,autoaprovada,aprovada,111.14,0
CON00331,PED006941,22/01/2025,CLI08055,LOJ0051,6,"R$ 105,28",item_faltante,"O pedido chegou incompleto, faltou parte da compra.",1,1876,1,4,1,,sem resposta,autoaprovada,aprovada,99.12,0
CON00332,PED002835,2025-01-19,CLI12390,LOJ0141,4,135.79,item_faltante,Faltou um item do pedido e a loja não respondeu.,1,541,0,1,0,,respondida,autoaprovada,aprovada,112.21,0
CON00333,PED008323,2025-01-22,CLI06652,LOJ0141,5,107.70,pedido_incorreto,Recebi produtos diferentes do que selecionei.,1,2110,0,4,1,GRP111,respondida,autoaprovada,aprovada,94.44,1
CON00334,PED005946,2025-01-31,CLI17478,LOJ0128,3,75.54,item_faltante,"O pedido chegou incompleto, faltou parte da compra.",0,971,0,1,0,GRP037,sem_resposta,autoaprovada,aprovada,"66,73",0
CON00335,PED001456,2025-01-28,CLI03538,LOJ0446,5,137.77,produto_avariado,O item vazou durante a entrega e não dava para consumir.,0,1171,2,4,0,,SEM RESPOSTA,autoaprovada,aprovada,30.64,0
CON00336,PED002963,2025-01-12,CLI09351,LOJ0078,3,78.85,nao_entregue,"Consta entrega concluída, porém nada foi recebido.",1,817,1,1,0,,sem resposta,revisao_manual,negada,0.00,0
CON00337,PED008093,25/01/2025,CLI02138,LOJ0376,2,"91,07",nao_entregue,"O aplicativo marcou como entregue, mas não recebi o pedido.",0,1468,1,2,0,,respondida,autoaprovada,aprovada,65.26,1
CON00338,PED007253,2025-01-23,CLI13210,LOJ0083,2,173.40,produto_avariado,A embalagem chegou aberta e o produto estava avariado.,1,2026,2,1,0,GRP044,respondida,autoaprovada,aprovada,144.00,0
CON00339,PED005924,2025-01-14,CLI08466,LOJ0444,6,73.21,produto_avariado,O produto chegou danificado dentro da sacola.,0,1106,1,6,0,,SEM RESPOSTA,negada_ou_retirada,retirada,"R$ 0,00",0
CON00340,PED001249,2025-01-16,CLI15058,LOJ0250,2,176.05,item_faltante,Faltou um item do pedido e a loja não respondeu.,1,116,1,1,0,,respondida,autoaprovada,aprovada,138.58,0
CON00341,PED001898,2025-01-01,CLI03071,LOJ0169,4,121.81,item_faltante,Faltou um item do pedido e a loja não respondeu.,1,2343,1,1,0,,sem_resposta,autoaprovada,aprovada,"94,44",0
CON00342,PED003316,2025-01-10,CLI04259,LOJ0320,6,"R$ 116,37",item_faltante,"O pedido chegou incompleto, faltou parte da compra.",0,154,0,1,0,,respondida,autoaprovada,aprovada,85.83,0
CON00343,PED006776,24/01/2025,CLI10684,LOJ0001,3,115.05,produto_avariado,A embalagem chegou aberta e o produto estava avariado.,0,2267,0,2,0,,respondida,negada_ou_retirada,negada,0.00,0
CON00344,PED006875,2025-01-28,CLI13161,LOJ0209,4,"184,23",pedido_incorreto,Recebi produtos diferentes do que selecionei.,0,405,1,2,0,,sem resposta,autoaprovada,aprovada,176.80,0
CON00345,PED007974,2025-01-23,CLI09902,LOJ0197,5,83.70,item_faltante,"O pedido chegou incompleto, faltou parte da compra.",1,1787,0,5,0,,respondida,autoaprovada,aprovada,40.67,0
CON00346,PED001240,2025-01-16,CLI12297,LOJ0015,2,43.91,PEDIDO INCORRETO,Entregaram outro item no lugar do que comprei.,1,63,2,1,0,GRP055,respondida,negada_ou_retirada,negada,0.00,0
CON00347,PED008576,2025-01-23,CLI15164,LOJ0257,7,108.64,pedido_incorreto,Recebi produtos diferentes do que selecionei.,0,105,1,6,0,,respondida,autoaprovada,aprovada,63.76,0
CON00348,PED008067,2025-01-10,CLI03555,LOJ0228,7,110.41,qualidade,O produto estava com aparência ruim quando chegou.,0,834,0,2,0,,sem_resposta,autoaprovada,aprovada,"105,72",0
CON00349,PED003981,29/01/2025,CLI00223,LOJ0398,5,71.98,pedido_incorreto,O pedido veio errado e preciso corrigir a cobrança.,1,950,1,4,0,,SEM RESPOSTA,autoaprovada,aprovada,43.46,0
CON00350,PED003006,2025-01-22,CLI05316,LOJ0240,5,64.63,produto_avariado,O produto chegou danificado dentro da sacola.,1,2275,0,5,0,,respondida,autoaprovada,aprovada,"R$ 45,91",0
CON00351,PED003373,2025-01-10,CLI00229,LOJ0255,2,"73,75",item_faltante,Não recebi todos os itens que estavam na nota.,0,105,0,1,1,,respondida,autoaprovada,aprovada,44.30,0
CON00352,PED005234,2025-01-13,CLI01421,LOJ0259,7,94.43,item_faltante,Faltou um item do pedido e a loja não respondeu.,0,672,0,4,0,,sem resposta,autoaprovada,aprovada,82.44,0
CON00353,PED007961,2025-01-30,CLI06554,LOJ0049,7,"R$ 46,71",pedido_incorreto,O pedido veio errado e preciso corrigir a cobrança.,1,1180,0,4,0,,SEM RESPOSTA,negada_ou_retirada,negada,0.00,0
CON00354,PED003371,2025-01-14,CLI04863,LOJ0387,2,93.20,produto_avariado,O produto chegou danificado dentro da sacola.,1,324,0,1,0,,respondida,autoaprovada,aprovada,49.42,0
CON00355,PED007040,25/01/2025,CLI16534,LOJ0262,2,106.60,qualidade,A qualidade não correspondeu ao que foi anunciado.,1,832,1,1,0,,respondida,autoaprovada,aprovada,"20,88",0
CON00356,PED005248,2025-01-01,CLI09377,LOJ0346,3,100.85,item_faltante,Faltou um item do pedido e a loja não respondeu.,1,1876,1,1,1,,respondida,autoaprovada,aprovada,63.04,1
CON00357,PED009197,2025-01-14,CLI06724,LOJ0428,6,124.00,nao_entregue,"Consta entrega concluída, porém nada foi recebido.",1,1415,1,5,0,,respondida,autoaprovada,aprovada,59.70,0
CON00358,PED006074,2025-01-26,CLI12995,LOJ0384,2,"85,81",item_faltante,Não recebi todos os itens que estavam na nota.,0,1014,0,1,0,,sem_resposta,autoaprovada,aprovada,52.56,0
CON00359,PED002681,2025-01-27,CLI05355,LOJ0368,6,129.05,item_faltante,Faltou um item do pedido e a loja não respondeu.,1,12,0,1,0,,sem resposta,revisao_manual,aprovada,111.12,0
CON00360,PED003531,2025-01-27,CLI16332,LOJ0320,7,53.23,qualidade,A comida chegou fria e com qualidade abaixo do esperado.,1,377,0,7,0,,respondida,negada_ou_retirada,negada,0.00,0
CON00361,PED008883,30/01/2025,CLI15066,LOJ0319,7,133.25,produto_avariado,O item vazou durante a entrega e não dava para consumir.,0,1079,1,6,1,,respondida,autoaprovada,aprovada,"R$ 120,88",1
CON00362,PED006051,2025-01-31,CLI00241,LOJ0114,2,81.04,item_faltante,"O pedido chegou incompleto, faltou parte da compra.",1,2048,0,1,0,,respondida,autoaprovada,aprovada,"45,01",0
CON00363,PED007893,2025-01-02,CLI03845,LOJ0296,7,75.49,item_faltante,"O pedido chegou incompleto, faltou parte da compra.",0,409,0,1,0,,respondida,revisao_manual,aprovada,44.07,0
CON00364,PED004387,2025-01-31,CLI07111,LOJ0355,7,"R$ 141,09",item_faltante,Faltou um item do pedido e a loja não respondeu.,1,884,1,4,1,,sem_resposta,autoaprovada,aprovada,122.30,1
CON00365,PED000207,2025-01-27,CLI15595,LOJ0185,5,"37,39",item_faltante,"O pedido chegou incompleto, faltou parte da compra.",1,213,2,1,0,,SEM RESPOSTA,autoaprovada,aprovada,18.89,0
CON00366,PED006903,2025-01-23,CLI16923,LOJ0182,2,147.19,item_faltante,"O pedido chegou incompleto, faltou parte da compra.",0,2098,0,1,0,GRP021,respondida,revisao_manual,negada,0.00,0
CON00367,PED008095,30/01/2025,CLI07666,LOJ0207,4,81.20,pedido_incorreto,Entregaram outro item no lugar do que comprei.,1,1637,0,4,0,,respondida,autoaprovada,aprovada,50.09,0
CON00368,PED003035,2025-01-10,CLI01775,LOJ0415,6,77.68,produto_avariado,O produto chegou danificado dentro da sacola.,0,751,2,4,0,,respondida,autoaprovada,aprovada,57.84,0
CON00369,PED000430,2025-01-09,CLI04343,LOJ0423,2,101.52,ITEM FALTANTE,"O pedido chegou incompleto, faltou parte da compra.",1,294,1,1,0,,sem resposta,autoaprovada,aprovada,"79,73",0
CON00370,PED004837,2025-01-14,CLI02127,LOJ0093,6,119.01,item_faltante,Faltou um item do pedido e a loja não respondeu.,1,1742,0,6,0,,SEM RESPOSTA,autoaprovada,aprovada,101.42,0
CON00371,PED000252,2025-01-06,CLI15553,LOJ0108,2,122.01,item_faltante,"O pedido chegou incompleto, faltou parte da compra.",1,1110,0,1,0,,respondida,autoaprovada,aprovada,54.52,0
CON00372,PED006753,2025-01-19,CLI16981,LOJ0065,5,"84,43",item_faltante,"O pedido chegou incompleto, faltou parte da compra.",0,525,0,4,0,,respondida,negada_ou_retirada,negada,"R$ 0,00",0
CON00373,PED007222,30/01/2025,CLI08429,LOJ0159,3,83.03,pedido_incorreto,Entregaram outro item no lugar do que comprei.,1,1908,1,1,0,GRP107,sem_resposta,autoaprovada,aprovada,64.66,0
CON00374,PED005646,2025-01-09,CLI02471,LOJ0346,6,138.27,produto_avariado,A embalagem chegou aberta e o produto estava avariado.,1,649,2,3,0,,sem resposta,autoaprovada,aprovada,105.42,0
CON00375,PED008003,2025-01-23,CLI13491,LOJ0301,4,"R$ 81,12",item_faltante,Não recebi todos os itens que estavam na nota.,1,14,1,2,0,,respondida,revisao_manual,aprovada,44.25,0
CON00376,PED001243,2025-01-09,CLI07821,LOJ0068,5,153.88,pedido_incorreto,O pedido veio errado e preciso corrigir a cobrança.,1,22,0,3,0,,respondida,autoaprovada,aprovada,"101,01",0
CON00377,PED006692,2025-01-10,CLI01189,LOJ0256,5,173.46,item_faltante,"O pedido chegou incompleto, faltou parte da compra.",1,520,2,1,0,,sem_resposta,autoaprovada,aprovada,150.63,0
CON00378,PED000782,2025-01-02,CLI17523,LOJ0205,5,79.49,item_faltante,Não recebi todos os itens que estavam na nota.,1,907,0,4,0,,respondida,revisao_manual,aprovada,56.23,0
CON00379,PED008964,20/01/2025,CLI05357,LOJ0425,2,"78,47",item_faltante,Faltou um item do pedido e a loja não respondeu.,1,187,5,1,0,,respondida,autoaprovada,aprovada,43.93,0
CON00380,PED004079,2025-01-04,CLI16499,LOJ0323,7,125.01,pedido_incorreto,O pedido veio errado e preciso corrigir a cobrança.,1,528,1,7,0,,respondida,autoaprovada,aprovada,118.04,0
CON00381,PED007504,2025-01-07,CLI00668,LOJ0145,4,34.43,qualidade,A qualidade não correspondeu ao que foi anunciado.,0,834,0,1,0,,respondida,negada_ou_retirada,negada,0.00,0
CON00382,PED000213,2025-01-03,CLI02730,LOJ0289,2,98.81,item_faltante,"O pedido chegou incompleto, faltou parte da compra.",1,332,0,1,1,,respondida,autoaprovada,aprovada,70.06,1
CON00383,PED001598,2025-01-18,CLI09048,LOJ0331,2,121.03,item_faltante,Faltou um item do pedido e a loja não respondeu.,1,157,1,1,0,,respondida,autoaprovada,aprovada,"R$ 79,61",0
CON00384,PED009013,2025-01-01,CLI05666,LOJ0327,6,68.13,item_faltante,Não recebi todos os itens que estavam na nota.,1,742,1,4,1,,respondida,negada_ou_retirada,negada,0.00,0
CON00385,PED001255,25/01/2025,CLI04747,LOJ0350,2,145.05,pedido_incorreto,Entregaram outro item no lugar do que comprei.,1,1637,2,2,0,,respondida,autoaprovada,aprovada,137.10,0
CON00386,PED002033,2025-01-02,CLI02800,LOJ0424,4,"R$ 103,55",pedido_incorreto,Entregaram outro item no lugar do que comprei.,1,1927,1,1,0,,respondida,autoaprovada,aprovada,67.24,0
CON00387,PED007730,2025-01-11,CLI16402,LOJ0290,6,168.78,produto_avariado,O item vazou durante a entrega e não dava para consumir.,1,898,0,1,0,,respondida,revisao_manual,negada,0.00,0
CON00388,PED007275,2025-01-15,CLI06284,LOJ0109,5,74.02,item_faltante,"O pedido chegou incompleto, faltou parte da compra.",1,1063,0,2,0,,SEM RESPOSTA,autoaprovada,aprovada,47.51,0
CON00389,PED003721,2025-01-21,CLI17457,LOJ0354,2,104.07,item_faltante,Não recebi todos os itens que estavam na nota.,1,1132,2,1,0,,respondida,revisao_manual,aprovada,45.76,0
CON00390,PED002426,2025-01-14,CLI00444,LOJ0429,6,88.02,produto_avariado,A embalagem chegou aberta e o produto estava avariado.,0,2355,0,4,0,,respondida,autoaprovada,aprovada,"32,39",0
CON00391,PED004566,21/01/2025,CLI01942,LOJ0126,2,100.43,produto_avariado,O produto chegou danificado dentro da sacola.,1,1424,0,1,0,GRP071,respondida,autoaprovada,aprovada,47.50,0
CON00392,PED009116,2025-01-20,CLI16085,LOJ0385,7,105.59,ITEM FALTANTE,Faltou um item do pedido e a loja não respondeu.,0,770,0,4,0,,sem resposta,autoaprovada,aprovada,100.60,0
CON00393,PED002969,2025-01-19,CLI16049,LOJ0274,6,"82,82",pedido_incorreto,O pedido veio errado e preciso corrigir a cobrança.,1,1880,0,4,0,,respondida,revisao_manual,negada,0.00,0
CON00394,PED008745,2025-01-27,CLI11560,LOJ0296,2,197.02,pedido_incorreto,O pedido veio errado e preciso corrigir a cobrança.,1,1332,1,2,0,,respondida,autoaprovada,aprovada,"R$ 109,73",1
CON00395,PED004955,2025-01-19,CLI10694,LOJ0058,2,34.73,item_faltante,Não recebi todos os itens que estavam na nota.,0,1956,0,2,0,,SEM RESPOSTA,revisao_manual,negada,0.00,0
CON00396,PED008128,2025-01-07,CLI08147,LOJ0372,7,86.95,item_faltante,Não recebi todos os itens que estavam na nota.,0,2284,1,6,0,GRP077,respondida,autoaprovada,aprovada,42.81,0
CON00397,PED000356,27/01/2025,CLI13185,LOJ0196,4,"R$ 139,33",qualidade,A qualidade não correspondeu ao que foi anunciado.,0,287,1,2,0,,respondida,revisao_manual,aprovada,"117,83",0
CON00398,PED001266,2025-01-06,CLI14286,LOJ0331,3,163.23,pedido_incorreto,Recebi produtos diferentes do que selecionei.,1,1991,0,1,0,,respondida,revisao_manual,negada,0.00,0
CON00399,PED008939,2025-01-12,CLI02830,LOJ0414,7,84.67,qualidade,O produto estava com aparência ruim quando chegou.,0,1347,1,3,0,GRP029,respondida,autoaprovada,aprovada,66.18,0
CON00400,PED007782,2025-01-01,CLI16305,LOJ0203,7,"106,05",nao_entregue,O pedido não chegou no endereço informado.,1,1357,0,7,0,,respondida,autoaprovada,aprovada,82.63,0
CON00401,PED006527,2025-01-30,CLI06906,LOJ0077,3,118.06,item_faltante,"O pedido chegou incompleto, faltou parte da compra.",0,1223,1,2,0,,respondida,autoaprovada,aprovada,80.28,0
CON00402,PED003001,2025-01-14,CLI06671,LOJ0064,2,33.11,qualidade,,0,1157,0,1,0,,respondida,negada_ou_retirada,negada,0.00,0
CON00403,PED001094,06/01/2025,CLI05619,LOJ0206,5,77.31,item_faltante,Faltou um item do pedido e a loja não respondeu.,1,2276,0,4,0,,respondida,autoaprovada,aprovada,50.36,0
CON00404,PED002861,2025-01-03,CLI05987,LOJ0292,7,36.13,qualidade,A comida chegou fria e com qualidade abaixo do esperado.,1,2353,0,5,0,,respondida,negada_ou_retirada,negada,"0,00",0
CON00405,PED005341,2025-01-02,CLI14846,LOJ0342,6,113.22,pedido_incorreto,Entregaram outro item no lugar do que comprei.,1,429,0,5,1,,respondida,autoaprovada,aprovada,"R$ 60,40",1
CON00406,PED002740,2025-01-15,CLI01220,LOJ0130,4,125.24,nao_entregue,O pedido não chegou no endereço informado.,1,2101,0,3,1,,respondida,autoaprovada,aprovada,38.32,0
CON00407,PED000189,2025-01-25,CLI05157,LOJ0041,3,"105,03",produto_avariado,A embalagem chegou aberta e o produto estava avariado.,1,1465,0,1,0,,respondida,autoaprovada,aprovada,100.16,0
CON00408,PED005637,2025-01-31,CLI01831,LOJ0267,6,"R$ 113,87",item_faltante,"O pedido chegou incompleto, faltou parte da compra.",1,904,0,4,0,,respondida,autoaprovada,aprovada,94.55,0
CON00409,PED000714,23/01/2025,CLI04814,LOJ0130,7,85.88,item_faltante,Não recebi todos os itens que estavam na nota.,1,918,1,2,1,,respondida,autoaprovada,aprovada,54.71,1
CON00410,PED005285,2025-01-01,CLI08340,LOJ0411,3,58.03,qualidade,A comida chegou fria e com qualidade abaixo do esperado.,0,1025,0,1,0,,respondida,autoaprovada,aprovada,23.67,0
CON00411,PED008935,2025-01-19,CLI12754,LOJ0272,4,140.17,item_faltante,"O pedido chegou incompleto, faltou parte da compra.",0,1783,1,1,0,,respondida,revisao_manual,aprovada,"74,54",0
CON00412,PED006977,2025-01-30,CLI02572,LOJ0208,4,24.67,item_faltante,Faltou um item do pedido e a loja não respondeu.,1,1939,1,3,0,,respondida,negada_ou_retirada,negada,0.00,0
CON00413,PED004603,2025-01-09,CLI04899,LOJ0341,2,129.73,qualidade,A comida chegou fria e com qualidade abaixo do esperado.,1,1202,0,1,0,,respondida,revisao_manual,aprovada,68.41,0
CON00414,PED002072,2025-01-27,CLI04397,LOJ0367,4,"98,94",item_faltante,Não recebi todos os itens que estavam na nota.,1,253,0,3,0,,respondida,autoaprovada,aprovada,65.27,0
CON00415,PED008812,27/01/2025,CLI04170,LOJ0280,7,100.51,PRODUTO AVARIADO,O item vazou durante a entrega e não dava para consumir.,1,1544,1,3,0,GRP045,sem_resposta,autoaprovada,aprovada,57.67,0
CON00416,PED001868,2025-01-06,CLI01812,LOJ0145,4,88.47,qualidade,O produto estava com aparência ruim quando chegou.,1,1530,1,2,1,,sem resposta,revisao_manual,negada,"R$ 0,00",0
CON00417,PED008124,2025-01-13,CLI14929,LOJ0147,3,107.17,item_faltante,"O pedido chegou incompleto, faltou parte da compra.",1,131,1,2,0,,sem_resposta,autoaprovada,aprovada,39.65,0
CON00418,PED005960,2025-01-20,CLI13265,LOJ0104,7,95.04,item_faltante,Não recebi todos os itens que estavam na nota.,1,589,0,3,0,,SEM RESPOSTA,autoaprovada,aprovada,"25,68",0
CON00419,PED008775,2025-01-29,CLI00297,LOJ0281,7,"R$ 68,75",pedido_incorreto,Entregaram outro item no lugar do que comprei.,0,753,4,6,0,,respondida,autoaprovada,aprovada,44.16,0
CON00420,PED004870,2025-01-28,CLI02845,LOJ0182,6,111.71,item_faltante,Não recebi todos os itens que estavam na nota.,0,2207,0,5,0,,respondida,revisao_manual,negada,0.00,0
CON00421,PED001178,31/01/2025,CLI03709,LOJ0271,4,"100,63",pedido_incorreto,Entregaram outro item no lugar do que comprei.,1,2239,0,1,0,,respondida,autoaprovada,aprovada,92.92,0
CON00422,PED007908,2025-01-27,CLI16071,LOJ0243,3,106.82,pedido_incorreto,Recebi produtos diferentes do que selecionei.,1,1755,1,1,0,,sem resposta,autoaprovada,aprovada,73.18,0
CON00423,PED003593,2025-01-20,CLI02811,LOJ0311,2,65.69,item_faltante,"O pedido chegou incompleto, faltou parte da compra.",1,738,0,1,0,,respondida,autoaprovada,aprovada,48.17,0
CON00424,PED006487,2025-01-18,CLI04949,LOJ0196,3,139.04,nao_entregue,O pedido não chegou no endereço informado.,1,2345,0,3,0,,respondida,autoaprovada,aprovada,131.23,1
CON00425,PED005045,2025-01-20,CLI03371,LOJ0396,4,51.01,produto_avariado,O produto chegou danificado dentro da sacola.,0,796,0,2,0,,SEM RESPOSTA,negada_ou_retirada,negada,"0,00",0
CON00426,PED003960,2025-01-20,CLI10196,LOJ0312,5,152.83,item_faltante,"O pedido chegou incompleto, faltou parte da compra.",1,1405,1,2,1,,respondida,autoaprovada,aprovada,132.52,1
CON00427,PED007451,27/01/2025,CLI04751,LOJ0137,2,96.86,item_faltante,"O pedido chegou incompleto, faltou parte da compra.",0,1134,0,2,0,,respondida,autoaprovada,aprovada,"R$ 69,64",0
CON00428,PED002179,2025-01-16,CLI11571,LOJ0387,4,"84,58",item_faltante,Faltou um item do pedido e a loja não respondeu.,1,308,1,2,1,GRP052,sem_resposta,negada_ou_retirada,negada,0.00,0
CON00429,PED004695,2025-01-12,CLI08426,LOJ0003,7,90.40,item_faltante,"O pedido chegou incompleto, faltou parte da compra.",0,1454,0,1,0,,respondida,revisao_manual,aprovada,55.91,1
CON00430,PED002484,2025-01-12,CLI14976,LOJ0085,7,"R$ 88,28",pedido_incorreto,Entregaram outro item no lugar do que comprei.,0,2137,2,5,0,,sem resposta,autoaprovada,aprovada,63.32,1
CON00431,PED002721,2025-01-17,CLI09907,LOJ0447,7,67.76,produto_avariado,A embalagem chegou aberta e o produto estava avariado.,1,1812,0,6,0,GRP051,respondida,negada_ou_retirada,negada,0.00,0
CON00432,PED003825,2025-01-27,CLI03615,LOJ0329,4,123.15,qualidade,A comida chegou fria e com qualidade abaixo do esperado.,1,2296,2,1,0,,respondida,revisao_manual,aprovada,"49,41",0
CON00433,PED000551,21/01/2025,CLI13140,LOJ0336,7,57.45,pedido_incorreto,Entregaram outro item no lugar do que comprei.,1,1735,1,7,0,,respondida,negada_ou_retirada,negada,0.00,0
CON00434,PED001042,2025-01-21,CLI00818,LOJ0264,6,67.94,produto_avariado,A embalagem chegou aberta e o produto estava avariado.,1,1699,2,1,0,,respondida,negada_ou_retirada,retirada,0.00,0
CON00435,PED000007,2025-01-26,CLI15051,LOJ0445,2,"51,27",pedido_incorreto,Recebi produtos diferentes do que selecionei.,1,984,2,1,0,,sem_resposta,negada_ou_retirada,negada,0.00,0
CON00436,PED003170,2025-01-17,CLI17358,LOJ0382,6,154.38,item_faltante,Faltou um item do pedido e a loja não respondeu.,1,979,2,6,0,,SEM RESPOSTA,autoaprovada,aprovada,128.38,1
CON00437,PED006103,2025-01-17,CLI09567,LOJ0072,6,234.86,qualidade,O produto estava com aparência ruim quando chegou.,1,1603,1,2,0,,respondida,autoaprovada,aprovada,99.61,0
CON00438,PED003033,2025-01-22,CLI06291,LOJ0407,4,101.56,ITEM FALTANTE,"O pedido chegou incompleto, faltou parte da compra.",1,1720,0,4,0,,sem resposta,negada_ou_retirada,retirada,"R$ 0,00",0
CON00439,PED004728,07/01/2025,CLI14915,LOJ0221,4,80.34,item_faltante,"O pedido chegou incompleto, faltou parte da compra.",0,346,0,1,0,,respondida,autoaprovada,aprovada,"54,55",0
CON00440,PED004413,2025-01-20,CLI14370,LOJ0393,5,95.30,nao_entregue,"O aplicativo marcou como entregue, mas não recebi o pedido.",1,557,1,2,0,,respondida,autoaprovada,aprovada,34.45,0
CON00441,PED000472,2025-01-26,CLI04622,LOJ0270,2,"R$ 133,73",pedido_incorreto,O pedido veio errado e preciso corrigir a cobrança.,1,2204,0,1,0,,respondida,autoaprovada,aprovada,99.81,0
CON00442,PED007124,2025-01-28,CLI13823,LOJ0030,7,"111,40",pedido_incorreto,Recebi produtos diferentes do que selecionei.,1,1629,0,4,0,,respondida,autoaprovada,aprovada,84.62,0
CON00443,PED009124,2025-01-20,CLI12452,LOJ0347,6,58.33,nao_entregue,"O aplicativo marcou como entregue, mas não recebi o pedido.",1,1428,0,4,0,,SEM RESPOSTA,autoaprovada,aprovada,23.25,0
CON00444,PED007079,2025-01-22,CLI13044,LOJ0107,7,39.16,pedido_incorreto,O pedido veio errado e preciso corrigir a cobrança.,1,1039,1,1,0,,respondida,autoaprovada,aprovada,32.50,0
CON00445,PED007588,26/01/2025,CLI03669,LOJ0179,4,95.40,produto_avariado,O produto chegou danificado dentro da sacola.,1,751,2,3,0,,sem_resposta,autoaprovada,aprovada,73.49,0
CON00446,PED008449,2025-01-25,CLI15419,LOJ0214,5,143.04,produto_avariado,O produto chegou danificado dentro da sacola.,1,669,0,4,0,,respondida,autoaprovada,aprovada,"112,55",0
CON00447,PED004897,2025-01-22,CLI01361,LOJ0226,4,108.55,item_faltante,Faltou um item do pedido e a loja não respondeu.,1,1297,1,1,1,,respondida,autoaprovada,aprovada,87.04,0
CON00448,PED004821,2025-01-31,CLI07471,LOJ0119,5,69.96,pedido_incorreto,Recebi produtos diferentes do que selecionei.,0,1191,0,3,0,,sem resposta,autoaprovada,aprovada,57.85,0
CON00449,PED004380,2025-01-29,CLI17886,LOJ0427,7,"107,18",qualidade,A qualidade não correspondeu ao que foi anunciado.,0,1317,0,7,0,,sem_resposta,negada_ou_retirada,retirada,"R$ 0,00",0
CON00450,PED007048,2025-01-02,CLI12022,LOJ0018,6,143.55,pedido_incorreto,Recebi produtos diferentes do que selecionei.,1,1840,0,6,0,,SEM RESPOSTA,negada_ou_retirada,negada,0.00,0
CON00451,PED008670,12/01/2025,CLI05804,LOJ0389,2,88.27,pedido_incorreto,O pedido veio errado e preciso corrigir a cobrança.,0,2024,2,2,0,GRP052,respondida,autoaprovada,aprovada,79.25,1
CON00452,PED000943,2025-01-11,CLI03314,LOJ0110,5,"R$ 58,16",produto_avariado,A embalagem chegou aberta e o produto estava avariado.,0,1050,0,4,0,,respondida,negada_ou_retirada,retirada,0.00,0
CON00453,PED003243,2025-01-04,CLI12956,LOJ0351,7,34.52,pedido_incorreto,Recebi produtos diferentes do que selecionei.,0,907,1,6,0,,respondida,negada_ou_retirada,retirada,"0,00",0
CON00454,PED001774,2025-01-17,CLI14385,LOJ0260,7,83.09,item_faltante,Faltou um item do pedido e a loja não respondeu.,1,987,0,3,0,,respondida,autoaprovada,aprovada,60.35,0
CON00455,PED006138,2025-01-11,CLI10022,LOJ0232,2,157.41,item_faltante,Não recebi todos os itens que estavam na nota.,1,2014,0,1,0,,respondida,negada_ou_retirada,negada,0.00,0
CON00456,PED007279,2025-01-19,CLI04093,LOJ0350,2,"62,01",item_faltante,Não recebi todos os itens que estavam na nota.,0,998,1,1,0,,respondida,autoaprovada,aprovada,26.92,0
CON00457,PED008018,30/01/2025,CLI16685,LOJ0425,4,95.35,nao_entregue,O pedido não chegou no endereço informado.,0,655,0,3,0,,sem resposta,autoaprovada,aprovada,60.73,0
CON00458,PED003306,2025-01-26,CLI02497,LOJ0136,2,79.93,item_faltante,Faltou um item do pedido e a loja não respondeu.,1,1886,0,1,0,,respondida,autoaprovada,aprovada,65.16,0
CON00459,PED003714,2025-01-12,CLI06929,LOJ0158,3,79.65,pedido_incorreto,Entregaram outro item no lugar do que comprei.,1,1558,2,2,0,,SEM RESPOSTA,negada_ou_retirada,negada,0.00,0
CON00460,PED002876,2025-01-17,CLI17476,LOJ0218,6,72.96,pedido_incorreto,Recebi produtos diferentes do que selecionei.,1,584,0,2,0,GRP058,sem_resposta,revisao_manual,negada,"R$ 0,00",0
CON00461,PED007261,2025-01-17,CLI07122,LOJ0232,3,112.86,PRODUTO AVARIADO,O item vazou durante a entrega e não dava para consumir.,1,945,2,2,0,,respondida,autoaprovada,aprovada,76.50,0
CON00462,PED005310,2025-01-28,CLI03121,LOJ0039,2,105.57,qualidade,A comida chegou fria e com qualidade abaixo do esperado.,0,1440,0,2,0,,respondida,revisao_manual,aprovada,97.17,0
CON00463,PED007059,25/01/2025,CLI02318,LOJ0193,4,"R$ 76,27",item_faltante,Não recebi todos os itens que estavam na nota.,0,2288,2,3,0,,respondida,autoaprovada,aprovada,41.15,0
CON00464,PED003459,2025-01-29,CLI14154,LOJ0243,6,63.93,pedido_incorreto,Recebi produtos diferentes do que selecionei.,1,1515,1,5,0,,respondida,revisao_manual,aprovada,40.57,0
CON00465,PED003385,2025-01-13,CLI02135,LOJ0264,4,114.01,nao_entregue,O pedido não chegou no endereço informado.,1,1064,0,3,0,,respondida,revisao_manual,negada,0.00,0
CON00466,PED001158,2025-01-24,CLI05110,LOJ0242,7,101.34,pedido_incorreto,O pedido veio errado e preciso corrigir a cobrança.,1,1925,1,5,0,,sem resposta,autoaprovada,aprovada,73.27,0
CON00467,PED003883,2025-01-31,CLI14565,LOJ0401,6,46.34,produto_avariado,O item vazou durante a entrega e não dava para consumir.,1,492,1,1,0,GRP097,respondida,negada_ou_retirada,negada,"0,00",0
CON00468,PED007866,2025-01-02,CLI11773,LOJ0158,2,60.68,item_faltante,Faltou um item do pedido e a loja não respondeu.,1,1111,0,1,0,,respondida,autoaprovada,aprovada,33.46,0
CON00469,PED006591,21/01/2025,CLI12082,LOJ0393,2,95.97,item_faltante,Não recebi todos os itens que estavam na nota.,1,1441,1,1,0,,respondida,autoaprovada,aprovada,61.88,0
CON00470,PED001925,2025-01-07,CLI13757,LOJ0441,7,"99,34",pedido_incorreto,Entregaram outro item no lugar do que comprei.,1,704,6,1,0,,sem_resposta,autoaprovada,aprovada,75.99,1
CON00471,PED008325,2025-01-31,CLI07256,LOJ0409,5,78.84,item_faltante,Não recebi todos os itens que estavam na nota.,1,855,1,1,0,,respondida,negada_ou_retirada,negada,"R$ 0,00",0
CON00472,PED005550,2025-01-16,CLI03796,LOJ0333,2,79.69,item_faltante,Não recebi todos os itens que estavam na nota.,0,1386,1,1,0,,respondida,autoaprovada,aprovada,39.67,0
CON00473,PED005109,2025-01-13,CLI12911,LOJ0397,2,65.94,qualidade,A qualidade não correspondeu ao que foi anunciado.,1,111,0,1,1,,SEM RESPOSTA,negada_ou_retirada,negada,0.00,0
CON00474,PED002266,2025-01-04,CLI00627,LOJ0052,6,"R$ 107,33",qualidade,A qualidade não correspondeu ao que foi anunciado.,1,1210,1,1,0,,respondida,autoaprovada,aprovada,"82,57",0
CON00475,PED000849,11/01/2025,CLI11029,LOJ0093,2,101.35,item_faltante,Faltou um item do pedido e a loja não respondeu.,1,1098,1,1,0,,respondida,revisao_manual,aprovada,96.35,0
CON00476,PED003582,2025-01-25,CLI04576,LOJ0387,3,82.67,pedido_incorreto,Entregaram outro item no lugar do que comprei.,1,1051,1,2,1,,respondida,revisao_manual,aprovada,28.48,0
CON00477,PED008266,2025-01-28,CLI14174,LOJ0332,4,"94,62",qualidade,A comida chegou fria e com qualidade abaixo do esperado.,1,1785,0,2,0,,respondida,negada_ou_retirada,retirada,0.00,0
CON00478,PED002454,2025-01-25,CLI12042,LOJ0332,4,96.62,qualidade,A qualidade não correspondeu ao que foi anunciado.,0,1116,0,3,0,,respondida,autoaprovada,aprovada,87.16,0
CON00479,PED005319,2025-01-18,CLI02557,LOJ0233,2,110.35,produto_avariado,A embalagem chegou aberta e o produto estava avariado.,1,2286,0,2,0,,sem resposta,autoaprovada,aprovada,78.32,1
CON00480,PED001434,2025-01-06,CLI03543,LOJ0277,2,38.46,produto_avariado,A embalagem chegou aberta e o produto estava avariado.,1,604,1,1,0,,respondida,negada_ou_retirada,negada,0.00,0
CON00481,PED001973,11/01/2025,CLI17019,LOJ0390,2,97.34,qualidade,A qualidade não correspondeu ao que foi anunciado.,1,235,3,2,0,,respondida,autoaprovada,aprovada,"52,15",0
CON00482,PED003994,2025-01-14,CLI03105,LOJ0162,7,32.54,pedido_incorreto,Recebi produtos diferentes do que selecionei.,1,1891,1,6,0,,respondida,revisao_manual,negada,"R$ 0,00",0
CON00483,PED001276,2025-01-01,CLI13708,LOJ0182,2,100.36,produto_avariado,A embalagem chegou aberta e o produto estava avariado.,0,1278,1,1,1,,respondida,autoaprovada,aprovada,67.94,0
CON00484,PED007726,2025-01-25,CLI15131,LOJ0303,2,"82,52",QUALIDADE,O produto estava com aparência ruim quando chegou.,0,1872,4,1,0,,SEM RESPOSTA,negada_ou_retirada,retirada,0.00,0
CON00485,PED008564,2025-01-19,CLI13039,LOJ0161,7,"R$ 86,31",qualidade,A qualidade não correspondeu ao que foi anunciado.,1,886,0,6,0,,respondida,autoaprovada,aprovada,48.71,0
CON00486,PED001171,2025-01-08,CLI11369,LOJ0432,7,115.27,pedido_incorreto,Entregaram outro item no lugar do que comprei.,0,87,0,5,0,,respondida,autoaprovada,aprovada,102.88,0
CON00487,PED005040,27/01/2025,CLI12795,LOJ0075,2,61.95,item_faltante,Não recebi todos os itens que estavam na nota.,1,395,0,1,0,,sem_resposta,revisao_manual,aprovada,39.75,1
CON00488,PED001197,2025-01-17,CLI02700,LOJ0298,7,125.50,nao_entregue,"O aplicativo marcou como entregue, mas não recebi o pedido.",0,1301,0,6,0,,sem resposta,revisao_manual,aprovada,"56,62",0
CON00489,PED001504,2025-01-30,CLI17278,LOJ0255,6,96.95,item_faltante,"O pedido chegou incompleto, faltou parte da compra.",1,2396,1,1,0,,respondida,autoaprovada,aprovada,59.90,0
CON00490,PED002741,2025-01-12,CLI11743,LOJ0140,7,78.53,qualidade,A qualidade não correspondeu ao que foi anunciado.,0,28,2,6,1,,respondida,autoaprovada,aprovada,46.17,0
CON00491,PED000268,2025-01-16,CLI12038,LOJ0406,2,"85,17",qualidade,A comida chegou fria e com qualidade abaixo do esperado.,0,601,1,1,0,,respondida,autoaprovada,aprovada,40.52,0
CON00492,PED005114,2025-01-08,CLI05362,LOJ0154,6,77.40,produto_avariado,O produto chegou danificado dentro da sacola.,1,1506,1,4,0,,sem_resposta,autoaprovada,aprovada,51.54,0
CON00493,PED007841,16/01/2025,CLI00076,LOJ0394,3,78.59,item_faltante,Não recebi todos os itens que estavam na nota.,0,1317,0,2,0,,respondida,autoaprovada,aprovada,"R$ 72,25",0
CON00494,PED004820,2025-01-13,CLI01053,LOJ0159,5,81.68,item_faltante,Faltou um item do pedido e a loja não respondeu.,0,1756,0,4,0,,respondida,autoaprovada,aprovada,70.41,1
CON00495,PED003130,2025-01-12,CLI07983,LOJ0440,4,58.50,nao_entregue,"O aplicativo marcou como entregue, mas não recebi o pedido.",1,1395,0,4,1,,SEM RESPOSTA,negada_ou_retirada,negada,"0,00",0
CON00496,PED004916,2025-01-10,CLI06259,LOJ0169,5,"R$ 100,02",pedido_incorreto,Recebi produtos diferentes do que selecionei.,1,1811,1,3,0,,sem resposta,autoaprovada,aprovada,89.08,0
CON00497,PED006311,2025-01-12,CLI17092,LOJ0053,5,106.04,item_faltante,"O pedido chegou incompleto, faltou parte da compra.",0,2285,2,4,0,,SEM RESPOSTA,autoaprovada,aprovada,72.97,0
CON00498,PED004529,2025-01-03,CLI17415,LOJ0125,7,"82,12",qualidade,O produto estava com aparência ruim quando chegou.,1,1475,0,7,0,,sem_resposta,revisao_manual,negada,0.00,0
CON00499,PED009031,01/01/2025,CLI00878,LOJ0167,3,121.45,nao_entregue,"Consta entrega concluída, porém nada foi recebido.",1,2380,2,2,0,,respondida,autoaprovada,aprovada,110.83,0
CON00500,PED005979,2025-01-22,CLI10687,LOJ0205,2,49.10,pedido_incorreto,O pedido veio errado e preciso corrigir a cobrança.,0,2293,1,1,0,,respondida,revisao_manual,negada,0.00,0
CON00501,PED002232,2025-01-19,CLI06369,LOJ0051,5,117.37,item_faltante,Faltou um item do pedido e a loja não respondeu.,1,858,1,3,1,,respondida,autoaprovada,aprovada,82.98,0
CON00502,PED007535,2025-01-12,CLI07408,LOJ0407,6,113.56,pedido_incorreto,Recebi produtos diferentes do que selecionei.,1,2030,1,1,1,GRP094,respondida,autoaprovada,aprovada,"87,55",1
CON00503,PED001432,2025-01-15,CLI15121,LOJ0138,2,150.18,item_faltante,Faltou um item do pedido e a loja não respondeu.,0,1368,1,1,0,,respondida,autoaprovada,aprovada,132.55,0
CON00504,PED002718,2025-01-18,CLI07072,LOJ0132,7,113.65,qualidade,A qualidade não correspondeu ao que foi anunciado.,1,576,0,1,0,,respondida,autoaprovada,aprovada,"R$ 96,00",0
CON00505,PED007147,31/01/2025,CLI13116,LOJ0346,2,"67,78",produto_avariado,O produto chegou danificado dentro da sacola.,1,2316,1,1,0,,respondida,revisao_manual,aprovada,40.46,0
CON00506,PED008757,2025-01-18,CLI13146,LOJ0309,5,64.36,nao_entregue,"O aplicativo marcou como entregue, mas não recebi o pedido.",0,710,1,4,0,,respondida,negada_ou_retirada,negada,0.00,0
CON00507,PED007313,2025-01-25,CLI13337,LOJ0152,7,"R$ 34,21",QUALIDADE,O produto estava com aparência ruim quando chegou.,0,111,1,2,0,,sem resposta,revisao_manual,negada,0.00,0
CON00508,PED005111,2025-01-04,CLI10823,LOJ0046,7,84.62,produto_avariado,O item vazou durante a entrega e não dava para consumir.,1,15,0,1,0,,respondida,autoaprovada,aprovada,32.82,0
CON00509,PED003745,2025-01-08,CLI06432,LOJ0101,6,132.05,pedido_incorreto,O pedido veio errado e preciso corrigir a cobrança.,1,439,3,2,0,,respondida,autoaprovada,aprovada,"94,37",0
CON00510,PED002950,2025-01-31,CLI11602,LOJ0039,2,100.22,pedido_incorreto,Recebi produtos diferentes do que selecionei.,1,1853,0,1,0,,sem_resposta,revisao_manual,negada,0.00,0
CON00511,PED007401,07/01/2025,CLI11742,LOJ0029,6,71.64,item_faltante,Não recebi todos os itens que estavam na nota.,1,1771,0,1,0,,respondida,autoaprovada,aprovada,48.14,0
CON00512,PED002845,2025-01-12,CLI05363,LOJ0159,4,"101,38",item_faltante,Faltou um item do pedido e a loja não respondeu.,1,1614,2,4,0,,respondida,negada_ou_retirada,negada,0.00,0
CON00513,PED006663,2025-01-29,CLI14780,LOJ0113,5,95.10,item_faltante,"O pedido chegou incompleto, faltou parte da compra.",0,1554,0,3,0,,respondida,autoaprovada,aprovada,73.39,0
CON00514,PED003102,2025-01-04,CLI07658,LOJ0388,2,132.32,item_faltante,"O pedido chegou incompleto, faltou parte da compra.",1,306,2,1,0,,respondida,autoaprovada,aprovada,113.96,0
CON00515,PED000988,2025-01-04,CLI15470,LOJ0143,5,101.45,item_faltante,"O pedido chegou incompleto, faltou parte da compra.",1,2047,1,1,0,,SEM RESPOSTA,autoaprovada,aprovada,"R$ 79,04",0
CON00516,PED002918,2025-01-22,CLI07342,LOJ0254,2,81.56,produto_avariado,O item vazou durante a entrega e não dava para consumir.,1,1932,2,2,0,GRP033,sem resposta,autoaprovada,aprovada,"50,58",1
CON00517,PED008762,07/01/2025,CLI14432,LOJ0221,2,95.19,item_faltante,Não recebi todos os itens que estavam na nota.,0,1379,1,1,0,,respondida,autoaprovada,aprovada,74.89,0
CON00518,PED004468,2025-01-12,CLI14123,LOJ0359,2,"R$ 73,29",qualidade,A comida chegou fria e com qualidade abaixo do esperado.,1,1695,0,2,0,,respondida,negada_ou_retirada,negada,0.00,0
CON00519,PED008989,2025-01-24,CLI16758,LOJ0271,7,"80,21",pedido_incorreto,Entregaram outro item no lugar do que comprei.,0,1986,0,2,0,,SEM RESPOSTA,autoaprovada,aprovada,33.82,0
CON00520,PED005054,2025-01-15,CLI15112,LOJ0170,4,89.05,pedido_incorreto,Recebi produtos diferentes do que selecionei.,0,1441,0,1,0,GRP114,respondida,autoaprovada,aprovada,62.01,0
CON00521,PED003247,2025-01-12,CLI15554,LOJ0341,5,101.68,produto_avariado,O produto chegou danificado dentro da sacola.,1,1776,2,5,0,,respondida,autoaprovada,aprovada,86.88,0
CON00522,PED008905,2025-01-26,CLI04116,LOJ0264,7,249.93,nao_entregue,"Consta entrega concluída, porém nada foi recebido.",0,785,0,7,0,,sem_resposta,autoaprovada,aprovada,238.37,1
CON00523,PED002467,28/01/2025,CLI05671,LOJ0156,2,121.06,item_faltante,Faltou um item do pedido e a loja não respondeu.,0,1485,0,1,1,,respondida,autoaprovada,aprovada,"88,50",1
CON00524,PED007759,2025-01-21,CLI07050,LOJ0252,7,67.44,item_faltante,"O pedido chegou incompleto, faltou parte da compra.",1,235,1,3,0,,respondida,autoaprovada,aprovada,27.73,0
CON00525,PED001505,2025-01-22,CLI11395,LOJ0247,6,98.69,nao_entregue,O pedido não chegou no endereço informado.,1,1500,0,6,0,,respondida,autoaprovada,aprovada,93.57,1
CON00526,PED004674,2025-01-19,CLI13055,LOJ0116,4,"140,31",qualidade,A comida chegou fria e com qualidade abaixo do esperado.,0,146,1,2,0,,sem resposta,autoaprovada,aprovada,"R$ 102,98",0
CON00527,PED000610,2025-01-05,CLI00901,LOJ0358,4,111.59,nao_entregue,"O aplicativo marcou como entregue, mas não recebi o pedido.",0,863,1,1,0,,sem_resposta,autoaprovada,aprovada,68.09,0
CON00528,PED006508,2025-01-23,CLI16439,LOJ0233,4,112.52,qualidade,A qualidade não correspondeu ao que foi anunciado.,1,881,2,1,0,,SEM RESPOSTA,autoaprovada,aprovada,44.50,0
CON00529,PED004244,27/01/2025,CLI12289,LOJ0074,3,"R$ 133,60",pedido_incorreto,Recebi produtos diferentes do que selecionei.,0,452,0,3,0,,respondida,autoaprovada,aprovada,102.31,0
CON00530,PED008056,2025-01-25,CLI03839,LOJ0360,6,88.66,PRODUTO AVARIADO,A embalagem chegou aberta e o produto estava avariado.,0,1595,2,3,0,GRP110,sem resposta,autoaprovada,aprovada,"56,51",0
CON00531,PED005892,2025-01-25,CLI11727,LOJ0051,2,107.78,qualidade,A comida chegou fria e com qualidade abaixo do esperado.,0,303,0,1,0,,respondida,negada_ou_retirada,negada,0.00,0
CON00532,PED008718,2025-01-16,CLI06607,LOJ0167,5,114.61,item_faltante,Faltou um item do pedido e a loja não respondeu.,1,2197,0,4,1,,respondida,autoaprovada,aprovada,88.05,1
CON00533,PED000718,2025-01-28,CLI10097,LOJ0125,5,"125,24",produto_avariado,A embalagem chegou aberta e o produto estava avariado.,1,230,2,4,0,GRP071,respondida,autoaprovada,aprovada,117.08,0
CON00534,PED005645,2025-01-18,CLI07766,LOJ0319,3,150.71,pedido_incorreto,Entregaram outro item no lugar do que comprei.,1,875,2,1,0,GRP049,respondida,autoaprovada,aprovada,66.37,0
CON00535,PED000209,23/01/2025,CLI15512,LOJ0106,2,27.31,item_faltante,Faltou um item do pedido e a loja não respondeu.,1,176,2,1,0,,respondida,negada_ou_retirada,retirada,0.00,0
CON00536,PED006461,2025-01-24,CLI03872,LOJ0338,4,109.48,nao_entregue,O pedido não chegou no endereço informado.,1,647,3,4,0,,respondida,autoaprovada,aprovada,74.36,0
CON00537,PED004308,2025-01-12,CLI04897,LOJ0334,2,74.31,pedido_incorreto,Recebi produtos diferentes do que selecionei.,1,691,1,1,0,,respondida,negada_ou_retirada,negada,"R$ 0,00",0
CON00538,PED004693,2025-01-04,CLI11580,LOJ0400,4,97.66,item_faltante,Faltou um item do pedido e a loja não respondeu.,1,2254,0,3,0,,respondida,autoaprovada,aprovada,68.26,0
CON00539,PED001656,2025-01-15,CLI11755,LOJ0437,3,53.16,item_faltante,"O pedido chegou incompleto, faltou parte da compra.",1,1146,1,2,0,,respondida,autoaprovada,aprovada,35.00,0
CON00540,PED006980,2025-01-04,CLI03742,LOJ0214,3,"R$ 67,37",produto_avariado,O produto chegou danificado dentro da sacola.,1,271,0,1,0,,SEM RESPOSTA,autoaprovada,aprovada,41.32,0
CON00541,PED007419,19/01/2025,CLI03607,LOJ0222,5,71.21,qualidade,O produto estava com aparência ruim quando chegou.,0,352,2,2,1,,respondida,autoaprovada,aprovada,61.78,1
CON00542,PED001969,2025-01-19,CLI01658,LOJ0114,3,114.17,nao_entregue,"O aplicativo marcou como entregue, mas não recebi o pedido.",1,785,0,3,0,,respondida,autoaprovada,aprovada,94.72,0
CON00543,PED006910,2025-01-14,CLI15688,LOJ0111,3,109.67,nao_entregue,"O aplicativo marcou como entregue, mas não recebi o pedido.",1,518,0,1,0,,sem_resposta,autoaprovada,aprovada,27.55,0
CON00544,PED008607,2025-01-18,CLI01542,LOJ0343,7,184.45,qualidade,A comida chegou fria e com qualidade abaixo do esperado.,1,1218,1,5,0,,sem resposta,revisao_manual,negada,"0,00",0
CON00545,PED006975,2025-01-25,CLI06084,LOJ0344,6,77.91,qualidade,A qualidade não correspondeu ao que foi anunciado.,0,256,0,4,0,,sem_resposta,autoaprovada,aprovada,37.37,0
CON00546,PED005249,2025-01-03,CLI07847,LOJ0176,2,53.73,item_faltante,"O pedido chegou incompleto, faltou parte da compra.",1,434,1,1,0,,SEM RESPOSTA,autoaprovada,aprovada,34.99,0
CON00547,PED008554,10/01/2025,CLI10034,LOJ0095,2,"115,67",pedido_incorreto,Recebi produtos diferentes do que selecionei.,1,1994,1,1,0,,sem resposta,autoaprovada,aprovada,96.25,0
CON00548,PED005268,2025-01-15,CLI05200,LOJ0448,2,88.32,item_faltante,Não recebi todos os itens que estavam na nota.,1,1888,2,2,0,,respondida,autoaprovada,aprovada,"R$ 26,70",0
CON00549,PED008154,2025-01-11,CLI16189,LOJ0305,5,146.88,item_faltante,Faltou um item do pedido e a loja não respondeu.,0,1747,0,4,0,,SEM RESPOSTA,autoaprovada,aprovada,115.87,0
CON00550,PED004632,2025-01-22,CLI00301,LOJ0115,4,73.10,pedido_incorreto,Entregaram outro item no lugar do que comprei.,1,18,1,3,0,,sem_resposta,autoaprovada,aprovada,65.99,1
CON00551,PED001838,2025-01-28,CLI06624,LOJ0275,3,"R$ 140,47",pedido_incorreto,Recebi produtos diferentes do que selecionei.,1,404,1,1,0,,sem resposta,autoaprovada,aprovada,"108,65",0
CON00552,PED004548,2025-01-11,CLI10485,LOJ0387,2,89.35,produto_avariado,O produto chegou danificado dentro da sacola.,1,2174,0,2,0,,sem_resposta,autoaprovada,aprovada,74.65,0
CON00553,PED004879,03/01/2025,CLI11266,LOJ0299,5,63.63,QUALIDADE,A qualidade não correspondeu ao que foi anunciado.,1,1234,0,5,0,,SEM RESPOSTA,autoaprovada,aprovada,43.40,0
CON00554,PED001512,2025-01-09,CLI00544,LOJ0405,4,"113,75",pedido_incorreto,Recebi produtos diferentes do que selecionei.,1,1714,0,2,0,GRP054,respondida,autoaprovada,aprovada,76.73,0
CON00555,PED003594,2025-01-26,CLI06281,LOJ0366,7,67.68,item_faltante,Faltou um item do pedido e a loja não respondeu.,0,878,1,6,1,,sem resposta,autoaprovada,aprovada,29.89,0
CON00556,PED004202,2025-01-02,CLI14902,LOJ0050,4,99.83,item_faltante,Faltou um item do pedido e a loja não respondeu.,0,1663,0,1,1,,SEM RESPOSTA,autoaprovada,aprovada,61.90,0
CON00557,PED000917,2025-01-04,CLI14570,LOJ0007,3,82.03,nao_entregue,O pedido não chegou no endereço informado.,0,1018,0,2,0,,respondida,autoaprovada,aprovada,48.47,0
CON00558,PED004021,2025-01-23,CLI07685,LOJ0206,3,131.37,pedido_incorreto,Recebi produtos diferentes do que selecionei.,1,1276,1,2,0,,sem_resposta,autoaprovada,aprovada,"108,99",0
CON00559,PED002525,02/01/2025,CLI11263,LOJ0097,4,111.09,item_faltante,Não recebi todos os itens que estavam na nota.,0,201,0,3,1,,respondida,autoaprovada,aprovada,"R$ 102,41",0
CON00560,PED008975,2025-01-18,CLI16110,LOJ0024,7,76.47,nao_entregue,O pedido não chegou no endereço informado.,1,1590,0,4,0,,respondida,autoaprovada,aprovada,72.27,0
CON00561,PED001291,2025-01-08,CLI01987,LOJ0424,6,"48,38",item_faltante,Faltou um item do pedido e a loja não respondeu.,0,1083,0,5,0,,respondida,negada_ou_retirada,retirada,0.00,0
CON00562,PED002245,2025-01-23,CLI07685,LOJ0114,7,"R$ 167,57",item_faltante,Faltou um item do pedido e a loja não respondeu.,0,960,1,3,0,,sem resposta,autoaprovada,aprovada,163.10,1
CON00563,PED001362,2025-01-08,CLI01556,LOJ0110,7,126.46,qualidade,A qualidade não correspondeu ao que foi anunciado.,1,443,0,1,0,GRP002,respondida,negada_ou_retirada,negada,0.00,0
CON00564,PED003959,2025-01-27,CLI07913,LOJ0012,7,202.45,pedido_incorreto,O pedido veio errado e preciso corrigir a cobrança.,0,512,1,7,0,,sem_resposta,autoaprovada,aprovada,177.31,0
CON00565,PED008178,07/01/2025,CLI03927,LOJ0336,6,125.10,item_faltante,"O pedido chegou incompleto, faltou parte da compra.",0,1511,0,4,1,GRP059,respondida,autoaprovada,aprovada,"114,78",1
CON00566,PED008974,2025-01-16,CLI05243,LOJ0352,2,88.50,item_faltante,Não recebi todos os itens que estavam na nota.,1,1353,0,1,0,,respondida,revisao_manual,negada,0.00,0
CON00567,PED004259,2025-01-22,CLI03243,LOJ0297,2,88.17,nao_entregue,"O aplicativo marcou como entregue, mas não recebi o pedido.",1,498,1,1,0,,respondida,autoaprovada,aprovada,59.53,0
CON00568,PED003948,2025-01-21,CLI17941,LOJ0331,2,"68,10",pedido_incorreto,Recebi produtos diferentes do que selecionei.,1,737,0,1,0,GRP038,respondida,autoaprovada,aprovada,53.72,0
CON00569,PED006881,2025-01-13,CLI11785,LOJ0013,2,70.74,pedido_incorreto,Recebi produtos diferentes do que selecionei.,1,1844,2,1,0,,respondida,autoaprovada,aprovada,65.61,0
CON00570,PED003242,2025-01-12,CLI11599,LOJ0405,5,110.27,item_faltante,Não recebi todos os itens que estavam na nota.,0,641,0,4,0,,respondida,autoaprovada,aprovada,"R$ 80,73",1
CON00571,PED001685,01/01/2025,CLI13186,LOJ0248,2,47.16,item_faltante,Faltou um item do pedido e a loja não respondeu.,0,2378,0,1,0,,respondida,revisao_manual,negada,0.00,0
CON00572,PED006512,2025-01-26,CLI06453,LOJ0294,2,43.65,pedido_incorreto,Recebi produtos diferentes do que selecionei.,0,2116,0,1,0,,SEM RESPOSTA,negada_ou_retirada,negada,"0,00",0
CON00573,PED004633,2025-01-17,CLI05553,LOJ0180,4,"R$ 91,77",item_faltante,"O pedido chegou incompleto, faltou parte da compra.",1,1510,0,3,1,,respondida,negada_ou_retirada,negada,0.00,0
CON00574,PED008028,2025-01-09,CLI12724,LOJ0266,2,104.77,pedido_incorreto,O pedido veio errado e preciso corrigir a cobrança.,1,2015,0,1,0,,sem resposta,autoaprovada,aprovada,42.97,0
CON00575,PED008399,2025-01-04,CLI07859,LOJ0044,5,"69,38",pedido_incorreto,O pedido veio errado e preciso corrigir a cobrança.,1,2066,0,2,0,,SEM RESPOSTA,autoaprovada,aprovada,39.28,0
CON00576,PED002009,2025-01-30,CLI05425,LOJ0277,5,110.13,NAO ENTREGUE,"O aplicativo marcou como entregue, mas não recebi o pedido.",1,473,1,4,0,,respondida,autoaprovada,aprovada,75.40,0
CON00577,PED001346,30/01/2025,CLI09378,LOJ0076,2,53.25,qualidade,A comida chegou fria e com qualidade abaixo do esperado.,1,1313,2,1,0,,respondida,autoaprovada,aprovada,27.59,0
CON00578,PED006277,2025-01-17,CLI15195,LOJ0084,4,133.41,pedido_incorreto,Recebi produtos diferentes do que selecionei.,0,813,2,1,0,,respondida,autoaprovada,aprovada,122.21,0
CON00579,PED000810,2025-01-13,CLI01790,LOJ0250,3,85.23,qualidade,A qualidade não correspondeu ao que foi anunciado.,1,1440,0,1,0,GRP088,respondida,revisao_manual,negada,"0,00",0
CON00580,PED000299,2025-01-31,CLI08614,LOJ0436,3,121.75,qualidade,O produto estava com aparência ruim quando chegou.,1,2355,0,1,0,GRP018,sem_resposta,autoaprovada,aprovada,105.66,0
CON00581,PED002880,2025-01-08,CLI10478,LOJ0058,2,86.80,pedido_incorreto,Recebi produtos diferentes do que selecionei.,0,2016,2,1,0,,respondida,autoaprovada,aprovada,"R$ 50,17",0
CON00582,PED006497,2025-01-18,CLI00025,LOJ0276,3,"74,59",pedido_incorreto,Entregaram outro item no lugar do que comprei.,0,1269,1,1,0,,respondida,autoaprovada,aprovada,44.72,0
CON00583,PED007377,15/01/2025,CLI09576,LOJ0272,6,91.03,item_faltante,"O pedido chegou incompleto, faltou parte da compra.",1,431,0,6,0,,respondida,autoaprovada,aprovada,49.54,0
CON00584,PED001673,2025-01-25,CLI04589,LOJ0049,5,"R$ 87,85",pedido_incorreto,Entregaram outro item no lugar do que comprei.,1,2292,1,2,0,,respondida,autoaprovada,aprovada,46.57,0
CON00585,PED004160,2025-01-15,CLI10658,LOJ0016,4,150.56,produto_avariado,O item vazou durante a entrega e não dava para consumir.,1,1281,2,1,1,,sem resposta,autoaprovada,aprovada,76.77,1
CON00586,PED000095,2025-01-08,CLI11338,LOJ0371,3,84.42,qualidade,O produto estava com aparência ruim quando chegou.,0,2340,1,2,0,GRP079,sem_resposta,autoaprovada,aprovada,"57,42",0
CON00587,PED002274,2025-01-23,CLI02720,LOJ0219,4,53.77,pedido_incorreto,O pedido veio errado e preciso corrigir a cobrança.,0,2260,1,1,0,,respondida,revisao_manual,negada,0.00,0
CON00588,PED008149,2025-01-08,CLI08379,LOJ0425,2,52.02,nao_entregue,"Consta entrega concluída, porém nada foi recebido.",0,1638,0,1,0,,SEM RESPOSTA,revisao_manual,negada,0.00,0
CON00589,PED000012,17/01/2025,CLI04374,LOJ0414,5,"77,38",qualidade,A comida chegou fria e com qualidade abaixo do esperado.,1,714,2,1,0,GRP088,respondida,revisao_manual,aprovada,49.47,0
CON00590,PED009109,2025-01-24,CLI17552,LOJ0238,3,100.96,pedido_incorreto,O pedido veio errado e preciso corrigir a cobrança.,0,332,0,1,0,,respondida,autoaprovada,aprovada,83.58,1
CON00591,PED009009,2025-01-06,CLI06513,LOJ0264,3,95.76,pedido_incorreto,Recebi produtos diferentes do que selecionei.,0,2139,0,2,0,,sem resposta,autoaprovada,aprovada,47.02,0
CON00592,PED004909,2025-01-20,CLI01770,LOJ0164,6,106.04,item_faltante,"O pedido chegou incompleto, faltou parte da compra.",0,1612,1,1,0,,SEM RESPOSTA,revisao_manual,aprovada,"R$ 86,07",0
CON00593,PED003012,2025-01-21,CLI06542,LOJ0076,6,67.86,pedido_incorreto,Entregaram outro item no lugar do que comprei.,0,664,1,3,0,,respondida,autoaprovada,aprovada,"41,38",0
CON00594,PED005224,2025-01-13,CLI11574,LOJ0102,7,112.71,qualidade,A qualidade não correspondeu ao que foi anunciado.,1,2037,1,4,0,,sem_resposta,negada_ou_retirada,negada,0.00,0
CON00595,PED007148,24/01/2025,CLI13767,LOJ0274,5,"R$ 115,67",item_faltante,Não recebi todos os itens que estavam na nota.,1,1467,0,1,0,,respondida,autoaprovada,aprovada,105.60,0
CON00596,PED005024,2025-01-02,CLI03022,LOJ0171,3,"100,59",item_faltante,"O pedido chegou incompleto, faltou parte da compra.",0,661,2,2,0,,respondida,autoaprovada,aprovada,49.61,0
CON00597,PED004676,2025-01-05,CLI17745,LOJ0151,4,66.47,pedido_incorreto,Entregaram outro item no lugar do que comprei.,0,24,0,3,0,,respondida,autoaprovada,aprovada,34.85,0
CON00598,PED006175,2025-01-23,CLI05167,LOJ0304,7,58.28,item_faltante,Faltou um item do pedido e a loja não respondeu.,1,905,0,1,0,,respondida,negada_ou_retirada,retirada,0.00,0
CON00599,PED005063,2025-01-21,CLI15211,LOJ0430,7,77.29,ITEM FALTANTE,Faltou um item do pedido e a loja não respondeu.,1,2222,1,5,0,,sem resposta,autoaprovada,aprovada,57.66,0
CON00600,PED002145,2025-01-08,CLI00255,LOJ0197,5,87.56,pedido_incorreto,O pedido veio errado e preciso corrigir a cobrança.,1,1331,1,1,0,,sem_resposta,negada_ou_retirada,retirada,"0,00",0
CON00601,PED008962,28/01/2025,CLI13904,LOJ0026,5,172.71,produto_avariado,O item vazou durante a entrega e não dava para consumir.,1,2269,1,1,1,,SEM RESPOSTA,autoaprovada,aprovada,115.84,0
CON00602,PED001073,2025-01-04,CLI16945,LOJ0102,2,86.33,nao_entregue,"O aplicativo marcou como entregue, mas não recebi o pedido.",1,193,0,1,0,,sem resposta,negada_ou_retirada,negada,0.00,0
CON00603,PED009160,2025-01-20,CLI08735,LOJ0441,7,"91,60",produto_avariado,O item vazou durante a entrega e não dava para consumir.,1,1981,2,7,0,,SEM RESPOSTA,autoaprovada,aprovada,"R$ 59,97",0
CON00604,PED003532,2025-01-13,CLI09878,LOJ0242,6,147.90,qualidade,A comida chegou fria e com qualidade abaixo do esperado.,1,1582,1,2,0,,sem_resposta,autoaprovada,aprovada,80.60,1
CON00605,PED006324,2025-01-31,CLI05365,LOJ0208,2,89.95,produto_avariado,O item vazou durante a entrega e não dava para consumir.,1,1332,1,2,0,GRP102,respondida,autoaprovada,aprovada,55.17,0
CON00606,PED001626,2025-01-12,CLI04890,LOJ0279,7,"R$ 114,51",item_faltante,Faltou um item do pedido e a loja não respondeu.,0,554,0,2,0,,sem resposta,autoaprovada,aprovada,52.37,0
CON00607,PED003167,03/01/2025,CLI01424,LOJ0236,5,79.65,qualidade,A comida chegou fria e com qualidade abaixo do esperado.,1,1172,0,2,0,GRP096,respondida,revisao_manual,aprovada,"54,82",0
CON00608,PED006061,2025-01-23,CLI01240,LOJ0206,2,85.82,item_faltante,"O pedido chegou incompleto, faltou parte da compra.",1,2219,1,2,0,,respondida,negada_ou_retirada,negada,0.00,0
CON00609,PED002507,2025-01-24,CLI07916,LOJ0128,7,110.19,qualidade,A comida chegou fria e com qualidade abaixo do esperado.,0,1238,1,6,0,,respondida,autoaprovada,aprovada,92.28,0
CON00610,PED003124,2025-01-29,CLI05131,LOJ0309,6,"148,51",item_faltante,Não recebi todos os itens que estavam na nota.,0,2185,2,6,0,,sem_resposta,negada_ou_retirada,retirada,0.00,0
CON00611,PED007081,2025-01-18,CLI06454,LOJ0131,7,105.13,item_faltante,Não recebi todos os itens que estavam na nota.,1,1894,1,1,0,,respondida,autoaprovada,aprovada,81.34,0
CON00612,PED004501,2025-01-14,CLI17026,LOJ0315,5,76.93,item_faltante,Faltou um item do pedido e a loja não respondeu.,0,901,2,1,0,,respondida,autoaprovada,aprovada,56.28,0
CON00613,PED006523,04/01/2025,CLI01153,LOJ0165,7,74.88,qualidade,O produto estava com aparência ruim quando chegou.,1,1570,2,3,0,,respondida,autoaprovada,aprovada,41.20,0
CON00614,PED005023,2025-01-14,CLI11314,LOJ0254,5,142.70,nao_entregue,"Consta entrega concluída, porém nada foi recebido.",1,810,2,3,0,,respondida,autoaprovada,aprovada,"R$ 115,05",0
CON00615,PED008280,2025-01-26,CLI00497,LOJ0015,4,102.57,item_faltante,Faltou um item do pedido e a loja não respondeu.,1,1666,0,1,0,,SEM RESPOSTA,autoaprovada,aprovada,88.71,0
CON00616,PED005808,2025-01-20,CLI13771,LOJ0103,4,130.46,pedido_incorreto,Recebi produtos diferentes do que selecionei.,1,1038,0,4,0,GRP061,sem resposta,autoaprovada,aprovada,97.31,1
CON00617,PED005367,2025-01-30,CLI13278,LOJ0026,2,"R$ 115,64",item_faltante,"O pedido chegou incompleto, faltou parte da compra.",1,472,6,1,0,,respondida,autoaprovada,aprovada,30.53,0
CON00618,PED000542,2025-01-15,CLI00942,LOJ0271,5,101.37,item_faltante,Não recebi todos os itens que estavam na nota.,1,440,1,4,0,,respondida,autoaprovada,aprovada,64.14,0
CON00619,PED008000,06/01/2025,CLI17993,LOJ0260,7,66.58,pedido_incorreto,Entregaram outro item no lugar do que comprei.,0,953,1,5,0,,respondida,autoaprovada,aprovada,43.98,0
CON00620,PED007921,2025-01-25,CLI08946,LOJ0019,2,155.68,nao_entregue,"Consta entrega concluída, porém nada foi recebido.",1,1508,1,1,0,,SEM RESPOSTA,negada_ou_retirada,retirada,0.00,0
CON00621,PED002086,2025-01-28,CLI00547,LOJ0131,2,116.06,item_faltante,Faltou um item do pedido e a loja não respondeu.,1,1541,0,2,0,,sem_resposta,autoaprovada,aprovada,"94,18",0
CON00622,PED002431,2025-01-21,CLI02185,LOJ0090,7,88.86,ITEM FALTANTE,Não recebi todos os itens que estavam na nota.,1,779,1,7,1,,respondida,autoaprovada,aprovada,38.99,1
CON00623,PED004982,2025-01-12,CLI06137,LOJ0283,6,99.59,pedido_incorreto,O pedido veio errado e preciso corrigir a cobrança.,1,294,1,3,0,,sem resposta,autoaprovada,aprovada,66.09,0
CON00624,PED008450,2025-01-03,CLI14734,LOJ0147,6,"82,38",qualidade,A qualidade não correspondeu ao que foi anunciado.,0,1164,0,3,0,,respondida,negada_ou_retirada,retirada,0.00,0
CON00625,PED002306,29/01/2025,CLI13945,LOJ0005,4,112.06,item_faltante,"O pedido chegou incompleto, faltou parte da compra.",1,1013,1,1,0,,respondida,negada_ou_retirada,negada,"R$ 0,00",0
CON00626,PED004408,2025-01-17,CLI08187,LOJ0426,6,208.28,item_faltante,Faltou um item do pedido e a loja não respondeu.,0,1200,1,4,0,GRP019,sem_resposta,revisao_manual,aprovada,171.66,1
CON00627,PED006578,2025-01-02,CLI08251,LOJ0310,6,103.17,item_faltante,Faltou um item do pedido e a loja não respondeu.,1,322,0,1,1,,respondida,autoaprovada,aprovada,70.82,1
CON00628,PED004940,2025-01-20,CLI00126,LOJ0101,6,"R$ 84,00",nao_entregue,"O aplicativo marcou como entregue, mas não recebi o pedido.",0,2167,1,2,0,,respondida,revisao_manual,aprovada,"67,57",0
CON00629,PED009134,2025-01-16,CLI11502,LOJ0134,6,94.93,produto_avariado,A embalagem chegou aberta e o produto estava avariado.,1,897,1,4,0,,respondida,autoaprovada,aprovada,76.74,0
CON00630,PED002679,2025-01-08,CLI04049,LOJ0136,6,106.58,item_faltante,"O pedido chegou incompleto, faltou parte da compra.",0,681,1,5,0,,respondida,autoaprovada,aprovada,70.04,0
CON00631,PED000972,03/01/2025,CLI12929,LOJ0022,2,"96,32",produto_avariado,O item vazou durante a entrega e não dava para consumir.,1,116,0,1,0,,SEM RESPOSTA,autoaprovada,aprovada,65.40,0
CON00632,PED004702,2025-01-17,CLI00738,LOJ0071,4,80.06,pedido_incorreto,O pedido veio errado e preciso corrigir a cobrança.,0,2379,1,3,0,,sem resposta,autoaprovada,aprovada,44.04,0
CON00633,PED004010,2025-01-28,CLI11913,LOJ0133,2,71.36,qualidade,A comida chegou fria e com qualidade abaixo do esperado.,1,1166,0,2,0,,respondida,autoaprovada,aprovada,34.56,0
CON00634,PED007873,2025-01-05,CLI07017,LOJ0053,3,139.67,pedido_incorreto,O pedido veio errado e preciso corrigir a cobrança.,0,213,1,2,0,,SEM RESPOSTA,autoaprovada,aprovada,49.48,0
CON00635,PED008476,2025-01-14,CLI04092,LOJ0338,7,203.76,nao_entregue,"O aplicativo marcou como entregue, mas não recebi o pedido.",1,415,1,4,0,,sem_resposta,autoaprovada,aprovada,"168,73",0
CON00636,PED004003,2025-01-10,CLI07435,LOJ0041,5,76.40,pedido_incorreto,O pedido veio errado e preciso corrigir a cobrança.,0,750,1,2,0,,respondida,negada_ou_retirada,negada,"R$ 0,00",0
CON00637,PED002263,18/01/2025,CLI15951,LOJ0288,4,87.28,item_faltante,"O pedido chegou incompleto, faltou parte da compra.",1,775,0,2,1,,respondida,autoaprovada,aprovada,82.48,0
CON00638,PED009167,2025-01-30,CLI17489,LOJ0341,2,"83,49",pedido_incorreto,Recebi produtos diferentes do que selecionei.,1,2095,0,1,0,,respondida,autoaprovada,aprovada,28.95,0
CON00639,PED006332,2025-01-05,CLI09346,LOJ0174,5,"R$ 68,69",item_faltante,"O pedido chegou incompleto, faltou parte da compra.",0,2294,0,4,0,,respondida,autoaprovada,aprovada,56.79,0
CON00640,PED001206,2025-01-24,CLI14116,LOJ0396,3,127.02,pedido_incorreto,Entregaram outro item no lugar do que comprei.,1,994,0,1,0,,respondida,autoaprovada,aprovada,15.57,0
CON00641,PED002596,2025-01-07,CLI06202,LOJ0233,7,180.13,pedido_incorreto,Entregaram outro item no lugar do que comprei.,1,1734,0,5,0,GRP108,respondida,autoaprovada,aprovada,58.03,0
CON00642,PED008976,2025-01-20,CLI15283,LOJ0025,3,104.67,produto_avariado,O produto chegou danificado dentro da sacola.,1,691,0,1,1,,sem resposta,autoaprovada,aprovada,"82,50",0
CON00643,PED003067,11/01/2025,CLI04785,LOJ0028,4,61.16,item_faltante,Não recebi todos os itens que estavam na nota.,1,784,2,4,0,GRP017,sem_resposta,revisao_manual,aprovada,56.06,1
CON00644,PED008048,2025-01-08,CLI11557,LOJ0283,2,53.68,pedido_incorreto,Recebi produtos diferentes do que selecionei.,1,2372,2,1,0,,respondida,autoaprovada,aprovada,34.35,0
CON00645,PED003742,2025-01-29,CLI13611,LOJ0055,5,"84,40",ITEM FALTANTE,Não recebi todos os itens que estavam na nota.,1,345,0,2,0,,respondida,autoaprovada,aprovada,20.43,0
CON00646,PED002441,2025-01-05,CLI06447,LOJ0404,2,76.47,qualidade,O produto estava com aparência ruim quando chegou.,1,1385,0,1,0,,respondida,negada_ou_retirada,negada,0.00,0
CON00647,PED006568,2025-01-28,CLI11626,LOJ0014,7,84.72,pedido_incorreto,Entregaram outro item no lugar do que comprei.,1,1394,0,1,0,,respondida,autoaprovada,aprovada,"R$ 40,54",0
CON00648,PED004183,2025-01-31,CLI16870,LOJ0037,2,72.13,nao_entregue,"O aplicativo marcou como entregue, mas não recebi o pedido.",1,1174,1,2,1,,SEM RESPOSTA,negada_ou_retirada,negada,0.00,0
CON00649,PED001134,07/01/2025,CLI02435,LOJ0149,4,160.46,pedido_incorreto,Recebi produtos diferentes do que selecionei.,1,2173,0,3,0,,respondida,autoaprovada,aprovada,"124,67",0
CON00650,PED003074,2025-01-11,CLI09248,LOJ0321,6,"R$ 115,41",item_faltante,Não recebi todos os itens que estavam na nota.,1,1550,2,1,1,,respondida,revisao_manual,aprovada,93.66,0
CON00651,PED007646,2025-01-14,CLI14596,LOJ0271,5,99.59,item_faltante,Não recebi todos os itens que estavam na nota.,1,560,0,3,0,,respondida,autoaprovada,aprovada,94.55,0
CON00652,PED001118,2025-01-08,CLI12577,LOJ0189,2,"30,48",nao_entregue,"O aplicativo marcou como entregue, mas não recebi o pedido.",1,981,2,1,0,,respondida,negada_ou_retirada,negada,0.00,0
CON00653,PED007041,2025-01-01,CLI16469,LOJ0246,5,54.11,qualidade,O produto estava com aparência ruim quando chegou.,1,2375,1,5,0,,sem resposta,autoaprovada,aprovada,29.53,0
CON00654,PED003843,2025-01-08,CLI17379,LOJ0394,3,129.96,item_faltante,Não recebi todos os itens que estavam na nota.,1,1919,0,3,0,,SEM RESPOSTA,revisao_manual,aprovada,98.56,0
CON00655,PED000060,13/01/2025,CLI15116,LOJ0255,7,139.35,item_faltante,"O pedido chegou incompleto, faltou parte da compra.",0,2204,3,5,0,,sem_resposta,autoaprovada,aprovada,46.16,0
CON00656,PED001566,2025-01-12,CLI09371,LOJ0104,2,92.14,item_faltante,"O pedido chegou incompleto, faltou parte da compra.",1,1115,0,1,0,,respondida,autoaprovada,aprovada,"74,09",0
CON00657,PED006248,2025-01-30,CLI10809,LOJ0101,6,137.36,pedido_incorreto,Entregaram outro item no lugar do que comprei.,1,25,0,6,0,,respondida,autoaprovada,aprovada,88.56,1
CON00658,PED002405,2025-01-13,CLI07531,LOJ0415,7,87.19,produto_avariado,O produto chegou danificado dentro da sacola.,1,691,0,6,0,,respondida,negada_ou_retirada,negada,"R$ 0,00",0
CON00659,PED003472,2025-01-14,CLI10466,LOJ0274,7,"135,14",item_faltante,Não recebi todos os itens que estavam na nota.,0,318,1,6,0,,sem resposta,autoaprovada,aprovada,111.49,0
CON00660,PED006586,2025-01-20,CLI12939,LOJ0331,2,87.80,pedido_incorreto,Recebi produtos diferentes do que selecionei.,1,107,0,1,0,,sem_resposta,autoaprovada,aprovada,73.59,0
CON00661,PED000515,04/01/2025,CLI11879,LOJ0295,2,"R$ 32,95",item_faltante,Não recebi todos os itens que estavam na nota.,1,250,0,1,0,,respondida,negada_ou_retirada,negada,0.00,0
CON00662,PED004892,2025-01-15,CLI09556,LOJ0314,2,90.26,item_faltante,Faltou um item do pedido e a loja não respondeu.,0,46,0,1,0,,respondida,autoaprovada,aprovada,83.48,0
CON00663,PED006632,2025-01-23,CLI02728,LOJ0086,2,83.08,nao_entregue,"O aplicativo marcou como entregue, mas não recebi o pedido.",0,244,0,1,0,,SEM RESPOSTA,autoaprovada,aprovada,"76,36",0
CON00664,PED002392,2025-01-10,CLI07922,LOJ0130,6,74.80,pedido_incorreto,Recebi produtos diferentes do que selecionei.,0,200,0,2,1,,respondida,autoaprovada,aprovada,45.26,0
CON00665,PED008188,2025-01-15,CLI11201,LOJ0238,2,78.29,produto_avariado,O item vazou durante a entrega e não dava para consumir.,1,144,1,1,1,,sem resposta,autoaprovada,aprovada,63.24,0
CON00666,PED008643,2025-01-18,CLI13620,LOJ0018,2,"87,16",pedido_incorreto,Recebi produtos diferentes do que selecionei.,0,118,0,2,0,,respondida,autoaprovada,aprovada,69.83,0
CON00667,PED002824,21/01/2025,CLI00526,LOJ0189,3,118.73,produto_avariado,O item vazou durante a entrega e não dava para consumir.,1,600,2,3,0,,respondida,negada_ou_retirada,retirada,0.00,0
CON00668,PED000974,2025-01-25,CLI12795,LOJ0209,6,127.85,NAO ENTREGUE,"Consta entrega concluída, porém nada foi recebido.",0,873,1,4,0,,respondida,autoaprovada,aprovada,99.91,0
CON00669,PED000144,2025-01-30,CLI09142,LOJ0267,2,103.34,nao_entregue,"Consta entrega concluída, porém nada foi recebido.",1,1130,1,2,0,,SEM RESPOSTA,autoaprovada,aprovada,"R$ 69,40",0
CON00670,PED008897,2025-01-17,CLI15347,LOJ0061,5,86.34,item_faltante,"O pedido chegou incompleto, faltou parte da compra.",1,494,1,1,0,,sem_resposta,autoaprovada,aprovada,"41,13",0
CON00671,PED003240,2025-01-01,CLI00219,LOJ0060,2,98.86,item_faltante,"O pedido chegou incompleto, faltou parte da compra.",1,2394,1,1,0,,sem resposta,negada_ou_retirada,retirada,0.00,0
CON00672,PED004780,2025-01-13,CLI09942,LOJ0432,3,"R$ 77,49",nao_entregue,"O aplicativo marcou como entregue, mas não recebi o pedido.",0,2106,6,3,0,,sem_resposta,autoaprovada,aprovada,49.38,1
CON00673,PED007746,25/01/2025,CLI00467,LOJ0045,7,"78,89",nao_entregue,"O aplicativo marcou como entregue, mas não recebi o pedido.",0,336,1,5,0,,respondida,negada_ou_retirada,negada,0.00,0
CON00674,PED003908,2025-01-08,CLI15217,LOJ0023,4,54.00,qualidade,O produto estava com aparência ruim quando chegou.,1,1938,1,3,0,GRP028,respondida,revisao_manual,aprovada,34.43,0
CON00675,PED001891,2025-01-14,CLI03861,LOJ0299,2,88.03,item_faltante,"O pedido chegou incompleto, faltou parte da compra.",0,1867,0,1,0,,respondida,autoaprovada,aprovada,56.94,0
CON00676,PED006888,2025-01-17,CLI11460,LOJ0295,3,83.75,pedido_incorreto,Entregaram outro item no lugar do que comprei.,1,985,0,2,0,,respondida,autoaprovada,aprovada,71.61,0
CON00677,PED001671,2025-01-30,CLI04060,LOJ0348,7,130.73,item_faltante,Não recebi todos os itens que estavam na nota.,1,2334,2,6,0,,respondida,autoaprovada,aprovada,"91,00",0
CON00678,PED003077,2025-01-06,CLI01736,LOJ0042,4,78.35,pedido_incorreto,Recebi produtos diferentes do que selecionei.,1,39,0,3,0,GRP116,respondida,revisao_manual,aprovada,51.32,0
CON00679,PED003543,21/01/2025,CLI11326,LOJ0037,7,125.59,pedido_incorreto,O pedido veio errado e preciso corrigir a cobrança.,1,1150,1,2,1,,respondida,revisao_manual,negada,0.00,0
CON00680,PED000261,2025-01-18,CLI05558,LOJ0332,3,"62,06",pedido_incorreto,O pedido veio errado e preciso corrigir a cobrança.,1,2253,1,1,1,,SEM RESPOSTA,negada_ou_retirada,retirada,"R$ 0,00",0
CON00681,PED000670,2025-01-25,CLI12657,LOJ0006,3,43.18,pedido_incorreto,O pedido veio errado e preciso corrigir a cobrança.,0,1292,2,1,0,,respondida,negada_ou_retirada,retirada,0.00,0
CON00682,PED003520,2025-01-21,CLI08920,LOJ0307,2,66.20,item_faltante,"O pedido chegou incompleto, faltou parte da compra.",0,337,2,1,0,,respondida,autoaprovada,aprovada,52.86,0
CON00683,PED006852,2025-01-10,CLI08830,LOJ0039,5,"R$ 72,32",qualidade,A qualidade não correspondeu ao que foi anunciado.,0,207,1,4,0,,sem resposta,autoaprovada,aprovada,54.77,0
CON00684,PED007349,2025-01-21,CLI16166,LOJ0248,5,106.65,qualidade,A qualidade não correspondeu ao que foi anunciado.,1,151,4,5,0,,SEM RESPOSTA,revisao_manual,negada,"0,00",0
CON00685,PED000074,22/01/2025,CLI05525,LOJ0138,6,104.05,item_faltante,"O pedido chegou incompleto, faltou parte da compra.",0,691,1,5,0,,respondida,autoaprovada,aprovada,77.59,0
CON00686,PED001849,2025-01-23,CLI02599,LOJ0054,3,89.32,item_faltante,Faltou um item do pedido e a loja não respondeu.,1,1786,0,1,0,,sem_resposta,autoaprovada,aprovada,45.13,0
CON00687,PED003345,2025-01-21,CLI11617,LOJ0414,4,"136,82",pedido_incorreto,Entregaram outro item no lugar do que comprei.,1,498,0,2,0,,respondida,autoaprovada,aprovada,122.33,0
CON00688,PED008725,2025-01-10,CLI00234,LOJ0196,5,69.56,produto_avariado,O produto chegou danificado dentro da sacola.,1,2307,0,1,0,,respondida,autoaprovada,aprovada,31.87,0
CON00689,PED007995,2025-01-18,CLI02991,LOJ0182,7,171.98,qualidade,A qualidade não correspondeu ao que foi anunciado.,1,617,0,1,0,,respondida,autoaprovada,aprovada,51.35,0
CON00690,PED003367,2025-01-06,CLI17817,LOJ0096,2,93.51,item_faltante,Faltou um item do pedido e a loja não respondeu.,0,497,0,1,0,,respondida,negada_ou_retirada,retirada,0.00,0
CON00691,PED016398,12/02/2025,CLI00857,LOJ0197,4,103.09,PEDIDO INCORRETO,O pedido veio errado e preciso corrigir a cobrança.,1,894,0,1,0,,respondida,autoaprovada,aprovada,"R$ 66,73",0
CON00692,PED018364,2025-02-15,CLI01086,LOJ0087,7,63.98,nao_entregue,O pedido não chegou no endereço informado.,1,1693,2,3,0,,respondida,autoaprovada,aprovada,46.42,0
CON00693,PED016050,2025-02-27,CLI01105,LOJ0346,3,54.75,qualidade,O produto estava com aparência ruim quando chegou.,1,83,0,1,0,,respondida,negada_ou_retirada,negada,0.00,0
CON00694,PED016798,2025-02-04,CLI00600,LOJ0212,2,"R$ 85,25",nao_entregue,"O aplicativo marcou como entregue, mas não recebi o pedido.",1,401,0,1,0,,respondida,negada_ou_retirada,retirada,0.00,0
CON00695,PED016308,2025-02-11,CLI07671,LOJ0235,2,70.44,item_faltante,Faltou um item do pedido e a loja não respondeu.,1,1587,1,1,0,,sem resposta,revisao_manual,aprovada,43.63,1
CON00696,PED015308,2025-02-12,CLI14372,LOJ0034,3,65.30,item_faltante,"O pedido chegou incompleto, faltou parte da compra.",1,1040,1,3,0,,respondida,autoaprovada,aprovada,35.77,0
CON00697,PED013573,24/02/2025,CLI17835,LOJ0369,2,78.12,item_faltante,"O pedido chegou incompleto, faltou parte da compra.",1,50,5,1,0,,respondida,negada_ou_retirada,negada,0.00,0
CON00698,PED012880,2025-02-18,CLI06612,LOJ0360,5,96.24,pedido_incorreto,O pedido veio errado e preciso corrigir a cobrança.,1,887,1,3,0,GRP021,respondida,autoaprovada,aprovada,"71,64",0
CON00699,PED012830,2025-02-09,CLI04874,LOJ0001,2,155.23,pedido_incorreto,O pedido veio errado e preciso corrigir a cobrança.,0,1428,5,1,0,,respondida,autoaprovada,aprovada,120.19,1
CON00700,PED018120,2025-02-24,CLI03573,LOJ0414,6,40.92,pedido_incorreto,Entregaram outro item no lugar do que comprei.,1,831,4,1,0,,sem_resposta,negada_ou_retirada,negada,0.00,0
CON00701,PED017230,2025-02-27,CLI15102,LOJ0103,2,"70,79",pedido_incorreto,Entregaram outro item no lugar do que comprei.,1,946,2,1,0,,respondida,negada_ou_retirada,negada,0.00,0
CON00702,PED010191,2025-02-26,CLI07816,LOJ0034,3,125.33,qualidade,A comida chegou fria e com qualidade abaixo do esperado.,1,1211,2,3,0,,respondida,autoaprovada,aprovada,"R$ 115,49",0
CON00703,PED017732,16/02/2025,CLI13447,LOJ0056,2,36.76,produto_avariado,A embalagem chegou aberta e o produto estava avariado.,1,863,0,1,0,,respondida,negada_ou_retirada,negada,0.00,0
CON00704,PED017120,2025-02-07,CLI11973,LOJ0244,6,91.96,pedido_incorreto,Recebi produtos diferentes do que selecionei.,1,2170,1,6,0,,respondida,autoaprovada,aprovada,64.77,0
CON00705,PED010154,2025-02-13,CLI16383,LOJ0073,4,"R$ 213,51",pedido_incorreto,Recebi produtos diferentes do que selecionei.,1,1727,0,1,0,,respondida,autoaprovada,aprovada,"189,65",0
CON00706,PED012539,2025-02-07,CLI01338,LOJ0249,5,48.12,item_faltante,"O pedido chegou incompleto, faltou parte da compra.",0,919,1,5,1,,respondida,revisao_manual,negada,0.00,0
CON00707,PED011692,2025-02-25,CLI12994,LOJ0254,7,119.61,pedido_incorreto,Recebi produtos diferentes do que selecionei.,1,200,1,6,0,,respondida,negada_ou_retirada,negada,0.00,0
CON00708,PED010463,2025-02-01,CLI02543,LOJ0165,3,"99,75",produto_avariado,O produto chegou danificado dentro da sacola.,1,1396,0,2,0,,respondida,negada_ou_retirada,negada,0.00,0
CON00709,PED015714,23/02/2025,CLI00690,LOJ0351,3,180.12,nao_entregue,"O aplicativo marcou como entregue, mas não recebi o pedido.",1,230,0,2,0,,SEM RESPOSTA,autoaprovada,aprovada,154.04,0
CON00710,PED013650,2025-02-05,CLI13976,LOJ0370,3,48.91,pedido_incorreto,Entregaram outro item no lugar do que comprei.,1,1769,0,2,0,,respondida,autoaprovada,aprovada,38.80,0
CON00711,PED017597,2025-02-02,CLI10427,LOJ0256,5,107.29,qualidade,O produto estava com aparência ruim quando chegou.,0,1157,1,1,0,,sem resposta,autoaprovada,aprovada,92.51,0
CON00712,PED014420,2025-02-13,CLI08872,LOJ0089,7,98.41,produto_avariado,O produto chegou danificado dentro da sacola.,1,971,3,4,0,,respondida,autoaprovada,aprovada,"49,13",1
CON00713,PED016683,2025-02-10,CLI00351,LOJ0338,7,54.73,qualidade,O produto estava com aparência ruim quando chegou.,0,127,1,7,0,,SEM RESPOSTA,autoaprovada,aprovada,"R$ 42,61",0
CON00714,PED010812,2025-02-05,CLI10798,LOJ0308,2,83.43,ITEM FALTANTE,"O pedido chegou incompleto, faltou parte da compra.",1,2257,0,1,0,GRP057,respondida,autoaprovada,aprovada,72.34,0
CON00715,PED015568,01/02/2025,CLI06054,LOJ0378,2,"85,30",item_faltante,Faltou um item do pedido e a loja não respondeu.,1,1827,1,1,1,,respondida,autoaprovada,aprovada,19.99,0
CON00716,PED014720,2025-02-21,CLI17971,LOJ0295,5,"R$ 58,88",qualidade,A qualidade não correspondeu ao que foi anunciado.,1,1937,2,5,0,,respondida,negada_ou_retirada,retirada,0.00,0
CON00717,PED010433,2025-02-26,CLI16776,LOJ0214,6,70.85,pedido_incorreto,Recebi produtos diferentes do que selecionei.,1,2290,1,4,0,,respondida,autoaprovada,aprovada,60.62,0
CON00718,PED015088,2025-02-21,CLI08943,LOJ0061,2,80.75,produto_avariado,O item vazou durante a entrega e não dava para consumir.,1,726,0,1,0,,sem_resposta,autoaprovada,aprovada,52.88,0
CON00719,PED014084,2025-02-18,CLI01097,LOJ0087,6,101.82,item_faltante,"O pedido chegou incompleto, faltou parte da compra.",1,773,0,3,0,,respondida,autoaprovada,aprovada,"73,77",0
CON00720,PED017363,2025-02-10,CLI09675,LOJ0231,7,69.86,pedido_incorreto,Entregaram outro item no lugar do que comprei.,0,2169,0,3,0,,respondida,autoaprovada,aprovada,56.58,1
CON00721,PED018855,11/02/2025,CLI01146,LOJ0441,2,130.89,produto_avariado,A embalagem chegou aberta e o produto estava avariado.,1,555,0,1,0,,respondida,autoaprovada,aprovada,113.86,0
CON00722,PED010475,2025-02-17,CLI04294,LOJ0246,7,"73,36",produto_avariado,O produto chegou danificado dentro da sacola.,1,826,0,3,0,,sem resposta,autoaprovada,aprovada,39.70,0
CON00723,PED010176,2025-02-09,CLI17367,LOJ0076,5,104.98,nao_entregue,"O aplicativo marcou como entregue, mas não recebi o pedido.",1,2100,0,4,0,,respondida,autoaprovada,aprovada,80.36,0
CON00724,PED016033,2025-02-09,CLI12609,LOJ0065,5,85.51,produto_avariado,A embalagem chegou aberta e o produto estava avariado.,1,1430,0,2,0,,respondida,autoaprovada,aprovada,"R$ 50,67",0
CON00725,PED018876,2025-02-11,CLI14825,LOJ0192,2,167.27,item_faltante,"O pedido chegou incompleto, faltou parte da compra.",1,691,1,2,0,,sem_resposta,autoaprovada,aprovada,158.09,0
CON00726,PED013977,2025-02-27,CLI16591,LOJ0422,2,61.13,produto_avariado,O item vazou durante a entrega e não dava para consumir.,0,1762,2,2,0,GRP091,SEM RESPOSTA,negada_ou_retirada,negada,"0,00",0
CON00727,PED010724,20/02/2025,CLI11281,LOJ0176,4,"R$ 108,32",produto_avariado,O produto chegou danificado dentro da sacola.,1,135,1,3,0,,respondida,autoaprovada,aprovada,72.22,0
CON00728,PED015005,2025-02-16,CLI03436,LOJ0271,4,54.34,pedido_incorreto,Entregaram outro item no lugar do que comprei.,1,1885,6,1,0,,respondida,negada_ou_retirada,retirada,0.00,0
CON00729,PED016339,2025-02-27,CLI05402,LOJ0224,3,"53,97",qualidade,O produto estava com aparência ruim quando chegou.,0,1928,0,2,0,,respondida,revisao_manual,negada,0.00,0
CON00730,PED010492,2025-02-14,CLI00082,LOJ0278,2,53.51,qualidade,A qualidade não correspondeu ao que foi anunciado.,1,1666,2,1,0,,sem resposta,autoaprovada,aprovada,26.15,0
CON00731,PED010333,2025-02-20,CLI03769,LOJ0412,6,91.96,nao_entregue,"Consta entrega concluída, porém nada foi recebido.",1,212,1,4,0,,SEM RESPOSTA,autoaprovada,aprovada,25.80,0
CON00732,PED012453,2025-02-10,CLI13582,LOJ0143,4,122.24,pedido_incorreto,Recebi produtos diferentes do que selecionei.,0,2338,1,1,0,,sem_resposta,revisao_manual,aprovada,99.41,0
CON00733,PED018502,21/02/2025,CLI09928,LOJ0387,7,90.68,pedido_incorreto,Entregaram outro item no lugar do que comprei.,1,761,0,6,0,,respondida,negada_ou_retirada,negada,"0,00",0
CON00734,PED017567,2025-02-07,CLI17074,LOJ0300,3,138.38,item_faltante,"O pedido chegou incompleto, faltou parte da compra.",0,401,2,2,0,,respondida,autoaprovada,aprovada,45.88,0
CON00735,PED010709,2025-02-25,CLI04262,LOJ0431,2,117.48,produto_avariado,O produto chegou danificado dentro da sacola.,0,1810,0,2,0,,respondida,revisao_manual,aprovada,"R$ 97,13",0
CON00736,PED016515,2025-02-08,CLI08846,LOJ0032,3,"75,29",item_faltante,Não recebi todos os itens que estavam na nota.,1,2091,0,1,0,GRP082,respondida,negada_ou_retirada,negada,0.00,0
CON00737,PED009966,2025-02-02,CLI05730,LOJ0041,4,70.34,NAO ENTREGUE,"O aplicativo marcou como entregue, mas não recebi o pedido.",1,144,0,3,0,,sem resposta,negada_ou_retirada,retirada,0.00,0
CON00738,PED010695,2025-02-28,CLI01644,LOJ0445,7,"R$ 108,87",nao_entregue,"O aplicativo marcou como entregue, mas não recebi o pedido.",1,315,1,3,0,GRP107,respondida,autoaprovada,aprovada,83.50,0
CON00739,PED014524,04/02/2025,CLI01724,LOJ0177,7,58.62,nao_entregue,"O aplicativo marcou como entregue, mas não recebi o pedido.",1,1916,1,5,0,,sem_resposta,autoaprovada,aprovada,41.23,0
CON00740,PED014133,2025-02-21,CLI01703,LOJ0386,5,112.16,item_faltante,"O pedido chegou incompleto, faltou parte da compra.",0,1856,0,3,0,,respondida,autoaprovada,aprovada,"77,53",0
CON00741,PED012946,2025-02-09,CLI09316,LOJ0001,3,110.46,qualidade,O produto estava com aparência ruim quando chegou.,1,1302,0,2,0,GRP023,respondida,autoaprovada,aprovada,100.86,0
CON00742,PED010503,2025-02-04,CLI12027,LOJ0449,6,143.28,qualidade,A comida chegou fria e com qualidade abaixo do esperado.,1,444,1,1,0,,respondida,autoaprovada,aprovada,65.83,0
CON00743,PED016040,2025-02-22,CLI17538,LOJ0394,2,"100,29",item_faltante,"O pedido chegou incompleto, faltou parte da compra.",1,695,1,1,0,,respondida,autoaprovada,aprovada,70.53,0
CON00744,PED015335,2025-02-02,CLI14779,LOJ0050,3,118.51,item_faltante,Não recebi todos os itens que estavam na nota.,1,638,1,3,0,,respondida,autoaprovada,aprovada,95.03,0
CON00745,PED013935,14/02/2025,CLI05714,LOJ0387,6,109.23,item_faltante,Não recebi todos os itens que estavam na nota.,1,763,0,2,0,,respondida,revisao_manual,aprovada,78.91,0
CON00746,PED017979,2025-02-23,CLI01351,LOJ0144,2,90.97,produto_avariado,O item vazou durante a entrega e não dava para consumir.,1,173,0,1,0,,SEM RESPOSTA,autoaprovada,aprovada,"R$ 65,79",0
CON00747,PED012585,2025-02-14,CLI06571,LOJ0290,3,50.99,item_faltante,Não recebi todos os itens que estavam na nota.,1,779,1,2,0,,respondida,autoaprovada,aprovada,"39,07",0
CON00748,PED009909,2025-02-28,CLI09535,LOJ0107,6,135.45,pedido_incorreto,O pedido veio errado e preciso corrigir a cobrança.,1,1801,4,2,0,,respondida,autoaprovada,aprovada,105.34,1
CON00749,PED018505,2025-02-08,CLI15613,LOJ0087,3,"R$ 82,00",nao_entregue,"O aplicativo marcou como entregue, mas não recebi o pedido.",1,2381,1,1,0,,respondida,autoaprovada,aprovada,75.48,0
CON00750,PED014841,2025-02-06,CLI08886,LOJ0110,5,"146,79",pedido_incorreto,Entregaram outro item no lugar do que comprei.,0,1180,0,3,0,,respondida,autoaprovada,aprovada,121.43,1
CON00751,PED018528,28/02/2025,CLI13191,LOJ0044,2,98.02,item_faltante,Não recebi todos os itens que estavam na nota.,0,1875,2,1,0,,sem resposta,autoaprovada,aprovada,74.58,1
CON00752,PED009412,2025-02-13,CLI12938,LOJ0360,2,82.81,item_faltante,Faltou um item do pedido e a loja não respondeu.,1,1524,0,1,0,,SEM RESPOSTA,autoaprovada,aprovada,45.12,0
CON00753,PED016916,2025-02-15,CLI01918,LOJ0127,5,57.62,produto_avariado,A embalagem chegou aberta e o produto estava avariado.,0,1446,0,4,0,,respondida,negada_ou_retirada,retirada,0.00,0
CON00754,PED012555,2025-02-11,CLI00365,LOJ0206,2,144.12,item_faltante,Não recebi todos os itens que estavam na nota.,0,1601,2,2,0,,respondida,autoaprovada,aprovada,"76,26",1
CON00755,PED012678,2025-02-01,CLI12054,LOJ0167,2,95.80,produto_avariado,A embalagem chegou aberta e o produto estava avariado.,1,1598,2,1,0,GRP097,sem_resposta,autoaprovada,aprovada,41.25,1
CON00756,PED012940,2025-02-25,CLI02942,LOJ0223,7,81.84,qualidade,A qualidade não correspondeu ao que foi anunciado.,0,1012,0,4,1,,respondida,autoaprovada,aprovada,53.57,0
CON00757,PED016388,28/02/2025,CLI10867,LOJ0168,2,"70,53",pedido_incorreto,Recebi produtos diferentes do que selecionei.,1,1163,0,1,0,,respondida,negada_ou_retirada,retirada,"R$ 0,00",0
CON00758,PED011039,2025-02-05,CLI14782,LOJ0059,2,122.44,pedido_incorreto,Recebi produtos diferentes do que selecionei.,0,1789,1,1,0,,respondida,autoaprovada,aprovada,90.78,0
CON00759,PED010144,2025-02-06,CLI15376,LOJ0150,6,71.40,item_faltante,Faltou um item do pedido e a loja não respondeu.,1,1815,0,6,0,,sem resposta,autoaprovada,aprovada,39.16,0
CON00760,PED013262,2025-02-12,CLI00191,LOJ0349,7,"R$ 105,48",PEDIDO INCORRETO,Recebi produtos diferentes do que selecionei.,1,1192,0,7,0,,respondida,autoaprovada,aprovada,78.71,0
CON00761,PED015502,2025-02-26,CLI15801,LOJ0140,4,128.91,item_faltante,"O pedido chegou incompleto, faltou parte da compra.",1,1038,0,2,0,,sem_resposta,revisao_manual,aprovada,"94,27",0
CON00762,PED014086,2025-02-08,CLI12184,LOJ0127,3,149.31,item_faltante,"O pedido chegou incompleto, faltou parte da compra.",0,1278,3,3,1,,respondida,autoaprovada,aprovada,132.55,1
CON00763,PED016594,13/02/2025,CLI09653,LOJ0262,6,262.61,pedido_incorreto,O pedido veio errado e preciso corrigir a cobrança.,0,839,5,5,0,GRP046,SEM RESPOSTA,autoaprovada,aprovada,238.16,1
CON00764,PED012758,2025-02-02,CLI17447,LOJ0098,2,"147,83",pedido_incorreto,Recebi produtos diferentes do que selecionei.,1,175,1,1,0,,respondida,autoaprovada,aprovada,79.47,0
CON00765,PED013943,2025-02-24,CLI16620,LOJ0337,6,45.42,pedido_incorreto,Recebi produtos diferentes do que selecionei.,0,2100,1,1,0,,respondida,revisao_manual,negada,0.00,0
CON00766,PED010401,2025-02-18,CLI15402,LOJ0142,4,126.09,item_faltante,Não recebi todos os itens que estavam na nota.,1,2393,1,1,0,,sem resposta,revisao_manual,aprovada,89.77,0
CON00767,PED012757,2025-02-06,CLI07055,LOJ0212,5,91.62,qualidade,A qualidade não correspondeu ao que foi anunciado.,1,2296,2,3,0,,SEM RESPOSTA,autoaprovada,aprovada,60.00,1
CON00768,PED012364,2025-02-20,CLI11632,LOJ0113,3,95.70,item_faltante,Não recebi todos os itens que estavam na nota.,0,1825,0,1,0,,respondida,autoaprovada,aprovada,"R$ 64,94",0
CON00769,PED012114,10/02/2025,CLI03805,LOJ0406,4,149.91,produto_avariado,A embalagem chegou aberta e o produto estava avariado.,1,225,1,2,0,,respondida,autoaprovada,aprovada,118.96,0
CON00770,PED015400,2025-02-16,CLI08407,LOJ0369,6,102.37,item_faltante,Não recebi todos os itens que estavam na nota.,1,667,0,6,0,,respondida,autoaprovada,aprovada,88.30,0
CON00771,PED016977,2025-02-14,CLI10555,LOJ0006,3,"R$ 91,15",item_faltante,Não recebi todos os itens que estavam na nota.,1,2067,1,1,0,,sem_resposta,autoaprovada,aprovada,72.22,0
CON00772,PED018933,2025-02-22,CLI06412,LOJ0325,5,41.76,produto_avariado,O produto chegou danificado dentro da sacola.,0,2153,1,1,0,,sem resposta,negada_ou_retirada,negada,0.00,0
CON00773,PED017428,2025-02-19,CLI05896,LOJ0038,4,92.87,item_faltante,Não recebi todos os itens que estavam na nota.,1,2318,0,1,0,,sem_resposta,autoaprovada,aprovada,30.04,0
CON00774,PED018961,2025-02-20,CLI15410,LOJ0109,2,82.92,pedido_incorreto,O pedido veio errado e preciso corrigir a cobrança.,1,1593,0,1,0,,SEM RESPOSTA,autoaprovada,aprovada,60.70,0
CON00775,PED011800,23/02/2025,CLI13666,LOJ0352,2,65.10,pedido_incorreto,Entregaram outro item no lugar do que comprei.,1,1979,0,1,0,,respondida,revisao_manual,negada,"0,00",0
CON00776,PED013717,2025-02-12,CLI14998,LOJ0089,2,107.05,pedido_incorreto,O pedido veio errado e preciso corrigir a cobrança.,0,1110,0,2,0,,respondida,autoaprovada,aprovada,100.20,1
CON00777,PED014549,2025-02-16,CLI13242,LOJ0417,2,99.80,qualidade,A comida chegou fria e com qualidade abaixo do esperado.,1,176,4,2,0,,respondida,autoaprovada,aprovada,65.16,1
CON00778,PED013233,2025-02-25,CLI12473,LOJ0325,2,"81,62",nao_entregue,O pedido não chegou no endereço informado.,1,294,1,1,1,,sem resposta,autoaprovada,aprovada,48.17,0
CON00779,PED009561,2025-02-27,CLI08505,LOJ0105,5,129.99,qualidade,O produto estava com aparência ruim quando chegou.,1,963,1,1,0,,SEM RESPOSTA,autoaprovada,aprovada,"R$ 98,00",0
CON00780,PED010641,2025-02-08,CLI13996,LOJ0079,4,88.76,item_faltante,Não recebi todos os itens que estavam na nota.,1,2151,0,3,0,,respondida,autoaprovada,aprovada,75.59,0
CON00781,PED014776,01/02/2025,CLI02491,LOJ0125,7,104.45,qualidade,O produto estava com aparência ruim quando chegou.,1,1946,0,7,0,,respondida,autoaprovada,aprovada,76.67,1
CON00782,PED018599,2025-02-19,CLI09176,LOJ0047,2,"R$ 112,33",pedido_incorreto,Entregaram outro item no lugar do que comprei.,1,978,0,1,0,,sem_resposta,revisao_manual,aprovada,"106,11",0
CON00783,PED010853,2025-02-07,CLI10878,LOJ0434,3,69.58,QUALIDADE,O produto estava com aparência ruim quando chegou.,0,363,2,3,0,,respondida,autoaprovada,aprovada,47.89,0
CON00784,PED010548,2025-02-22,CLI10654,LOJ0195,3,70.35,nao_entregue,O pedido não chegou no endereço informado.,0,1415,0,1,0,,sem resposta,negada_ou_retirada,negada,0.00,0
CON00785,PED011052,2025-02-24,CLI07409,LOJ0450,4,"58,82",qualidade,A comida chegou fria e com qualidade abaixo do esperado.,1,550,1,2,0,,sem_resposta,negada_ou_retirada,negada,0.00,0
CON00786,PED017042,2025-02-15,CLI13134,LOJ0445,3,100.83,pedido_incorreto,Recebi produtos diferentes do que selecionei.,0,1986,0,2,0,GRP074,respondida,autoaprovada,aprovada,84.62,0
CON00787,PED015265,25/02/2025,CLI09166,LOJ0165,3,105.17,item_faltante,Faltou um item do pedido e a loja não respondeu.,1,1236,0,2,0,,respondida,autoaprovada,aprovada,100.27,0
CON00788,PED015018,2025-02-26,CLI00183,LOJ0381,7,55.50,item_faltante,"O pedido chegou incompleto, faltou parte da compra.",1,2079,0,2,0,,respondida,revisao_manual,negada,0.00,0
CON00789,PED017901,2025-02-08,CLI11890,LOJ0306,6,82.23,item_faltante,Não recebi todos os itens que estavam na nota.,0,877,0,2,0,,respondida,autoaprovada,aprovada,"42,59",0
CON00790,PED010704,2025-02-28,CLI13425,LOJ0381,7,63.93,qualidade,A qualidade não correspondeu ao que foi anunciado.,1,2372,0,5,0,,respondida,negada_ou_retirada,negada,"R$ 0,00",0
CON00791,PED009618,2025-02-04,CLI14104,LOJ0107,4,99.02,qualidade,A comida chegou fria e com qualidade abaixo do esperado.,0,698,0,2,0,,respondida,revisao_manual,aprovada,50.39,0
CON00792,PED017637,2025-02-12,CLI15047,LOJ0355,7,"86,34",item_faltante,Não recebi todos os itens que estavam na nota.,1,1446,0,7,0,,SEM RESPOSTA,autoaprovada,aprovada,56.38,0
CON00793,PED013156,20/02/2025,CLI07358,LOJ0340,5,"R$ 124,27",item_faltante,"O pedido chegou incompleto, faltou parte da compra.",1,1618,1,3,0,,respondida,autoaprovada,aprovada,57.24,0
CON00794,PED009458,2025-02-01,CLI05018,LOJ0311,2,98.55,item_faltante,Não recebi todos os itens que estavam na nota.,1,191,0,1,0,,sem resposta,autoaprovada,aprovada,87.88,0
CON00795,PED018828,2025-02-05,CLI10939,LOJ0039,7,187.53,pedido_incorreto,Recebi produtos diferentes do que selecionei.,1,2169,6,4,0,,SEM RESPOSTA,autoaprovada,aprovada,160.65,0
CON00796,PED010120,2025-02-06,CLI08893,LOJ0352,3,97.35,produto_avariado,O produto chegou danificado dentro da sacola.,1,40,1,2,0,,sem_resposta,autoaprovada,aprovada,"62,02",1
CON00797,PED009553,2025-02-04,CLI09384,LOJ0135,4,57.69,item_faltante,"O pedido chegou incompleto, faltou parte da compra.",1,1439,1,2,0,,respondida,negada_ou_retirada,negada,0.00,0
CON00798,PED015234,2025-02-22,CLI17059,LOJ0288,6,75.98,qualidade,O produto estava com aparência ruim quando chegou.,1,426,0,3,0,,respondida,autoaprovada,aprovada,59.68,0
CON00799,PED013737,18/02/2025,CLI09256,LOJ0072,4,"83,29",nao_entregue,"O aplicativo marcou como entregue, mas não recebi o pedido.",1,148,0,3,0,,respondida,negada_ou_retirada,negada,0.00,0
CON00800,PED013435,2025-02-22,CLI03736,LOJ0362,2,90.74,item_faltante,Não recebi todos os itens que estavam na nota.,1,333,0,1,0,,respondida,autoaprovada,aprovada,66.40,0
CON00801,PED018710,2025-02-04,CLI16920,LOJ0147,6,171.35,item_faltante,Não recebi todos os itens que estavam na nota.,1,1158,1,6,0,,respondida,autoaprovada,aprovada,"R$ 144,21",0
CON00802,PED013619,2025-02-03,CLI08408,LOJ0302,5,36.35,pedido_incorreto,Entregaram outro item no lugar do que comprei.,1,823,2,4,0,,respondida,negada_ou_retirada,retirada,0.00,0
CON00803,PED013251,2025-02-20,CLI15472,LOJ0162,6,64.14,item_faltante,,1,639,0,3,0,GRP004,respondida,autoaprovada,aprovada,"50,03",0
CON00804,PED016548,2025-02-17,CLI17290,LOJ0225,6,"R$ 57,39",nao_entregue,"O aplicativo marcou como entregue, mas não recebi o pedido.",1,2383,1,5,0,,sem resposta,autoaprovada,aprovada,51.24,0
CON00805,PED013583,12/02/2025,CLI01254,LOJ0017,6,70.44,pedido_incorreto,Recebi produtos diferentes do que selecionei.,1,1335,0,3,0,,sem_resposta,autoaprovada,aprovada,61.38,0
CON00806,PED018552,2025-02-14,CLI08705,LOJ0017,5,"64,12",NAO ENTREGUE,"Consta entrega concluída, porém nada foi recebido.",1,1180,0,1,0,,SEM RESPOSTA,revisao_manual,aprovada,51.98,0
CON00807,PED017734,2025-02-17,CLI07981,LOJ0285,2,106.03,pedido_incorreto,Recebi produtos diferentes do que selecionei.,1,2120,2,1,0,GRP063,respondida,negada_ou_retirada,retirada,0.00,0
CON00808,PED012684,2025-02-10,CLI01054,LOJ0171,2,156.86,pedido_incorreto,Entregaram outro item no lugar do que comprei.,1,1805,0,1,0,,sem resposta,autoaprovada,aprovada,120.72,0
CON00809,PED017303,2025-02-18,CLI14717,LOJ0275,3,98.54,nao_entregue,"O aplicativo marcou como entregue, mas não recebi o pedido.",1,633,0,2,0,,respondida,autoaprovada,aprovada,65.23,0
CON00810,PED013763,2025-02-01,CLI00305,LOJ0278,4,123.03,item_faltante,Faltou um item do pedido e a loja não respondeu.,1,1453,2,1,1,,SEM RESPOSTA,autoaprovada,aprovada,"89,88",0
CON00811,PED013490,28/02/2025,CLI02149,LOJ0211,6,66.20,qualidade,A qualidade não correspondeu ao que foi anunciado.,0,331,2,6,0,,sem_resposta,negada_ou_retirada,retirada,0.00,0
CON00812,PED016436,2025-02-14,CLI01359,LOJ0135,7,45.86,pedido_incorreto,Recebi produtos diferentes do que selecionei.,1,1633,0,2,0,,respondida,autoaprovada,aprovada,"R$ 32,73",0
CON00813,PED017068,2025-02-16,CLI06765,LOJ0202,2,"129,55",item_faltante,Não recebi todos os itens que estavam na nota.,0,1687,0,1,0,,sem resposta,autoaprovada,aprovada,102.11,1
CON00814,PED012766,2025-02-05,CLI09591,LOJ0177,7,151.28,produto_avariado,A embalagem chegou aberta e o produto estava avariado.,1,390,0,7,0,,respondida,autoaprovada,aprovada,94.65,1
CON00815,PED018908,2025-02-20,CLI13847,LOJ0019,5,"R$ 90,68",produto_avariado,O produto chegou danificado dentro da sacola.,1,292,2,1,1,,respondida,autoaprovada,aprovada,44.64,0
CON00816,PED018427,2025-02-04,CLI07542,LOJ0236,4,115.20,pedido_incorreto,Entregaram outro item no lugar do que comprei.,1,935,0,1,0,,respondida,autoaprovada,aprovada,91.93,0
CON00817,PED015723,23/02/2025,CLI01496,LOJ0306,2,156.94,pedido_incorreto,O pedido veio errado e preciso corrigir a cobrança.,1,1324,1,1,0,,respondida,autoaprovada,aprovada,"57,31",1
CON00818,PED014609,2025-02-03,CLI12386,LOJ0154,4,77.14,produto_avariado,O produto chegou danificado dentro da sacola.,1,977,4,3,0,,sem_resposta,autoaprovada,aprovada,45.74,0
CON00819,PED017609,2025-02-18,CLI03322,LOJ0190,6,59.30,nao_entregue,"Consta entrega concluída, porém nada foi recebido.",0,99,1,5,0,,respondida,revisao_manual,negada,0.00,0
CON00820,PED013020,2025-02-15,CLI15147,LOJ0421,3,"56,14",item_faltante,Faltou um item do pedido e a loja não respondeu.,1,1742,1,1,0,,SEM RESPOSTA,autoaprovada,aprovada,46.62,0
CON00821,PED018701,2025-02-18,CLI11204,LOJ0205,2,66.76,pedido_incorreto,O pedido veio errado e preciso corrigir a cobrança.,1,713,1,1,0,,respondida,autoaprovada,aprovada,54.84,0
CON00822,PED009952,2025-02-16,CLI11762,LOJ0380,6,80.42,item_faltante,"O pedido chegou incompleto, faltou parte da compra.",1,883,1,2,0,,respondida,negada_ou_retirada,negada,0.00,0
CON00823,PED013802,09/02/2025,CLI12187,LOJ0343,6,51.62,item_faltante,"O pedido chegou incompleto, faltou parte da compra.",1,977,0,4,0,,respondida,negada_ou_retirada,negada,"R$ 0,00",0
CON00824,PED016788,2025-02-05,CLI17742,LOJ0076,2,117.73,nao_entregue,"Consta entrega concluída, porém nada foi recebido.",0,507,0,2,0,,respondida,autoaprovada,aprovada,"97,25",1
CON00825,PED012917,2025-02-24,CLI06297,LOJ0322,2,59.44,item_faltante,Faltou um item do pedido e a loja não respondeu.,1,689,6,1,0,,sem resposta,autoaprovada,aprovada,34.33,1
CON00826,PED014154,2025-02-07,CLI04988,LOJ0383,4,"R$ 148,48",item_faltante,Faltou um item do pedido e a loja não respondeu.,1,535,0,1,0,,SEM RESPOSTA,autoaprovada,aprovada,113.98,0
CON00827,PED012282,2025-02-02,CLI07911,LOJ0049,6,"35,69",nao_entregue,"Consta entrega concluída, porém nada foi recebido.",1,700,0,3,0,,sem_resposta,negada_ou_retirada,negada,0.00,0
CON00828,PED014887,2025-02-07,CLI03538,LOJ0206,2,106.38,produto_avariado,A embalagem chegou aberta e o produto estava avariado.,1,2090,0,1,0,,respondida,negada_ou_retirada,negada,0.00,0
CON00829,PED015358,08/02/2025,CLI12520,LOJ0150,6,90.51,NAO ENTREGUE,"O aplicativo marcou como entregue, mas não recebi o pedido.",1,1600,1,2,0,,sem resposta,autoaprovada,aprovada,49.99,0
CON00830,PED011829,2025-02-18,CLI00942,LOJ0175,3,204.64,produto_avariado,O produto chegou danificado dentro da sacola.,1,1292,0,1,1,,respondida,autoaprovada,aprovada,179.92,1
CON00831,PED016701,2025-02-22,CLI17804,LOJ0027,3,105.50,item_faltante,Não recebi todos os itens que estavam na nota.,1,1183,1,2,0,,sem_resposta,negada_ou_retirada,retirada,"0,00",0
CON00832,PED013327,2025-02-13,CLI05742,LOJ0438,4,179.89,qualidade,O produto estava com aparência ruim quando chegou.,1,1190,2,3,1,,respondida,revisao_manual,aprovada,68.97,1
CON00833,PED016210,2025-02-24,CLI02518,LOJ0372,7,93.71,produto_avariado,O item vazou durante a entrega e não dava para consumir.,0,1861,1,2,0,,respondida,autoaprovada,aprovada,65.00,0
CON00834,PED018598,2025-02-02,CLI10497,LOJ0299,3,"65,09",item_faltante,Faltou um item do pedido e a loja não respondeu.,1,1940,1,2,0,,respondida,negada_ou_retirada,retirada,"R$ 0,00",0
CON00835,PED011817,27/02/2025,CLI01058,LOJ0188,6,114.13,item_faltante,Faltou um item do pedido e a loja não respondeu.,0,717,1,6,0,,respondida,autoaprovada,aprovada,95.59,0
CON00836,PED015776,2025-02-06,CLI06736,LOJ0271,7,122.94,produto_avariado,O produto chegou danificado dentro da sacola.,1,516,1,3,0,,SEM RESPOSTA,autoaprovada,aprovada,50.89,1
CON00837,PED012962,2025-02-28,CLI00010,LOJ0391,7,"R$ 113,23",item_faltante,"O pedido chegou incompleto, faltou parte da compra.",1,813,2,2,0,,respondida,negada_ou_retirada,negada,0.00,0
CON00838,PED014283,2025-02-13,CLI03962,LOJ0084,2,78.84,pedido_incorreto,O pedido veio errado e preciso corrigir a cobrança.,1,543,2,1,0,,respondida,revisao_manual,aprovada,"66,96",0
CON00839,PED013188,2025-02-10,CLI00048,LOJ0351,7,103.29,pedido_incorreto,O pedido veio errado e preciso corrigir a cobrança.,1,2193,0,5,0,,sem resposta,autoaprovada,aprovada,58.01,0
CON00840,PED009478,2025-02-06,CLI02733,LOJ0295,5,94.13,pedido_incorreto,Entregaram outro item no lugar do que comprei.,0,2374,0,5,0,,SEM RESPOSTA,autoaprovada,aprovada,42.27,1
CON00841,PED015914,17/02/2025,CLI06916,LOJ0126,2,"120,02",item_faltante,Não recebi todos os itens que estavam na nota.,1,1108,0,1,0,,sem_resposta,autoaprovada,aprovada,41.09,1
CON00842,PED016613,2025-02-22,CLI06934,LOJ0416,6,60.97,nao_entregue,"Consta entrega concluída, porém nada foi recebido.",1,1647,1,1,1,,sem resposta,negada_ou_retirada,negada,0.00,0
CON00843,PED010477,2025-02-06,CLI16816,LOJ0170,7,109.08,item_faltante,Faltou um item do pedido e a loja não respondeu.,1,1244,0,6,0,,respondida,autoaprovada,aprovada,78.22,0
CON00844,PED012782,2025-02-27,CLI07940,LOJ0347,6,92.96,item_faltante,"O pedido chegou incompleto, faltou parte da compra.",1,1096,2,1,0,,respondida,negada_ou_retirada,negada,0.00,0
CON00845,PED014640,2025-02-08,CLI08067,LOJ0108,5,150.30,item_faltante,Não recebi todos os itens que estavam na nota.,1,2040,0,4,0,,respondida,autoaprovada,aprovada,"R$ 117,14",0
CON00846,PED015426,2025-02-18,CLI06511,LOJ0146,4,152.77,pedido_incorreto,O pedido veio errado e preciso corrigir a cobrança.,0,181,0,2,0,,sem_resposta,autoaprovada,aprovada,125.63,0
CON00847,PED011589,07/02/2025,CLI17023,LOJ0204,3,100.93,nao_entregue,"O aplicativo marcou como entregue, mas não recebi o pedido.",1,1444,0,1,0,,respondida,autoaprovada,aprovada,70.38,0
CON00848,PED011213,2025-02-15,CLI13749,LOJ0245,3,"R$ 70,67",pedido_incorreto,Entregaram outro item no lugar do que comprei.,1,80,0,2,0,,SEM RESPOSTA,revisao_manual,negada,0.00,0
CON00849,PED014697,2025-02-25,CLI07414,LOJ0313,3,52.92,item_faltante,Não recebi todos os itens que estavam na nota.,1,1769,0,3,0,GRP117,respondida,revisao_manual,negada,0.00,0
CON00850,PED013391,2025-02-01,CLI04199,LOJ0154,3,114.70,pedido_incorreto,O pedido veio errado e preciso corrigir a cobrança.,1,2335,0,1,0,,respondida,autoaprovada,aprovada,109.31,0
CON00851,PED015178,2025-02-03,CLI05597,LOJ0196,2,81.38,produto_avariado,O produto chegou danificado dentro da sacola.,0,196,0,1,0,,respondida,autoaprovada,aprovada,53.94,0
CON00852,PED018745,2025-02-07,CLI03011,LOJ0049,6,103.86,PEDIDO INCORRETO,Recebi produtos diferentes do que selecionei.,1,1752,0,3,0,,respondida,autoaprovada,aprovada,"73,94",0
CON00853,PED018634,10/02/2025,CLI01429,LOJ0386,7,26.27,nao_entregue,O pedido não chegou no endereço informado.,0,1941,2,6,0,,respondida,negada_ou_retirada,negada,0.00,0
CON00854,PED009394,2025-02-14,CLI14771,LOJ0244,3,90.95,qualidade,O produto estava com aparência ruim quando chegou.,0,744,1,2,0,,sem resposta,negada_ou_retirada,negada,0.00,0
CON00855,PED015106,2025-02-28,CLI17004,LOJ0102,2,"62,81",pedido_incorreto,Entregaram outro item no lugar do que comprei.,1,602,1,1,0,,respondida,autoaprovada,aprovada,42.58,0
CON00856,PED013351,2025-02-24,CLI10990,LOJ0417,5,203.48,produto_avariado,O item vazou durante a entrega e não dava para consumir.,1,1310,0,1,0,,respondida,autoaprovada,aprovada,"R$ 179,85",0
CON00857,PED017053,2025-02-19,CLI10817,LOJ0232,5,99.32,item_faltante,Não recebi todos os itens que estavam na nota.,0,1019,0,5,0,,respondida,autoaprovada,aprovada,62.78,0
CON00858,PED015633,2025-02-26,CLI04556,LOJ0148,3,85.83,produto_avariado,O item vazou durante a entrega e não dava para consumir.,1,1603,0,2,0,,SEM RESPOSTA,autoaprovada,aprovada,63.20,1
CON00859,PED018486,21/02/2025,CLI04062,LOJ0090,4,"R$ 115,50",nao_entregue,O pedido não chegou no endereço informado.,1,351,2,2,0,,respondida,autoaprovada,aprovada,"82,23",0
CON00860,PED013848,2025-02-20,CLI07808,LOJ0441,3,101.42,item_faltante,Faltou um item do pedido e a loja não respondeu.,0,227,0,2,0,,respondida,autoaprovada,aprovada,60.22,0
CON00861,PED017826,2025-02-22,CLI02766,LOJ0243,4,84.53,nao_entregue,O pedido não chegou no endereço informado.,1,987,1,1,0,,respondida,autoaprovada,aprovada,67.49,0
CON00862,PED016239,2025-02-21,CLI16612,LOJ0252,2,"69,91",qualidade,O produto estava com aparência ruim quando chegou.,1,536,4,1,0,,respondida,revisao_manual,negada,0.00,0
CON00863,PED016813,2025-02-06,CLI01185,LOJ0370,4,83.30,produto_avariado,O item vazou durante a entrega e não dava para consumir.,1,1022,2,2,0,,respondida,autoaprovada,aprovada,60.35,0
CON00864,PED017651,2025-02-22,CLI15266,LOJ0126,2,107.74,qualidade,A comida chegou fria e com qualidade abaixo do esperado.,0,2353,2,1,0,,sem_resposta,autoaprovada,aprovada,64.20,0
CON00865,PED010830,26/02/2025,CLI07922,LOJ0073,2,78.35,item_faltante,"O pedido chegou incompleto, faltou parte da compra.",1,1278,0,1,0,,respondida,autoaprovada,aprovada,50.51,0
CON00866,PED016014,2025-02-10,CLI01653,LOJ0347,2,85.47,qualidade,A qualidade não correspondeu ao que foi anunciado.,1,1209,2,2,0,,respondida,autoaprovada,aprovada,"27,69",0
CON00867,PED017835,2025-02-09,CLI13368,LOJ0052,3,62.63,item_faltante,Faltou um item do pedido e a loja não respondeu.,1,829,1,2,0,,respondida,negada_ou_retirada,negada,"R$ 0,00",0
CON00868,PED018287,2025-02-19,CLI03070,LOJ0124,4,120.09,item_faltante,"O pedido chegou incompleto, faltou parte da compra.",0,1512,0,1,0,GRP084,respondida,revisao_manual,aprovada,97.59,0
CON00869,PED011404,2025-02-05,CLI12211,LOJ0389,2,"103,88",qualidade,A comida chegou fria e com qualidade abaixo do esperado.,1,1392,0,2,0,,respondida,autoaprovada,aprovada,61.44,1
CON00870,PED018682,2025-02-28,CLI14024,LOJ0170,6,"R$ 76,27",qualidade,A comida chegou fria e com qualidade abaixo do esperado.,1,948,1,1,1,,respondida,autoaprovada,aprovada,49.37,0
CON00871,PED016184,15/02/2025,CLI02628,LOJ0040,5,66.35,item_faltante,"O pedido chegou incompleto, faltou parte da compra.",0,79,2,4,0,,sem resposta,autoaprovada,aprovada,30.01,0
CON00872,PED013547,2025-02-24,CLI02627,LOJ0204,4,81.94,item_faltante,"O pedido chegou incompleto, faltou parte da compra.",0,853,1,2,0,GRP092,respondida,autoaprovada,aprovada,73.03,0
CON00873,PED009656,2025-02-24,CLI03259,LOJ0061,5,159.93,pedido_incorreto,Entregaram outro item no lugar do que comprei.,1,38,0,2,0,,respondida,autoaprovada,aprovada,"65,79",0
CON00874,PED013825,2025-02-18,CLI15700,LOJ0359,3,79.85,item_faltante,Não recebi todos os itens que estavam na nota.,1,2136,0,1,0,,sem_resposta,autoaprovada,aprovada,52.35,0
CON00875,PED014017,2025-02-16,CLI00660,LOJ0113,6,77.03,ITEM FALTANTE,"O pedido chegou incompleto, faltou parte da compra.",1,376,0,1,0,,SEM RESPOSTA,revisao_manual,aprovada,62.26,0
CON00876,PED010410,2025-02-16,CLI15713,LOJ0170,4,"143,73",item_faltante,"O pedido chegou incompleto, faltou parte da compra.",1,1526,0,1,0,,respondida,revisao_manual,aprovada,90.95,0
CON00877,PED009974,28/02/2025,CLI06394,LOJ0096,2,144.47,item_faltante,Faltou um item do pedido e a loja não respondeu.,1,1950,1,1,1,,respondida,autoaprovada,aprovada,106.46,0
CON00878,PED017667,2025-02-11,CLI13361,LOJ0160,4,87.40,item_faltante,"O pedido chegou incompleto, faltou parte da compra.",0,2161,2,2,0,GRP022,sem resposta,revisao_manual,aprovada,"R$ 59,36",0
CON00879,PED016113,2025-02-25,CLI15398,LOJ0162,3,129.84,produto_avariado,O produto chegou danificado dentro da sacola.,1,178,0,2,0,,respondida,autoaprovada,aprovada,107.33,0
CON00880,PED018990,2025-02-16,CLI11487,LOJ0208,4,113.86,item_faltante,Faltou um item do pedido e a loja não respondeu.,1,2011,1,1,0,,SEM RESPOSTA,revisao_manual,aprovada,"40,12",0
CON00881,PED017453,2025-02-04,CLI04949,LOJ0065,5,"R$ 69,30",item_faltante,"O pedido chegou incompleto, faltou parte da compra.",1,2253,0,4,0,,respondida,autoaprovada,aprovada,26.15,0
CON00882,PED011450,2025-02-10,CLI16181,LOJ0303,3,118.32,item_faltante,"O pedido chegou incompleto, faltou parte da compra.",0,87,2,2,0,,respondida,negada_ou_retirada,negada,0.00,0
CON00883,PED014526,12/02/2025,CLI10704,LOJ0033,7,"105,09",produto_avariado,O item vazou durante a entrega e não dava para consumir.,0,113,0,3,0,,respondida,autoaprovada,aprovada,49.63,0
CON00884,PED018757,2025-02-01,CLI06000,LOJ0174,6,69.15,item_faltante,"O pedido chegou incompleto, faltou parte da compra.",0,282,1,1,0,GRP122,respondida,revisao_manual,negada,0.00,0
CON00885,PED009335,2025-02-06,CLI06340,LOJ0277,3,109.60,pedido_incorreto,Recebi produtos diferentes do que selecionei.,1,568,2,3,0,GRP064,respondida,autoaprovada,aprovada,78.65,1
CON00886,PED014652,2025-02-05,CLI07211,LOJ0233,3,84.33,nao_entregue,"Consta entrega concluída, porém nada foi recebido.",0,620,1,2,0,,sem_resposta,revisao_manual,aprovada,65.16,0
CON00887,PED018071,2025-02-17,CLI09064,LOJ0058,3,102.26,pedido_incorreto,O pedido veio errado e preciso corrigir a cobrança.,0,926,6,1,0,,respondida,autoaprovada,aprovada,"46,57",0
CON00888,PED018978,2025-02-08,CLI17164,LOJ0443,2,26.59,item_faltante,"O pedido chegou incompleto, faltou parte da compra.",1,2378,0,1,0,,respondida,negada_ou_retirada,retirada,0.00,0
CON00889,PED017743,04/02/2025,CLI00531,LOJ0354,2,122.98,pedido_incorreto,Recebi produtos diferentes do que selecionei.,1,601,1,2,0,,respondida,revisao_manual,aprovada,"R$ 51,82",0
CON00890,PED013288,2025-02-18,CLI02443,LOJ0165,6,"128,84",item_faltante,Faltou um item do pedido e a loja não respondeu.,1,232,0,2,0,,respondida,autoaprovada,aprovada,109.92,0
CON00891,PED017184,2025-02-25,CLI11811,LOJ0288,4,112.32,item_faltante,"O pedido chegou incompleto, faltou parte da compra.",1,679,4,3,0,GRP103,respondida,revisao_manual,aprovada,99.76,0
CON00892,PED013334,2025-02-26,CLI04628,LOJ0136,7,"R$ 65,49",item_faltante,Faltou um item do pedido e a loja não respondeu.,1,1571,1,6,0,,sem resposta,autoaprovada,aprovada,37.31,0
CON00893,PED011734,2025-02-21,CLI11825,LOJ0131,2,160.21,item_faltante,Faltou um item do pedido e a loja não respondeu.,1,1888,0,2,0,,respondida,autoaprovada,aprovada,62.34,0
CON00894,PED010925,2025-02-06,CLI02514,LOJ0170,5,117.78,item_faltante,Faltou um item do pedido e a loja não respondeu.,1,330,0,5,0,,respondida,revisao_manual,negada,"0,00",0
CON00895,PED012187,13/02/2025,CLI16928,LOJ0386,6,121.14,qualidade,O produto estava com aparência ruim quando chegou.,1,1223,1,5,0,,respondida,revisao_manual,aprovada,100.69,0
CON00896,PED017308,2025-02-05,CLI12605,LOJ0236,2,140.04,nao_entregue,"Consta entrega concluída, porém nada foi recebido.",1,1767,5,1,0,,sem_resposta,revisao_manual,aprovada,29.86,0
CON00897,PED011950,2025-02-24,CLI03102,LOJ0044,4,"125,58",item_faltante,Não recebi todos os itens que estavam na nota.,1,1320,0,1,1,,respondida,negada_ou_retirada,retirada,0.00,0
CON00898,PED009891,2025-02-05,CLI05872,LOJ0441,4,96.14,QUALIDADE,O produto estava com aparência ruim quando chegou.,1,1877,0,3,0,,SEM RESPOSTA,autoaprovada,aprovada,75.93,0
CON00899,PED015571,2025-02-12,CLI07172,LOJ0161,6,100.90,pedido_incorreto,O pedido veio errado e preciso corrigir a cobrança.,1,130,0,6,0,GRP058,respondida,autoaprovada,aprovada,47.14,0
CON00900,PED015793,2025-02-16,CLI00060,LOJ0225,3,88.54,qualidade,O produto estava com aparência ruim quando chegou.,1,2262,0,1,0,,sem resposta,autoaprovada,aprovada,"R$ 65,18",1
CON00901,PED014486,01/02/2025,CLI04151,LOJ0180,2,119.45,nao_entregue,O pedido não chegou no endereço informado.,1,2083,1,1,0,GRP038,respondida,autoaprovada,aprovada,"110,41",0
CON00902,PED015369,2025-02-19,CLI13019,LOJ0072,3,50.56,item_faltante,Não recebi todos os itens que estavam na nota.,0,1644,0,2,0,,respondida,autoaprovada,aprovada,36.07,0
CON00903,PED014258,2025-02-01,CLI01852,LOJ0409,2,"R$ 156,46",item_faltante,Faltou um item do pedido e a loja não respondeu.,0,1084,5,1,0,,SEM RESPOSTA,autoaprovada,aprovada,123.57,1
CON00904,PED011641,2025-02-11,CLI09555,LOJ0114,7,"101,91",item_faltante,Não recebi todos os itens que estavam na nota.,1,1915,2,1,0,,sem_resposta,revisao_manual,aprovada,77.75,0
CON00905,PED013437,2025-02-16,CLI07255,LOJ0203,5,104.44,pedido_incorreto,Recebi produtos diferentes do que selecionei.,0,1802,1,2,0,,sem resposta,revisao_manual,aprovada,58.19,1
CON00906,PED009326,2025-02-15,CLI02486,LOJ0107,4,110.11,nao_entregue,"Consta entrega concluída, porém nada foi recebido.",1,2054,2,4,0,,respondida,autoaprovada,aprovada,100.36,1
CON00907,PED012350,24/02/2025,CLI09305,LOJ0074,4,87.61,pedido_incorreto,Entregaram outro item no lugar do que comprei.,0,2260,1,4,0,,respondida,revisao_manual,aprovada,81.25,0
CON00908,PED010044,2025-02-18,CLI02795,LOJ0245,6,107.74,item_faltante,Faltou um item do pedido e a loja não respondeu.,0,2171,1,6,1,GRP094,respondida,autoaprovada,aprovada,"95,40",1
CON00909,PED013130,2025-02-11,CLI11614,LOJ0386,5,101.87,item_faltante,Faltou um item do pedido e a loja não respondeu.,0,1436,2,1,0,GRP060,sem_resposta,autoaprovada,aprovada,56.46,1
CON00910,PED013127,2025-02-02,CLI17785,LOJ0012,5,95.13,item_faltante,"O pedido chegou incompleto, faltou parte da compra.",1,1392,0,4,0,,SEM RESPOSTA,autoaprovada,aprovada,86.97,0
CON00911,PED015864,2025-02-09,CLI05913,LOJ0025,7,"72,93",item_faltante,"O pedido chegou incompleto, faltou parte da compra.",1,2276,0,2,0,,respondida,autoaprovada,aprovada,"R$ 51,44",0
CON00912,PED017907,2025-02-20,CLI11365,LOJ0027,7,107.32,qualidade,A comida chegou fria e com qualidade abaixo do esperado.,0,1850,2,3,0,,respondida,autoaprovada,aprovada,80.79,0
CON00913,PED016357,18/02/2025,CLI05362,LOJ0220,6,108.96,produto_avariado,O item vazou durante a entrega e não dava para consumir.,1,1507,4,5,0,,respondida,autoaprovada,aprovada,72.64,0
CON00914,PED015528,2025-02-07,CLI09101,LOJ0230,6,"R$ 77,84",qualidade,A qualidade não correspondeu ao que foi anunciado.,1,1577,1,5,0,,sem resposta,autoaprovada,aprovada,47.09,1
CON00915,PED014838,2025-02-03,CLI12130,LOJ0107,2,60.40,item_faltante,Não recebi todos os itens que estavam na nota.,1,1910,0,1,0,,respondida,autoaprovada,aprovada,"24,45",0
CON00916,PED013397,2025-02-20,CLI01903,LOJ0325,3,212.68,nao_entregue,O pedido não chegou no endereço informado.,1,725,0,3,0,,respondida,autoaprovada,aprovada,199.17,0
CON00917,PED017532,2025-02-06,CLI09670,LOJ0139,2,97.66,item_faltante,Não recebi todos os itens que estavam na nota.,1,374,0,1,1,,respondida,autoaprovada,aprovada,35.88,0
CON00918,PED017443,2025-02-10,CLI00728,LOJ0372,2,"135,00",item_faltante,Não recebi todos os itens que estavam na nota.,0,745,0,1,0,,SEM RESPOSTA,revisao_manual,aprovada,38.26,0
CON00919,PED009687,18/02/2025,CLI09258,LOJ0117,3,85.91,item_faltante,Não recebi todos os itens que estavam na nota.,0,2392,0,2,0,GRP060,respondida,revisao_manual,aprovada,60.29,0
CON00920,PED009774,2025-02-04,CLI03008,LOJ0166,2,81.68,qualidade,A qualidade não correspondeu ao que foi anunciado.,1,960,1,1,0,,respondida,autoaprovada,aprovada,63.26,0
CON00921,PED013047,2025-02-24,CLI07284,LOJ0169,7,123.39,PEDIDO INCORRETO,Entregaram outro item no lugar do que comprei.,1,1284,1,3,0,,sem_resposta,negada_ou_retirada,negada,0.00,0
CON00922,PED011192,2025-02-21,CLI01981,LOJ0284,4,101.64,pedido_incorreto,O pedido veio errado e preciso corrigir a cobrança.,1,1104,1,1,0,,respondida,autoaprovada,aprovada,"R$ 83,74",0
CON00923,PED017800,2025-02-03,CLI04316,LOJ0279,2,78.39,pedido_incorreto,O pedido veio errado e preciso corrigir a cobrança.,1,2010,1,1,0,,sem resposta,autoaprovada,aprovada,69.74,0
CON00924,PED010801,2025-02-01,CLI01751,LOJ0115,6,95.05,produto_avariado,A embalagem chegou aberta e o produto estava avariado.,0,1482,2,3,1,,sem_resposta,autoaprovada,aprovada,49.17,0
CON00925,PED011773,27/02/2025,CLI07972,LOJ0178,6,"R$ 142,09",nao_entregue,"O aplicativo marcou como entregue, mas não recebi o pedido.",1,1282,1,2,0,,SEM RESPOSTA,autoaprovada,aprovada,115.11,0
CON00926,PED009349,2025-02-21,CLI04416,LOJ0401,5,75.17,produto_avariado,O produto chegou danificado dentro da sacola.,0,1061,1,1,0,,respondida,autoaprovada,aprovada,41.32,0
CON00927,PED014104,2025-02-02,CLI08957,LOJ0346,7,119.00,item_faltante,Faltou um item do pedido e a loja não respondeu.,0,2356,0,6,0,,respondida,revisao_manual,aprovada,33.08,0
CON00928,PED010687,2025-02-23,CLI02449,LOJ0254,2,65.92,pedido_incorreto,Recebi produtos diferentes do que selecionei.,0,1650,1,1,0,,sem resposta,autoaprovada,aprovada,46.98,0
CON00929,PED009689,2025-02-16,CLI16939,LOJ0331,2,90.02,pedido_incorreto,O pedido veio errado e preciso corrigir a cobrança.,0,2062,0,1,0,,SEM RESPOSTA,revisao_manual,negada,"0,00",0
CON00930,PED015953,2025-02-21,CLI10313,LOJ0420,4,69.78,produto_avariado,O produto chegou danificado dentro da sacola.,0,681,3,2,0,,sem_resposta,autoaprovada,aprovada,50.84,0
CON00931,PED018190,22/02/2025,CLI04002,LOJ0086,5,116.99,produto_avariado,A embalagem chegou aberta e o produto estava avariado.,0,2306,0,3,0,,respondida,autoaprovada,aprovada,112.54,1
CON00932,PED010102,2025-02-05,CLI15930,LOJ0047,5,"93,08",pedido_incorreto,O pedido veio errado e preciso corrigir a cobrança.,0,1382,1,4,0,,respondida,autoaprovada,aprovada,61.59,0
CON00933,PED009639,2025-02-23,CLI09394,LOJ0378,2,127.48,pedido_incorreto,Recebi produtos diferentes do que selecionei.,1,524,2,1,0,,respondida,autoaprovada,aprovada,"R$ 64,97",0
CON00934,PED012634,2025-02-12,CLI03373,LOJ0378,2,152.35,item_faltante,"O pedido chegou incompleto, faltou parte da compra.",1,2126,0,1,0,,sem resposta,autoaprovada,aprovada,132.50,0
CON00935,PED011251,2025-02-03,CLI12081,LOJ0257,3,116.46,pedido_incorreto,Entregaram outro item no lugar do que comprei.,1,2187,1,2,0,,respondida,autoaprovada,aprovada,96.30,0
CON00936,PED018361,2025-02-23,CLI05938,LOJ0413,2,"R$ 107,07",item_faltante,Não recebi todos os itens que estavam na nota.,1,1720,2,1,0,,sem_resposta,autoaprovada,aprovada,"69,25",0
CON00937,PED013611,08/02/2025,CLI03619,LOJ0070,5,103.77,qualidade,O produto estava com aparência ruim quando chegou.,1,1575,0,2,0,,respondida,autoaprovada,aprovada,69.64,0
CON00938,PED016679,2025-02-24,CLI15639,LOJ0330,3,82.78,nao_entregue,"Consta entrega concluída, porém nada foi recebido.",0,1614,1,1,0,,SEM RESPOSTA,autoaprovada,aprovada,60.07,0
CON00939,PED018846,2025-02-25,CLI09683,LOJ0143,7,"190,84",qualidade,A qualidade não correspondeu ao que foi anunciado.,0,690,0,7,0,,sem resposta,autoaprovada,aprovada,162.45,1
CON00940,PED013698,2025-02-08,CLI15892,LOJ0087,2,109.41,pedido_incorreto,Recebi produtos diferentes do que selecionei.,1,1579,1,1,1,,respondida,autoaprovada,aprovada,48.53,0
CON00941,PED010585,2025-02-09,CLI07438,LOJ0253,6,58.56,item_faltante,"O pedido chegou incompleto, faltou parte da compra.",0,1844,1,2,0,,SEM RESPOSTA,autoaprovada,aprovada,49.67,0
CON00942,PED009953,2025-02-23,CLI04169,LOJ0447,2,144.02,item_faltante,"O pedido chegou incompleto, faltou parte da compra.",1,1065,1,1,1,,respondida,autoaprovada,aprovada,49.52,0
CON00943,PED016575,15/02/2025,CLI06340,LOJ0152,4,65.49,pedido_incorreto,Recebi produtos diferentes do que selecionei.,0,378,1,3,0,,respondida,autoaprovada,aprovada,"37,71",0
CON00944,PED016049,2025-02-08,CLI12451,LOJ0241,2,41.26,PEDIDO INCORRETO,Entregaram outro item no lugar do que comprei.,0,92,1,1,0,,sem_resposta,negada_ou_retirada,retirada,"R$ 0,00",0
CON00945,PED013761,2025-02-21,CLI01914,LOJ0273,6,130.32,produto_avariado,A embalagem chegou aberta e o produto estava avariado.,1,53,2,4,1,,respondida,autoaprovada,aprovada,95.75,0
CON00946,PED012584,2025-02-11,CLI11852,LOJ0272,7,"140,75",item_faltante,Faltou um item do pedido e a loja não respondeu.,0,862,2,3,0,,sem resposta,autoaprovada,aprovada,127.91,0
CON00947,PED013169,2025-02-01,CLI09740,LOJ0236,4,"R$ 81,69",qualidade,A qualidade não correspondeu ao que foi anunciado.,1,2118,0,3,0,,sem_resposta,autoaprovada,aprovada,47.16,0
CON00948,PED015472,2025-02-08,CLI17801,LOJ0431,2,82.10,item_faltante,Não recebi todos os itens que estavam na nota.,1,1975,2,1,0,,respondida,autoaprovada,aprovada,73.42,0
CON00949,PED015866,02/02/2025,CLI09208,LOJ0250,7,110.79,qualidade,O produto estava com aparência ruim quando chegou.,1,1969,1,7,0,,respondida,revisao_manual,negada,0.00,0
CON00950,PED012709,2025-02-07,CLI06476,LOJ0192,5,117.40,pedido_incorreto,Entregaram outro item no lugar do que comprei.,1,1258,1,4,0,,respondida,autoaprovada,aprovada,"84,36",0
CON00951,PED012593,2025-02-11,CLI07806,LOJ0148,6,185.40,qualidade,A comida chegou fria e com qualidade abaixo do esperado.,0,198,0,1,0,,SEM RESPOSTA,autoaprovada,aprovada,147.44,0
CON00952,PED018565,2025-02-23,CLI14683,LOJ0386,6,77.99,produto_avariado,O item vazou durante a entrega e não dava para consumir.,0,308,1,3,0,,sem resposta,revisao_manual,negada,0.00,0
CON00953,PED014454,2025-02-18,CLI17807,LOJ0062,3,"104,31",pedido_incorreto,O pedido veio errado e preciso corrigir a cobrança.,1,1293,0,1,1,,respondida,autoaprovada,aprovada,66.97,0
CON00954,PED013532,2025-02-09,CLI12300,LOJ0200,2,79.63,produto_avariado,O item vazou durante a entrega e não dava para consumir.,1,1191,0,1,0,,respondida,revisao_manual,aprovada,50.29,0
CON00955,PED012358,27/02/2025,CLI01819,LOJ0344,4,221.20,nao_entregue,O pedido não chegou no endereço informado.,1,2211,3,1,1,GRP056,SEM RESPOSTA,autoaprovada,aprovada,"R$ 208,06",1
CON00956,PED018393,2025-02-13,CLI05123,LOJ0232,4,83.78,produto_avariado,O produto chegou danificado dentro da sacola.,1,599,2,4,0,,sem_resposta,autoaprovada,aprovada,47.07,0
CON00957,PED011787,2025-02-16,CLI09514,LOJ0104,4,119.87,produto_avariado,O item vazou durante a entrega e não dava para consumir.,1,1029,0,4,0,,sem resposta,autoaprovada,aprovada,"89,22",0
CON00958,PED011815,2025-02-19,CLI09842,LOJ0042,2,"R$ 59,74",produto_avariado,O item vazou durante a entrega e não dava para consumir.,1,1604,1,1,0,,respondida,revisao_manual,negada,0.00,0
CON00959,PED013752,2025-02-21,CLI12178,LOJ0115,3,99.14,qualidade,O produto estava com aparência ruim quando chegou.,1,2093,1,1,0,,respondida,autoaprovada,aprovada,67.04,0
CON00960,PED016208,2025-02-07,CLI16863,LOJ0092,5,"77,35",pedido_incorreto,O pedido veio errado e preciso corrigir a cobrança.,1,1819,0,4,0,,respondida,revisao_manual,aprovada,68.59,0
CON00961,PED010678,04/02/2025,CLI09166,LOJ0184,4,111.25,produto_avariado,A embalagem chegou aberta e o produto estava avariado.,1,950,0,2,0,GRP105,respondida,autoaprovada,aprovada,74.14,0
CON00962,PED016778,2025-02-21,CLI14251,LOJ0277,7,94.15,produto_avariado,O item vazou durante a entrega e não dava para consumir.,0,1333,0,2,0,,respondida,autoaprovada,aprovada,38.63,0
CON00963,PED015865,2025-02-16,CLI01696,LOJ0213,3,92.54,qualidade,O produto estava com aparência ruim quando chegou.,0,2086,0,1,0,,respondida,negada_ou_retirada,negada,0.00,0
CON00964,PED012710,2025-02-16,CLI06973,LOJ0349,4,177.38,produto_avariado,A embalagem chegou aberta e o produto estava avariado.,1,302,0,1,0,,sem_resposta,autoaprovada,aprovada,"166,17",0
CON00965,PED016662,2025-02-05,CLI17280,LOJ0224,2,70.42,produto_avariado,A embalagem chegou aberta e o produto estava avariado.,1,1130,2,1,0,,respondida,autoaprovada,aprovada,60.20,0
CON00966,PED012981,2025-02-12,CLI17083,LOJ0196,6,44.80,item_faltante,Não recebi todos os itens que estavam na nota.,1,1180,0,6,0,,SEM RESPOSTA,autoaprovada,aprovada,"R$ 22,90",0
CON00967,PED018738,07/02/2025,CLI02366,LOJ0283,7,"83,75",ITEM FALTANTE,Faltou um item do pedido e a loja não respondeu.,1,1944,2,1,0,,sem resposta,autoaprovada,aprovada,79.16,0
CON00968,PED013453,2025-02-12,CLI09374,LOJ0167,2,45.87,pedido_incorreto,O pedido veio errado e preciso corrigir a cobrança.,1,1940,1,2,1,,SEM RESPOSTA,negada_ou_retirada,negada,0.00,0
CON00969,PED018473,2025-02-22,CLI03314,LOJ0376,2,"R$ 126,24",produto_avariado,O item vazou durante a entrega e não dava para consumir.,0,1020,2,1,0,GRP050,respondida,autoaprovada,aprovada,101.14,0
CON00970,PED015214,2025-02-05,CLI11239,LOJ0199,2,132.59,produto_avariado,O item vazou durante a entrega e não dava para consumir.,1,1986,6,1,0,,respondida,autoaprovada,aprovada,97.94,0
CON00971,PED009400,2025-02-10,CLI10357,LOJ0112,2,67.48,pedido_incorreto,Entregaram outro item no lugar do que comprei.,0,951,0,1,0,,sem_resposta,autoaprovada,aprovada,"60,38",0
CON00972,PED010987,2025-02-08,CLI15220,LOJ0325,2,142.07,item_faltante,Faltou um item do pedido e a loja não respondeu.,1,1162,0,1,0,,respondida,negada_ou_retirada,negada,0.00,0
CON00973,PED010205,23/02/2025,CLI10462,LOJ0084,6,102.62,pedido_incorreto,Recebi produtos diferentes do que selecionei.,1,1273,0,3,0,,respondida,autoaprovada,aprovada,76.77,0
CON00974,PED013847,2025-02-22,CLI17147,LOJ0384,3,"84,95",produto_avariado,O item vazou durante a entrega e não dava para consumir.,1,1774,2,1,0,,respondida,autoaprovada,aprovada,72.33,0
CON00975,PED014516,2025-02-20,CLI12524,LOJ0285,4,67.16,item_faltante,Faltou um item do pedido e a loja não respondeu.,1,1524,2,1,0,,sem resposta,revisao_manual,negada,0.00,0
CON00976,PED010077,2025-02-08,CLI00749,LOJ0154,6,75.50,qualidade,O produto estava com aparência ruim quando chegou.,0,1645,2,5,0,,respondida,autoaprovada,aprovada,29.44,0
CON00977,PED013298,2025-02-17,CLI01828,LOJ0222,5,91.13,pedido_incorreto,Entregaram outro item no lugar do que comprei.,1,1006,1,4,0,,sem_resposta,autoaprovada,aprovada,"R$ 63,36",0
CON00978,PED016520,2025-02-05,CLI01101,LOJ0128,2,170.56,item_faltante,"O pedido chegou incompleto, faltou parte da compra.",1,2126,0,1,1,,SEM RESPOSTA,autoaprovada,aprovada,"149,38",0
CON00979,PED017372,24/02/2025,CLI17487,LOJ0189,7,80.95,item_faltante,Não recebi todos os itens que estavam na nota.,0,360,0,6,0,,respondida,autoaprovada,aprovada,48.03,0
CON00980,PED011660,2025-02-13,CLI12899,LOJ0390,6,"R$ 87,21",item_faltante,Faltou um item do pedido e a loja não respondeu.,1,1485,2,5,1,,respondida,autoaprovada,aprovada,51.57,0
CON00981,PED010807,2025-02-06,CLI08784,LOJ0167,2,"80,75",produto_avariado,A embalagem chegou aberta e o produto estava avariado.,1,2187,0,1,0,,respondida,negada_ou_retirada,negada,0.00,0
CON00982,PED017100,2025-02-28,CLI05439,LOJ0178,6,76.51,pedido_incorreto,Entregaram outro item no lugar do que comprei.,1,2258,3,6,0,,respondida,revisao_manual,negada,0.00,0
CON00983,PED018671,2025-02-11,CLI14959,LOJ0044,5,117.25,item_faltante,Não recebi todos os itens que estavam na nota.,0,709,1,2,0,,respondida,negada_ou_retirada,retirada,0.00,0
CON00984,PED015636,2025-02-13,CLI09671,LOJ0099,2,69.57,produto_avariado,A embalagem chegou aberta e o produto estava avariado.,1,351,0,1,0,,respondida,autoaprovada,aprovada,62.58,0
CON00985,PED010267,08/02/2025,CLI02480,LOJ0164,4,99.12,item_faltante,Não recebi todos os itens que estavam na nota.,1,1425,0,3,0,,sem resposta,autoaprovada,aprovada,"62,32",0
CON00986,PED010339,2025-02-24,CLI08810,LOJ0102,4,97.53,item_faltante,"O pedido chegou incompleto, faltou parte da compra.",1,1840,0,1,0,GRP040,respondida,negada_ou_retirada,negada,0.00,0
CON00987,PED018338,2025-02-26,CLI13594,LOJ0306,6,56.50,pedido_incorreto,O pedido veio errado e preciso corrigir a cobrança.,1,1544,0,6,0,,respondida,autoaprovada,aprovada,26.97,0
CON00988,PED009903,2025-02-25,CLI00492,LOJ0414,2,"76,04",pedido_incorreto,O pedido veio errado e preciso corrigir a cobrança.,1,2359,0,1,0,,SEM RESPOSTA,revisao_manual,negada,"R$ 0,00",0
CON00989,PED013189,2025-02-25,CLI15526,LOJ0166,7,79.82,qualidade,A comida chegou fria e com qualidade abaixo do esperado.,1,2315,0,4,0,,sem_resposta,autoaprovada,aprovada,57.59,0
CON00990,PED015957,2025-02-15,CLI05985,LOJ0076,7,99.53,PRODUTO AVARIADO,O produto chegou danificado dentro da sacola.,1,1403,1,3,0,,respondida,autoaprovada,aprovada,73.53,0
CON00991,PED011712,09/02/2025,CLI01463,LOJ0301,2,"R$ 101,53",nao_entregue,"Consta entrega concluída, porém nada foi recebido.",1,1870,1,1,0,,respondida,autoaprovada,aprovada,83.37,0
CON00992,PED012418,2025-02-03,CLI14253,LOJ0268,2,122.90,qualidade,O produto estava com aparência ruim quando chegou.,1,542,1,1,0,,sem resposta,autoaprovada,aprovada,"86,19",0
CON00993,PED010137,2025-02-23,CLI16756,LOJ0434,5,81.42,item_faltante,"O pedido chegou incompleto, faltou parte da compra.",0,1776,0,3,0,,respondida,autoaprovada,aprovada,51.47,0
CON00994,PED015421,2025-02-04,CLI01718,LOJ0319,3,102.46,qualidade,A comida chegou fria e com qualidade abaixo do esperado.,1,1358,1,1,0,GRP043,respondida,autoaprovada,aprovada,66.55,1
CON00995,PED013941,2025-02-05,CLI16829,LOJ0274,7,"91,85",nao_entregue,"Consta entrega concluída, porém nada foi recebido.",1,1376,0,3,0,GRP120,respondida,revisao_manual,aprovada,65.96,0
CON00996,PED017502,2025-02-21,CLI16499,LOJ0106,3,134.61,nao_entregue,O pedido não chegou no endereço informado.,0,1624,1,3,0,,sem_resposta,autoaprovada,aprovada,102.36,0
CON00997,PED011178,09/02/2025,CLI02756,LOJ0163,5,104.73,qualidade,A comida chegou fria e com qualidade abaixo do esperado.,1,1796,0,2,0,,respondida,revisao_manual,aprovada,86.15,0
CON00998,PED012871,2025-02-22,CLI06835,LOJ0318,3,89.47,produto_avariado,O produto chegou danificado dentro da sacola.,0,1567,0,1,0,,respondida,autoaprovada,aprovada,63.16,0
CON00999,PED015168,2025-02-22,CLI03429,LOJ0440,3,177.26,produto_avariado,A embalagem chegou aberta e o produto estava avariado.,1,1844,0,1,0,,respondida,autoaprovada,aprovada,"R$ 150,13",0
CON01000,PED017794,2025-02-04,CLI17535,LOJ0336,2,26.89,produto_avariado,O produto chegou danificado dentro da sacola.,1,977,0,1,0,,respondida,revisao_manual,negada,0.00,0
CON01001,PED013071,2025-02-09,CLI14698,LOJ0283,2,73.80,pedido_incorreto,Recebi produtos diferentes do que selecionei.,0,238,0,1,0,,respondida,autoaprovada,aprovada,55.13,0
CON01002,PED017491,2025-02-18,CLI02673,LOJ0159,4,"R$ 62,04",qualidade,A comida chegou fria e com qualidade abaixo do esperado.,0,2079,0,3,1,,respondida,autoaprovada,aprovada,50.38,0
CON01003,PED018762,12/02/2025,CLI05934,LOJ0127,6,169.91,qualidade,A qualidade não correspondeu ao que foi anunciado.,1,1750,1,3,0,,SEM RESPOSTA,autoaprovada,aprovada,138.14,1
CON01004,PED011498,2025-02-26,CLI00538,LOJ0448,6,66.89,qualidade,A comida chegou fria e com qualidade abaixo do esperado.,1,1338,0,2,0,,respondida,revisao_manual,negada,0.00,0
CON01005,PED011362,2025-02-05,CLI13532,LOJ0220,2,51.90,produto_avariado,O item vazou durante a entrega e não dava para consumir.,1,1526,2,2,0,GRP001,sem resposta,revisao_manual,negada,0.00,0
CON01006,PED010142,2025-02-16,CLI14568,LOJ0312,2,123.60,pedido_incorreto,Recebi produtos diferentes do que selecionei.,1,1405,0,2,0,,respondida,autoaprovada,aprovada,"56,80",0
CON01007,PED016996,2025-02-10,CLI04934,LOJ0449,2,70.67,produto_avariado,A embalagem chegou aberta e o produto estava avariado.,1,211,0,1,0,,respondida,autoaprovada,aprovada,19.53,0
CON01008,PED017994,2025-02-21,CLI16772,LOJ0415,5,113.60,produto_avariado,O item vazou durante a entrega e não dava para consumir.,1,906,1,1,1,,SEM RESPOSTA,autoaprovada,aprovada,88.34,0
CON01009,PED011926,02/02/2025,CLI17181,LOJ0333,2,"152,25",produto_avariado,A embalagem chegou aberta e o produto estava avariado.,0,828,0,1,0,,respondida,autoaprovada,aprovada,54.72,0
CON01010,PED014101,2025-02-12,CLI14822,LOJ0346,2,167.95,pedido_incorreto,O pedido veio errado e preciso corrigir a cobrança.,1,987,0,1,1,,respondida,autoaprovada,aprovada,"R$ 145,58",0
CON01011,PED011754,2025-02-28,CLI09675,LOJ0070,5,83.43,qualidade,O produto estava com aparência ruim quando chegou.,0,2214,0,5,0,,respondida,revisao_manual,aprovada,64.01,0
CON01012,PED017631,2025-02-06,CLI11442,LOJ0205,7,107.52,pedido_incorreto,O pedido veio errado e preciso corrigir a cobrança.,1,719,1,5,0,,respondida,autoaprovada,aprovada,71.22,1
CON01013,PED011296,2025-02-18,CLI03369,LOJ0072,2,"R$ 93,37",ITEM FALTANTE,Não recebi todos os itens que estavam na nota.,1,282,2,1,0,,respondida,autoaprovada,aprovada,"77,14",0
CON01014,PED013929,2025-02-08,CLI09162,LOJ0314,6,82.46,pedido_incorreto,O pedido veio errado e preciso corrigir a cobrança.,1,798,0,6,0,,sem_resposta,negada_ou_retirada,negada,0.00,0
CON01015,PED013521,11/02/2025,CLI06172,LOJ0257,7,112.62,qualidade,A comida chegou fria e com qualidade abaixo do esperado.,1,510,0,7,0,,sem resposta,autoaprovada,aprovada,79.76,0
CON01016,PED010134,2025-02-05,CLI08809,LOJ0334,6,"58,06",pedido_incorreto,Entregaram outro item no lugar do que comprei.,1,1761,0,3,0,,respondida,autoaprovada,aprovada,43.73,0
CON01017,PED016073,2025-02-12,CLI16102,LOJ0224,5,107.44,produto_avariado,O item vazou durante a entrega e não dava para consumir.,0,1864,1,1,0,,respondida,autoaprovada,aprovada,71.28,0
CON01018,PED017449,2025-02-18,CLI05877,LOJ0134,2,55.49,item_faltante,"O pedido chegou incompleto, faltou parte da compra.",1,1103,0,1,0,,sem_resposta,autoaprovada,aprovada,33.33,0
CON01019,PED011026,2025-02-17,CLI16632,LOJ0069,2,84.59,pedido_incorreto,Recebi produtos diferentes do que selecionei.,1,2360,1,1,0,,SEM RESPOSTA,revisao_manual,aprovada,56.60,0
CON01020,PED018429,2025-02-05,CLI16924,LOJ0163,3,94.34,produto_avariado,A embalagem chegou aberta e o produto estava avariado.,1,13,1,2,0,,sem resposta,autoaprovada,aprovada,"74,30",0
CON01021,PED011097,22/02/2025,CLI15836,LOJ0005,6,150.45,item_faltante,Faltou um item do pedido e a loja não respondeu.,1,812,6,1,0,,SEM RESPOSTA,autoaprovada,aprovada,"R$ 69,80",0
CON01022,PED011833,2025-02-06,CLI14177,LOJ0218,2,49.88,item_faltante,Faltou um item do pedido e a loja não respondeu.,1,1771,2,1,0,GRP127,sem_resposta,negada_ou_retirada,negada,0.00,0
CON01023,PED018376,2025-02-07,CLI09988,LOJ0298,6,"88,74",qualidade,O produto estava com aparência ruim quando chegou.,0,857,1,3,1,,respondida,autoaprovada,aprovada,51.02,1
CON01024,PED018485,2025-02-19,CLI01345,LOJ0267,3,"R$ 87,72",item_faltante,Não recebi todos os itens que estavam na nota.,1,2240,6,2,0,,sem resposta,revisao_manual,negada,0.00,0
CON01025,PED014597,2025-02-08,CLI17936,LOJ0278,3,60.73,item_faltante,Faltou um item do pedido e a loja não respondeu.,1,294,1,3,0,,sem_resposta,autoaprovada,aprovada,36.72,1
CON01026,PED010657,2025-02-17,CLI16862,LOJ0033,4,65.85,item_faltante,"O pedido chegou incompleto, faltou parte da compra.",1,1522,2,2,1,,SEM RESPOSTA,autoaprovada,aprovada,24.56,0
CON01027,PED013991,11/02/2025,CLI01124,LOJ0415,3,84.28,item_faltante,Faltou um item do pedido e a loja não respondeu.,1,1521,2,3,0,GRP031,respondida,autoaprovada,aprovada,"70,98",0
CON01028,PED009922,2025-02-05,CLI11349,LOJ0329,3,60.32,produto_avariado,O produto chegou danificado dentro da sacola.,1,1168,0,2,0,,sem resposta,negada_ou_retirada,negada,0.00,0
CON01029,PED010476,2025-02-27,CLI06975,LOJ0130,3,107.88,item_faltante,"O pedido chegou incompleto, faltou parte da compra.",1,1119,1,2,0,,respondida,autoaprovada,aprovada,40.08,0
CON01030,PED014269,2025-02-15,CLI04328,LOJ0160,7,"98,40",pedido_incorreto,Entregaram outro item no lugar do que comprei.,1,1505,1,2,0,,respondida,autoaprovada,aprovada,66.26,0
CON01031,PED014996,2025-02-06,CLI05085,LOJ0059,7,115.60,qualidade,O produto estava com aparência ruim quando chegou.,1,59,0,6,0,,SEM RESPOSTA,revisao_manual,negada,0.00,0
CON01032,PED014722,2025-02-16,CLI17356,LOJ0093,6,94.24,item_faltante,Não recebi todos os itens que estavam na nota.,0,791,0,2,0,,sem_resposta,autoaprovada,aprovada,"R$ 66,45",0
CON01033,PED012745,19/02/2025,CLI05598,LOJ0446,2,71.28,item_faltante,Não recebi todos os itens que estavam na nota.,0,1824,2,1,0,,sem resposta,autoaprovada,aprovada,35.80,0
CON01034,PED016304,2025-02-08,CLI13862,LOJ0269,3,147.31,item_faltante,Faltou um item do pedido e a loja não respondeu.,0,1220,0,1,0,,respondida,autoaprovada,aprovada,"111,90",0
CON01035,PED012775,2025-02-27,CLI02827,LOJ0318,2,"R$ 78,33",qualidade,A comida chegou fria e com qualidade abaixo do esperado.,1,2223,0,1,0,,respondida,revisao_manual,aprovada,43.44,0
CON01036,PED016382,2025-02-04,CLI16133,LOJ0195,3,91.87,QUALIDADE,A qualidade não correspondeu ao que foi anunciado.,1,2089,1,1,0,,respondida,autoaprovada,aprovada,76.65,0
CON01037,PED012531,2025-02-14,CLI15171,LOJ0334,4,"260,60",produto_avariado,A embalagem chegou aberta e o produto estava avariado.,1,1375,0,2,0,,respondida,autoaprovada,aprovada,37.03,0
CON01038,PED014567,2025-02-12,CLI07774,LOJ0180,2,84.40,nao_entregue,"Consta entrega concluída, porém nada foi recebido.",1,1715,2,1,0,,respondida,autoaprovada,aprovada,35.14,0
CON01039,PED010248,11/02/2025,CLI15602,LOJ0384,2,128.45,item_faltante,Não recebi todos os itens que estavam na nota.,0,229,1,1,0,,respondida,autoaprovada,aprovada,98.81,0
CON01040,PED016963,2025-02-19,CLI08084,LOJ0268,4,53.56,item_faltante,Não recebi todos os itens que estavam na nota.,0,762,1,3,0,,sem_resposta,autoaprovada,aprovada,40.06,1
CON01041,PED014905,2025-02-08,CLI11106,LOJ0344,5,121.39,qualidade,A comida chegou fria e com qualidade abaixo do esperado.,1,1810,1,1,0,,respondida,revisao_manual,negada,"0,00",0
CON01042,PED018443,2025-02-01,CLI10879,LOJ0335,5,102.17,item_faltante,Faltou um item do pedido e a loja não respondeu.,1,2130,0,4,0,,respondida,autoaprovada,aprovada,92.76,0
CON01043,PED018478,2025-02-24,CLI16774,LOJ0284,4,57.21,nao_entregue,"O aplicativo marcou como entregue, mas não recebi o pedido.",1,2275,0,4,0,,SEM RESPOSTA,autoaprovada,aprovada,"R$ 48,18",0
CON01044,PED018893,2025-02-12,CLI14005,LOJ0369,4,"88,76",pedido_incorreto,O pedido veio errado e preciso corrigir a cobrança.,1,2237,1,3,0,,sem resposta,autoaprovada,aprovada,48.72,0
CON01045,PED013129,25/02/2025,CLI04663,LOJ0200,5,141.66,nao_entregue,"Consta entrega concluída, porém nada foi recebido.",0,1004,0,4,0,,SEM RESPOSTA,autoaprovada,aprovada,136.12,0
CON01046,PED016782,2025-02-09,CLI07597,LOJ0259,2,"R$ 118,03",pedido_incorreto,Entregaram outro item no lugar do que comprei.,1,2167,1,1,0,,respondida,autoaprovada,aprovada,35.33,0
CON01047,PED018182,2025-02-13,CLI05216,LOJ0448,4,132.89,pedido_incorreto,O pedido veio errado e preciso corrigir a cobrança.,1,269,0,1,1,,respondida,revisao_manual,aprovada,99.93,1
CON01048,PED012724,2025-02-03,CLI15126,LOJ0265,2,120.14,pedido_incorreto,Recebi produtos diferentes do que selecionei.,1,1681,1,1,1,,sem_resposta,autoaprovada,aprovada,"100,61",1
CON01049,PED013861,2025-02-01,CLI06743,LOJ0091,2,81.50,nao_entregue,"O aplicativo marcou como entregue, mas não recebi o pedido.",0,1551,2,1,0,,sem resposta,autoaprovada,aprovada,45.85,0
CON01050,PED013458,2025-02-17,CLI11326,LOJ0419,3,75.29,nao_entregue,"Consta entrega concluída, porém nada foi recebido.",1,2348,1,1,0,,respondida,autoaprovada,aprovada,41.52,0
CON01051,PED013833,19/02/2025,CLI12526,LOJ0142,4,"89,63",nao_entregue,"Consta entrega concluída, porém nada foi recebido.",1,2161,1,2,0,,sem_resposta,autoaprovada,aprovada,55.98,1
CON01052,PED013804,2025-02-10,CLI07341,LOJ0007,5,126.69,pedido_incorreto,Entregaram outro item no lugar do que comprei.,1,1790,2,5,0,,respondida,autoaprovada,aprovada,96.30,0
CON01053,PED017175,2025-02-02,CLI16631,LOJ0191,7,133.01,item_faltante,"O pedido chegou incompleto, faltou parte da compra.",1,1078,1,1,1,,respondida,autoaprovada,aprovada,116.34,0
CON01054,PED018039,2025-02-28,CLI14587,LOJ0085,2,151.09,pedido_incorreto,O pedido veio errado e preciso corrigir a cobrança.,1,1647,0,1,0,,respondida,autoaprovada,aprovada,"R$ 146,22",0
CON01055,PED014827,2025-02-12,CLI03811,LOJ0201,6,145.38,item_faltante,"O pedido chegou incompleto, faltou parte da compra.",0,2003,0,1,0,,respondida,revisao_manual,aprovada,"110,22",1
CON01056,PED010145,2025-02-05,CLI09402,LOJ0026,2,128.54,pedido_incorreto,O pedido veio errado e preciso corrigir a cobrança.,0,1356,1,1,0,,SEM RESPOSTA,revisao_manual,aprovada,92.76,1
CON01057,PED015537,15/02/2025,CLI14719,LOJ0120,5,"R$ 113,89",pedido_incorreto,Recebi produtos diferentes do que selecionei.,0,1236,2,2,0,,sem resposta,autoaprovada,aprovada,80.02,0
CON01058,PED015055,2025-02-13,CLI13688,LOJ0070,7,"64,35",qualidade,A comida chegou fria e com qualidade abaixo do esperado.,1,762,0,2,0,,SEM RESPOSTA,negada_ou_retirada,retirada,0.00,0
CON01059,PED015322,2025-02-03,CLI02943,LOJ0353,2,34.38,ITEM FALTANTE,Não recebi todos os itens que estavam na nota.,1,1310,0,1,0,,respondida,negada_ou_retirada,retirada,0.00,0
CON01060,PED011923,2025-02-27,CLI05301,LOJ0285,7,96.51,produto_avariado,A embalagem chegou aberta e o produto estava avariado.,1,1173,0,5,0,GRP064,sem_resposta,autoaprovada,aprovada,67.02,0
CON01061,PED014240,2025-02-20,CLI05238,LOJ0376,4,127.28,item_faltante,Faltou um item do pedido e a loja não respondeu.,1,1463,1,4,0,,sem resposta,autoaprovada,aprovada,109.47,1
CON01062,PED016654,2025-02-11,CLI07848,LOJ0431,5,95.84,nao_entregue,O pedido não chegou no endereço informado.,1,724,2,1,0,,respondida,autoaprovada,aprovada,"72,27",0
CON01063,PED017301,03/02/2025,CLI13386,LOJ0049,3,97.14,item_faltante,"O pedido chegou incompleto, faltou parte da compra.",1,1576,0,3,0,,respondida,autoaprovada,aprovada,85.23,0
CON01064,PED018235,2025-02-14,CLI05690,LOJ0079,6,64.09,qualidade,O produto estava com aparência ruim quando chegou.,1,107,1,2,0,,respondida,revisao_manual,aprovada,43.40,0
CON01065,PED018798,2025-02-28,CLI15589,LOJ0028,3,"95,00",item_faltante,Faltou um item do pedido e a loja não respondeu.,1,1541,0,1,0,,sem_resposta,negada_ou_retirada,negada,"R$ 0,00",0
CON01066,PED012104,2025-02-11,CLI04038,LOJ0343,7,133.17,pedido_incorreto,Recebi produtos diferentes do que selecionei.,1,968,0,3,0,,SEM RESPOSTA,autoaprovada,aprovada,101.11,0
CON01067,PED013296,2025-02-11,CLI14894,LOJ0253,2,57.52,item_faltante,Faltou um item do pedido e a loja não respondeu.,0,905,0,1,0,,respondida,negada_ou_retirada,negada,0.00,0
CON01068,PED014539,2025-02-13,CLI09402,LOJ0326,5,"R$ 131,35",pedido_incorreto,Entregaram outro item no lugar do que comprei.,1,2340,1,4,0,,sem resposta,negada_ou_retirada,negada,0.00,0
CON01069,PED014422,07/02/2025,CLI15747,LOJ0337,7,175.22,qualidade,A comida chegou fria e com qualidade abaixo do esperado.,1,1006,1,1,0,,SEM RESPOSTA,negada_ou_retirada,retirada,"0,00",0
CON01070,PED011992,2025-02-08,CLI01847,LOJ0325,3,98.57,nao_entregue,O pedido não chegou no endereço informado.,1,1611,1,3,0,,respondida,autoaprovada,aprovada,90.54,0
CON01071,PED010018,2025-02-27,CLI13359,LOJ0169,6,82.10,nao_entregue,O pedido não chegou no endereço informado.,1,1834,5,6,0,,respondida,autoaprovada,aprovada,48.13,1
CON01072,PED018304,2025-02-19,CLI16550,LOJ0137,5,"61,27",pedido_incorreto,Entregaram outro item no lugar do que comprei.,1,1169,1,1,0,,sem_resposta,negada_ou_retirada,negada,0.00,0
CON01073,PED014789,2025-02-19,CLI04656,LOJ0433,2,84.47,qualidade,A qualidade não correspondeu ao que foi anunciado.,1,699,0,1,0,,respondida,autoaprovada,aprovada,64.12,0
CON01074,PED014993,2025-02-22,CLI11548,LOJ0213,3,100.45,qualidade,A qualidade não correspondeu ao que foi anunciado.,1,1817,0,1,0,,respondida,autoaprovada,aprovada,43.52,0
CON01075,PED016056,15/02/2025,CLI00125,LOJ0330,6,71.19,pedido_incorreto,Entregaram outro item no lugar do que comprei.,1,2099,0,4,0,,sem resposta,autoaprovada,aprovada,25.01,0
CON01076,PED014020,2025-02-18,CLI01915,LOJ0349,5,119.11,qualidade,O produto estava com aparência ruim quando chegou.,1,579,1,5,0,,sem_resposta,autoaprovada,aprovada,"R$ 47,08",0
CON01077,PED012035,2025-02-26,CLI17798,LOJ0266,7,144.38,nao_entregue,"Consta entrega concluída, porém nada foi recebido.",0,1810,1,7,0,,SEM RESPOSTA,revisao_manual,negada,0.00,0
CON01078,PED015796,2025-02-02,CLI13784,LOJ0441,5,76.38,pedido_incorreto,O pedido veio errado e preciso corrigir a cobrança.,0,1085,0,1,0,,respondida,revisao_manual,negada,0.00,0
CON01079,PED009233,2025-02-18,CLI17457,LOJ0394,4,"R$ 58,97",item_faltante,"O pedido chegou incompleto, faltou parte da compra.",1,2306,0,3,0,,respondida,revisao_manual,aprovada,44.05,0
CON01080,PED018674,2025-02-17,CLI00956,LOJ0159,2,116.19,item_faltante,Faltou um item do pedido e a loja não respondeu.,0,2262,1,1,0,GRP112,sem resposta,autoaprovada,aprovada,97.11,0
CON01081,PED016919,23/02/2025,CLI04008,LOJ0004,4,188.89,produto_avariado,O produto chegou danificado dentro da sacola.,0,1965,2,3,1,,respondida,autoaprovada,aprovada,75.87,1
CON01082,PED017403,2025-02-10,CLI12980,LOJ0098,3,112.63,QUALIDADE,A qualidade não correspondeu ao que foi anunciado.,1,1388,2,1,0,,respondida,autoaprovada,aprovada,80.82,0
CON01083,PED013835,2025-02-08,CLI17312,LOJ0432,6,145.19,pedido_incorreto,O pedido veio errado e preciso corrigir a cobrança.,1,791,1,5,0,,respondida,autoaprovada,aprovada,"130,38",0
CON01084,PED014624,2025-02-23,CLI10093,LOJ0276,7,117.45,pedido_incorreto,O pedido veio errado e preciso corrigir a cobrança.,0,708,1,3,0,,SEM RESPOSTA,revisao_manual,aprovada,109.24,0
CON01085,PED010790,2025-02-26,CLI05971,LOJ0151,5,131.02,qualidade,A qualidade não correspondeu ao que foi anunciado.,1,1712,2,4,1,,respondida,autoaprovada,aprovada,117.30,0
CON01086,PED016758,2025-02-10,CLI05924,LOJ0390,5,"116,25",pedido_incorreto,Recebi produtos diferentes do que selecionei.,1,776,1,4,1,,respondida,negada_ou_retirada,negada,0.00,0
CON01087,PED017215,07/02/2025,CLI00510,LOJ0206,5,94.53,item_faltante,Faltou um item do pedido e a loja não respondeu.,0,110,1,3,0,,sem_resposta,autoaprovada,aprovada,"R$ 75,70",0
CON01088,PED016047,2025-02-23,CLI01681,LOJ0014,4,83.21,produto_avariado,O item vazou durante a entrega e não dava para consumir.,1,2257,1,1,0,,respondida,autoaprovada,aprovada,75.19,0
CON01089,PED016721,2025-02-02,CLI11713,LOJ0186,5,132.37,pedido_incorreto,Entregaram outro item no lugar do que comprei.,1,1611,0,3,0,,sem resposta,autoaprovada,aprovada,50.09,0
CON01090,PED010663,2025-02-06,CLI10853,LOJ0119,6,"R$ 180,74",pedido_incorreto,Entregaram outro item no lugar do que comprei.,1,908,1,1,0,,sem_resposta,autoaprovada,aprovada,"164,09",1
CON01091,PED017137,2025-02-20,CLI14767,LOJ0384,5,81.46,pedido_incorreto,O pedido veio errado e preciso corrigir a cobrança.,1,1940,2,4,0,,respondida,revisao_manual,aprovada,47.58,0
CON01092,PED016999,2025-02-12,CLI15229,LOJ0377,7,74.64,pedido_incorreto,O pedido veio errado e preciso corrigir a cobrança.,1,1448,2,5,0,,respondida,autoaprovada,aprovada,63.03,0
CON01093,PED010273,14/02/2025,CLI00272,LOJ0048,2,"165,15",item_faltante,"O pedido chegou incompleto, faltou parte da compra.",1,1252,2,1,0,,respondida,autoaprovada,aprovada,132.75,0
CON01094,PED012120,2025-02-13,CLI01725,LOJ0441,5,75.45,nao_entregue,"Consta entrega concluída, porém nada foi recebido.",0,1620,1,3,0,,SEM RESPOSTA,autoaprovada,aprovada,32.86,0
CON01095,PED012075,2025-02-22,CLI12183,LOJ0414,6,98.80,pedido_incorreto,Entregaram outro item no lugar do que comprei.,1,1395,1,2,0,,sem resposta,autoaprovada,aprovada,60.23,0
CON01096,PED016446,2025-02-14,CLI06749,LOJ0241,5,32.06,nao_entregue,"O aplicativo marcou como entregue, mas não recebi o pedido.",1,989,2,1,0,,respondida,negada_ou_retirada,negada,0.00,0
CON01097,PED012772,2025-02-12,CLI06876,LOJ0275,7,72.34,item_faltante,Não recebi todos os itens que estavam na nota.,1,1315,1,5,0,,SEM RESPOSTA,autoaprovada,aprovada,"38,74",0
CON01098,PED013343,2025-02-19,CLI01406,LOJ0117,5,66.15,pedido_incorreto,Recebi produtos diferentes do que selecionei.,0,732,0,2,0,,sem_resposta,revisao_manual,negada,"R$ 0,00",0
CON01099,PED016601,18/02/2025,CLI07452,LOJ0034,3,24.20,item_faltante,Faltou um item do pedido e a loja não respondeu.,1,2142,2,2,0,,sem resposta,revisao_manual,negada,0.00,0
CON01100,PED017270,2025-02-04,CLI10305,LOJ0158,2,"124,02",pedido_incorreto,O pedido veio errado e preciso corrigir a cobrança.,1,1448,2,2,1,,respondida,autoaprovada,aprovada,87.66,1
CON01101,PED018089,2025-02-09,CLI11877,LOJ0237,2,"R$ 95,48",nao_entregue,O pedido não chegou no endereço informado.,0,2098,0,1,0,,respondida,revisao_manual,aprovada,79.05,0
CON01102,PED012175,2025-02-14,CLI07406,LOJ0226,7,126.18,item_faltante,"O pedido chegou incompleto, faltou parte da compra.",0,1285,4,1,0,,respondida,revisao_manual,aprovada,84.26,1
CON01103,PED009264,2025-02-08,CLI06613,LOJ0256,6,106.97,pedido_incorreto,O pedido veio errado e preciso corrigir a cobrança.,1,1347,1,1,0,,respondida,autoaprovada,aprovada,78.59,0
CON01104,PED013227,2025-02-20,CLI07458,LOJ0311,2,72.49,item_faltante,Não recebi todos os itens que estavam na nota.,1,1179,2,1,1,,respondida,revisao_manual,aprovada,"42,30",0
CON01105,PED015140,10/02/2025,CLI05617,LOJ0083,6,57.61,ITEM FALTANTE,Não recebi todos os itens que estavam na nota.,1,1164,1,6,0,,respondida,revisao_manual,negada,0.00,0
CON01106,PED018967,2025-02-19,CLI08894,LOJ0112,3,188.43,item_faltante,Faltou um item do pedido e a loja não respondeu.,0,180,2,2,0,,sem_resposta,autoaprovada,aprovada,43.00,0
CON01107,PED017304,2025-02-18,CLI02074,LOJ0233,4,"124,37",pedido_incorreto,Entregaram outro item no lugar do que comprei.,0,1566,1,2,0,,respondida,autoaprovada,aprovada,97.80,0
CON01108,PED010736,2025-02-27,CLI11634,LOJ0200,5,53.72,qualidade,A comida chegou fria e com qualidade abaixo do esperado.,1,2101,1,5,0,,respondida,revisao_manual,negada,0.00,0
CON01109,PED016649,2025-02-11,CLI03711,LOJ0148,4,116.02,qualidade,A comida chegou fria e com qualidade abaixo do esperado.,1,976,1,3,0,,respondida,autoaprovada,aprovada,"R$ 50,46",0
CON01110,PED016643,2025-02-09,CLI15895,LOJ0346,3,145.98,pedido_incorreto,O pedido veio errado e preciso corrigir a cobrança.,0,358,2,2,0,,respondida,autoaprovada,aprovada,117.02,0
CON01111,PED016924,19/02/2025,CLI13354,LOJ0247,2,158.18,nao_entregue,"Consta entrega concluída, porém nada foi recebido.",1,1160,0,1,0,,respondida,revisao_manual,aprovada,"141,48",0
CON01112,PED010553,2025-02-06,CLI12714,LOJ0318,2,"R$ 135,18",item_faltante,"O pedido chegou incompleto, faltou parte da compra.",0,1368,1,1,0,,respondida,autoaprovada,aprovada,107.79,0
CON01113,PED009526,2025-02-20,CLI00303,LOJ0292,6,118.87,qualidade,A comida chegou fria e com qualidade abaixo do esperado.,0,1509,0,2,0,,SEM RESPOSTA,revisao_manual,aprovada,113.81,1
CON01114,PED010049,2025-02-05,CLI14263,LOJ0266,2,"172,71",item_faltante,Faltou um item do pedido e a loja não respondeu.,0,170,2,1,0,,respondida,autoaprovada,aprovada,137.31,0
CON01115,PED013722,2025-02-23,CLI09978,LOJ0006,2,107.80,produto_avariado,A embalagem chegou aberta e o produto estava avariado.,0,2243,5,1,0,,respondida,revisao_manual,aprovada,76.79,1
CON01116,PED015966,2025-02-22,CLI07737,LOJ0263,7,100.39,produto_avariado,O produto chegou danificado dentro da sacola.,1,782,0,3,0,,sem resposta,autoaprovada,aprovada,67.01,0
CON01117,PED015523,25/02/2025,CLI16584,LOJ0044,4,73.49,qualidade,A qualidade não correspondeu ao que foi anunciado.,1,1743,0,1,0,,respondida,autoaprovada,aprovada,38.12,0
CON01118,PED016385,2025-02-11,CLI00086,LOJ0052,3,76.73,produto_avariado,O produto chegou danificado dentro da sacola.,1,666,2,2,0,,respondida,autoaprovada,aprovada,"58,54",0
CON01119,PED016826,2025-02-16,CLI01519,LOJ0281,3,137.85,item_faltante,Não recebi todos os itens que estavam na nota.,1,1604,0,2,0,,SEM RESPOSTA,autoaprovada,aprovada,107.33,0
CON01120,PED015879,2025-02-13,CLI09991,LOJ0199,2,98.82,qualidade,A comida chegou fria e com qualidade abaixo do esperado.,1,1885,2,1,1,,sem_resposta,autoaprovada,aprovada,"R$ 62,54",1
CON01121,PED015237,2025-02-05,CLI15501,LOJ0093,2,"124,81",item_faltante,"O pedido chegou incompleto, faltou parte da compra.",1,2265,0,1,0,GRP041,respondida,autoaprovada,aprovada,112.69,1
CON01122,PED015753,2025-02-10,CLI05213,LOJ0416,2,74.79,item_faltante,Faltou um item do pedido e a loja não respondeu.,1,2001,0,2,0,,sem resposta,autoaprovada,aprovada,66.70,1
CON01123,PED010355,07/02/2025,CLI15225,LOJ0286,3,"R$ 116,73",item_faltante,"O pedido chegou incompleto, faltou parte da compra.",1,2218,0,1,0,,respondida,autoaprovada,aprovada,86.36,1
CON01124,PED012102,2025-02-05,CLI16106,LOJ0092,4,85.54,item_faltante,Faltou um item do pedido e a loja não respondeu.,1,1545,1,3,0,GRP115,sem_resposta,autoaprovada,aprovada,79.77,0
CON01125,PED016816,2025-02-04,CLI01779,LOJ0432,4,111.45,nao_entregue,O pedido não chegou no endereço informado.,0,2096,0,1,0,,respondida,revisao_manual,negada,"0,00",0
CON01126,PED015693,2025-02-19,CLI13940,LOJ0180,4,113.90,produto_avariado,O item vazou durante a entrega e não dava para consumir.,0,312,2,2,0,,SEM RESPOSTA,negada_ou_retirada,retirada,0.00,0
CON01127,PED012336,2025-02-09,CLI04668,LOJ0392,6,66.68,item_faltante,"O pedido chegou incompleto, faltou parte da compra.",0,1249,0,3,0,,respondida,negada_ou_retirada,negada,0.00,0
CON01128,PED009447,2025-02-04,CLI01399,LOJ0356,4,"101,78",ITEM FALTANTE,Não recebi todos os itens que estavam na nota.,1,1511,2,2,0,,respondida,autoaprovada,aprovada,75.26,0
CON01129,PED015802,10/02/2025,CLI07185,LOJ0163,3,58.90,produto_avariado,O item vazou durante a entrega e não dava para consumir.,1,685,0,1,0,,sem resposta,negada_ou_retirada,retirada,0.00,0
CON01130,PED014457,2025-02-23,CLI10954,LOJ0298,2,163.04,pedido_incorreto,Recebi produtos diferentes do que selecionei.,1,426,0,1,0,GRP082,respondida,autoaprovada,aprovada,127.78,1
CON01131,PED013478,2025-02-15,CLI09055,LOJ0302,6,72.67,pedido_incorreto,O pedido veio errado e preciso corrigir a cobrança.,0,2240,1,4,0,GRP026,respondida,negada_ou_retirada,negada,"R$ 0,00",0
CON01132,PED012354,2025-02-05,CLI06025,LOJ0192,2,94.32,nao_entregue,O pedido não chegou no endereço informado.,1,1408,2,2,0,,SEM RESPOSTA,autoaprovada,aprovada,"54,84",0
CON01133,PED009582,2025-02-25,CLI16848,LOJ0075,3,92.86,item_faltante,"O pedido chegou incompleto, faltou parte da compra.",1,2038,0,1,0,,sem_resposta,autoaprovada,aprovada,41.92,0
CON01134,PED010721,2025-02-12,CLI13738,LOJ0333,2,"R$ 134,02",qualidade,A comida chegou fria e com qualidade abaixo do esperado.,1,388,4,1,1,,respondida,autoaprovada,aprovada,114.91,1
CON01135,PED016991,03/02/2025,CLI12546,LOJ0197,2,"58,05",pedido_incorreto,O pedido veio errado e preciso corrigir a cobrança.,0,1090,1,1,0,,sem resposta,revisao_manual,negada,0.00,0
CON01136,PED010299,2025-02-14,CLI08970,LOJ0112,4,81.57,qualidade,O produto estava com aparência ruim quando chegou.,1,1213,1,3,0,,respondida,revisao_manual,negada,0.00,0
CON01137,PED012346,2025-02-08,CLI16429,LOJ0287,7,56.18,pedido_incorreto,O pedido veio errado e preciso corrigir a cobrança.,1,831,0,4,0,,sem_resposta,autoaprovada,aprovada,20.61,0
CON01138,PED013244,2025-02-21,CLI03458,LOJ0058,6,91.96,pedido_incorreto,Recebi produtos diferentes do que selecionei.,1,538,0,6,0,,respondida,autoaprovada,aprovada,68.26,0
CON01139,PED016556,2025-02-13,CLI06516,LOJ0328,3,107.43,item_faltante,"O pedido chegou incompleto, faltou parte da compra.",0,2009,0,1,0,,SEM RESPOSTA,negada_ou_retirada,negada,"0,00",0
CON01140,PED018679,2025-02-01,CLI17129,LOJ0245,2,83.44,item_faltante,Faltou um item do pedido e a loja não respondeu.,1,500,3,1,0,,respondida,revisao_manual,negada,0.00,0
CON01141,PED016441,09/02/2025,CLI17764,LOJ0228,2,103.54,nao_entregue,"O aplicativo marcou como entregue, mas não recebi o pedido.",1,2253,1,1,0,,respondida,autoaprovada,aprovada,53.02,0
CON01142,PED015827,2025-02-09,CLI07016,LOJ0182,6,"129,98",item_faltante,Faltou um item do pedido e a loja não respondeu.,1,363,3,2,0,,respondida,autoaprovada,aprovada,"R$ 108,81",1
CON01143,PED014293,2025-02-04,CLI06151,LOJ0448,4,176.40,qualidade,A comida chegou fria e com qualidade abaixo do esperado.,1,1808,1,1,0,,sem resposta,autoaprovada,aprovada,140.92,0
CON01144,PED013336,2025-02-16,CLI17142,LOJ0437,3,188.49,qualidade,A qualidade não correspondeu ao que foi anunciado.,1,1765,0,2,0,,respondida,autoaprovada,aprovada,158.91,0
CON01145,PED016121,2025-02-03,CLI03571,LOJ0107,4,"R$ 86,04",qualidade,A comida chegou fria e com qualidade abaixo do esperado.,1,2256,0,2,0,,SEM RESPOSTA,autoaprovada,aprovada,59.55,0
CON01146,PED015756,2025-02-03,CLI14486,LOJ0289,2,229.14,qualidade,O produto estava com aparência ruim quando chegou.,1,478,1,1,0,,respondida,negada_ou_retirada,retirada,"0,00",0
CON01147,PED017235,27/02/2025,CLI11659,LOJ0207,2,148.01,produto_avariado,O produto chegou danificado dentro da sacola.,1,2225,1,1,0,,respondida,autoaprovada,aprovada,136.69,0
CON01148,PED013114,2025-02-28,CLI16926,LOJ0098,2,132.89,qualidade,A comida chegou fria e com qualidade abaixo do esperado.,1,182,1,1,0,GRP035,respondida,autoaprovada,aprovada,54.10,0
CON01149,PED017886,2025-02-13,CLI11928,LOJ0004,5,"133,29",item_faltante,Faltou um item do pedido e a loja não respondeu.,0,1812,1,5,0,,respondida,autoaprovada,aprovada,103.99,1
CON01150,PED015377,2025-02-01,CLI04018,LOJ0063,7,137.59,nao_entregue,"O aplicativo marcou como entregue, mas não recebi o pedido.",0,1943,0,2,0,GRP030,respondida,revisao_manual,aprovada,105.43,1
CON01151,PED018711,2025-02-22,CLI11569,LOJ0417,4,129.77,ITEM FALTANTE,Não recebi todos os itens que estavam na nota.,1,338,1,2,0,,respondida,autoaprovada,aprovada,26.57,0
CON01152,PED016823,2025-02-06,CLI14432,LOJ0047,3,93.73,produto_avariado,O item vazou durante a entrega e não dava para consumir.,0,902,1,2,0,,respondida,autoaprovada,aprovada,56.23,0
CON01153,PED011700,24/02/2025,CLI00261,LOJ0254,3,43.94,nao_entregue,O pedido não chegou no endereço informado.,1,2391,0,2,0,,respondida,negada_ou_retirada,retirada,"R$ 0,00",0
CON01154,PED015787,2025-02-28,CLI04848,LOJ0122,7,126.98,pedido_incorreto,Recebi produtos diferentes do que selecionei.,1,691,0,6,0,,sem_resposta,autoaprovada,aprovada,108.91,0
CON01155,PED011672,2025-02-04,CLI13959,LOJ0142,6,80.43,item_faltante,Não recebi todos os itens que estavam na nota.,1,2339,1,2,0,,respondida,autoaprovada,aprovada,46.54,0
CON01156,PED013209,2025-02-24,CLI00547,LOJ0260,2,"R$ 109,13",pedido_incorreto,Entregaram outro item no lugar do que comprei.,1,48,0,2,0,,respondida,autoaprovada,aprovada,71.22,0
CON01157,PED015506,2025-02-02,CLI16176,LOJ0245,7,127.12,pedido_incorreto,Entregaram outro item no lugar do que comprei.,1,1861,0,1,0,,respondida,autoaprovada,aprovada,98.23,0
CON01158,PED014565,2025-02-09,CLI06478,LOJ0087,2,199.49,item_faltante,"O pedido chegou incompleto, faltou parte da compra.",1,1721,1,1,0,,respondida,revisao_manual,aprovada,167.70,0
CON01159,PED010435,11/02/2025,CLI07924,LOJ0075,5,141.54,pedido_incorreto,Entregaram outro item no lugar do que comprei.,1,975,1,4,0,,respondida,autoaprovada,aprovada,112.02,1
CON01160,PED009216,2025-02-24,CLI04241,LOJ0191,3,85.78,item_faltante,"O pedido chegou incompleto, faltou parte da compra.",1,429,0,2,0,,respondida,autoaprovada,aprovada,"72,09",0
CON01161,PED017945,2025-02-20,CLI06401,LOJ0189,6,88.32,qualidade,A comida chegou fria e com qualidade abaixo do esperado.,1,1828,3,1,0,,sem resposta,autoaprovada,aprovada,59.41,0
CON01162,PED017060,2025-02-23,CLI14984,LOJ0177,5,114.86,nao_entregue,O pedido não chegou no endereço informado.,0,1984,2,1,0,,sem_resposta,autoaprovada,aprovada,95.54,0
CON01163,PED011616,2025-02-13,CLI06462,LOJ0129,6,"102,93",qualidade,A qualidade não correspondeu ao que foi anunciado.,1,924,0,6,0,,SEM RESPOSTA,autoaprovada,aprovada,85.49,0
CON01164,PED013750,2025-02-07,CLI16767,LOJ0427,4,133.30,pedido_incorreto,Recebi produtos diferentes do que selecionei.,1,352,1,2,0,,respondida,autoaprovada,aprovada,"R$ 112,54",0
CON01165,PED010581,04/02/2025,CLI12532,LOJ0442,4,114.72,qualidade,O produto estava com aparência ruim quando chegou.,1,1826,0,3,0,,respondida,autoaprovada,aprovada,97.19,0
CON01166,PED012526,2025-02-20,CLI13218,LOJ0218,5,263.86,pedido_incorreto,Entregaram outro item no lugar do que comprei.,0,1153,2,3,0,,respondida,autoaprovada,aprovada,230.52,1
CON01167,PED012482,2025-02-10,CLI12450,LOJ0368,2,"R$ 83,83",pedido_incorreto,Recebi produtos diferentes do que selecionei.,0,1355,2,2,0,,respondida,autoaprovada,aprovada,"32,87",0
CON01168,PED016914,2025-02-07,CLI00069,LOJ0198,3,78.18,pedido_incorreto,Recebi produtos diferentes do que selecionei.,1,1569,0,1,0,,respondida,autoaprovada,aprovada,39.27,0
CON01169,PED010073,2025-02-28,CLI09098,LOJ0375,5,49.03,nao_entregue,O pedido não chegou no endereço informado.,0,651,1,5,0,,sem resposta,revisao_manual,negada,0.00,0
CON01170,PED015732,2025-02-04,CLI13725,LOJ0136,4,"184,16",qualidade,O produto estava com aparência ruim quando chegou.,0,1373,0,1,0,,respondida,autoaprovada,aprovada,174.24,1
CON01171,PED009516,15/02/2025,CLI16194,LOJ0260,5,150.48,item_faltante,Não recebi todos os itens que estavam na nota.,1,1279,2,3,0,,respondida,autoaprovada,aprovada,124.64,0
CON01172,PED013307,2025-02-27,CLI00594,LOJ0319,7,71.71,qualidade,A qualidade não correspondeu ao que foi anunciado.,0,607,2,7,0,,SEM RESPOSTA,revisao_manual,negada,0.00,0
CON01173,PED012224,2025-02-27,CLI13607,LOJ0186,7,67.98,pedido_incorreto,Entregaram outro item no lugar do que comprei.,0,2010,0,2,0,,respondida,negada_ou_retirada,negada,0.00,0
CON01174,PED015868,2025-02-12,CLI04568,LOJ0178,7,77.09,NAO ENTREGUE,"O aplicativo marcou como entregue, mas não recebi o pedido.",1,940,0,1,0,,respondida,autoaprovada,aprovada,"51,73",0
CON01175,PED009363,2025-02-15,CLI08934,LOJ0233,6,48.99,item_faltante,Faltou um item do pedido e a loja não respondeu.,1,45,1,2,0,,sem_resposta,negada_ou_retirada,negada,"R$ 0,00",0
CON01176,PED010887,2025-02-04,CLI17076,LOJ0126,3,50.55,item_faltante,Faltou um item do pedido e a loja não respondeu.,1,577,2,3,0,,sem resposta,autoaprovada,aprovada,43.93,0
CON01177,PED010456,19/02/2025,CLI03384,LOJ0323,2,"105,63",item_faltante,Faltou um item do pedido e a loja não respondeu.,1,2365,1,1,0,,respondida,autoaprovada,aprovada,45.30,0
CON01178,PED013392,2025-02-24,CLI13434,LOJ0274,2,"R$ 76,25",produto_avariado,O item vazou durante a entrega e não dava para consumir.,1,710,0,1,0,,sem_resposta,autoaprovada,aprovada,39.99,0
CON01179,PED018228,2025-02-09,CLI08071,LOJ0148,7,124.76,pedido_incorreto,Recebi produtos diferentes do que selecionei.,1,1999,0,6,1,,respondida,autoaprovada,aprovada,99.98,1
CON01180,PED016407,2025-02-12,CLI11047,LOJ0286,4,77.92,produto_avariado,A embalagem chegou aberta e o produto estava avariado.,1,2386,1,4,1,,respondida,negada_ou_retirada,negada,0.00,0
CON01181,PED016430,2025-02-12,CLI08752,LOJ0179,7,99.61,pedido_incorreto,Recebi produtos diferentes do que selecionei.,1,728,1,4,0,,respondida,autoaprovada,aprovada,"79,60",0
CON01182,PED012655,2025-02-01,CLI12662,LOJ0337,2,120.57,pedido_incorreto,Recebi produtos diferentes do que selecionei.,1,1314,1,1,0,,respondida,revisao_manual,aprovada,108.80,0
CON01183,PED016252,26/02/2025,CLI12275,LOJ0174,3,73.75,item_faltante,"O pedido chegou incompleto, faltou parte da compra.",0,2179,0,1,0,,respondida,autoaprovada,aprovada,52.70,0
CON01184,PED010151,2025-02-14,CLI14881,LOJ0038,7,"186,07",nao_entregue,O pedido não chegou no endereço informado.,1,116,1,3,0,,SEM RESPOSTA,autoaprovada,aprovada,39.41,0
CON01185,PED013431,2025-02-07,CLI06027,LOJ0055,3,61.55,item_faltante,"O pedido chegou incompleto, faltou parte da compra.",1,1993,0,1,1,,respondida,autoaprovada,aprovada,39.43,0
CON01186,PED011241,2025-02-01,CLI10533,LOJ0369,6,135.78,item_faltante,Faltou um item do pedido e a loja não respondeu.,1,26,2,6,0,,respondida,autoaprovada,aprovada,"R$ 67,55",0
CON01187,PED010287,2025-02-12,CLI00595,LOJ0102,6,84.33,produto_avariado,O produto chegou danificado dentro da sacola.,0,984,1,5,0,,respondida,autoaprovada,aprovada,59.91,0
CON01188,PED009332,2025-02-26,CLI17224,LOJ0356,3,98.20,item_faltante,Faltou um item do pedido e a loja não respondeu.,1,400,0,2,1,,respondida,autoaprovada,aprovada,"73,89",0
CON01189,PED017422,27/02/2025,CLI17942,LOJ0312,4,"R$ 111,58",nao_entregue,"Consta entrega concluída, porém nada foi recebido.",1,736,1,4,1,,respondida,negada_ou_retirada,negada,0.00,0
CON01190,PED016876,2025-02-21,CLI06889,LOJ0415,2,69.83,nao_entregue,"O aplicativo marcou como entregue, mas não recebi o pedido.",0,1658,6,1,0,,respondida,autoaprovada,aprovada,42.53,1
CON01191,PED017021,2025-02-16,CLI17965,LOJ0036,2,"116,74",nao_entregue,"Consta entrega concluída, porém nada foi recebido.",1,1270,0,1,0,GRP098,sem resposta,revisao_manual,aprovada,97.96,0
CON01192,PED015441,2025-02-09,CLI03469,LOJ0226,4,100.46,pedido_incorreto,O pedido veio errado e preciso corrigir a cobrança.,1,80,0,4,0,,SEM RESPOSTA,revisao_manual,aprovada,75.63,0
CON01193,PED013824,2025-02-27,CLI08665,LOJ0206,6,121.43,item_faltante,Faltou um item do pedido e a loja não respondeu.,0,799,2,3,0,,respondida,autoaprovada,aprovada,90.69,0
CON01194,PED015688,2025-02-14,CLI07247,LOJ0027,2,142.66,produto_avariado,A embalagem chegou aberta e o produto estava avariado.,1,104,0,1,0,,respondida,autoaprovada,aprovada,129.98,0
CON01195,PED010075,07/02/2025,CLI00808,LOJ0042,2,63.52,produto_avariado,A embalagem chegou aberta e o produto estava avariado.,0,1320,0,1,0,,sem_resposta,revisao_manual,aprovada,"41,29",0
CON01196,PED018141,2025-02-12,CLI09382,LOJ0343,6,83.86,item_faltante,Não recebi todos os itens que estavam na nota.,0,1268,0,4,0,,respondida,autoaprovada,aprovada,61.07,0
CON01197,PED015164,2025-02-26,CLI15328,LOJ0244,2,166.37,PEDIDO INCORRETO,Recebi produtos diferentes do que selecionei.,1,323,0,1,0,,respondida,autoaprovada,aprovada,"R$ 148,63",0
CON01198,PED017285,2025-02-24,CLI15971,LOJ0351,5,"122,33",item_faltante,Não recebi todos os itens que estavam na nota.,1,499,0,2,0,GRP070,respondida,revisao_manual,aprovada,89.45,0
CON01199,PED018202,2025-02-02,CLI01755,LOJ0097,4,129.13,pedido_incorreto,Entregaram outro item no lugar do que comprei.,1,768,1,2,0,,respondida,autoaprovada,aprovada,47.40,0
CON01200,PED010604,2025-02-25,CLI16544,LOJ0153,4,"R$ 115,30",pedido_incorreto,Entregaram outro item no lugar do que comprei.,1,2129,2,4,0,,respondida,autoaprovada,aprovada,52.59,0
CON01201,PED014695,14/02/2025,CLI10713,LOJ0366,6,109.09,qualidade,A qualidade não correspondeu ao que foi anunciado.,1,1772,1,4,0,,respondida,autoaprovada,aprovada,73.58,0
CON01202,PED018310,2025-02-17,CLI02771,LOJ0053,2,118.67,pedido_incorreto,Recebi produtos diferentes do que selecionei.,1,1538,1,1,0,,respondida,autoaprovada,aprovada,"89,09",0
CON01203,PED015504,2025-02-06,CLI11787,LOJ0131,2,128.05,item_faltante,Faltou um item do pedido e a loja não respondeu.,1,924,0,1,0,,respondida,autoaprovada,aprovada,71.42,0
CON01204,PED016710,2025-02-15,CLI11819,LOJ0338,7,63.20,pedido_incorreto,,0,2184,0,7,0,,sem resposta,autoaprovada,aprovada,51.22,1
CON01205,PED015585,2025-02-23,CLI13456,LOJ0070,2,"50,93",nao_entregue,"Consta entrega concluída, porém nada foi recebido.",1,1065,1,1,0,,sem_resposta,autoaprovada,aprovada,44.01,0
CON01206,PED012914,2025-02-07,CLI10001,LOJ0328,2,43.78,qualidade,A qualidade não correspondeu ao que foi anunciado.,1,224,0,1,0,,SEM RESPOSTA,negada_ou_retirada,retirada,0.00,0
CON01207,PED014410,22/02/2025,CLI11215,LOJ0215,5,61.71,pedido_incorreto,Recebi produtos diferentes do que selecionei.,1,1333,0,3,0,,respondida,autoaprovada,aprovada,50.32,0
CON01208,PED016855,2025-02-08,CLI02186,LOJ0408,2,91.29,pedido_incorreto,O pedido veio errado e preciso corrigir a cobrança.,0,1882,1,1,0,,respondida,autoaprovada,aprovada,"R$ 80,76",0
CON01209,PED016440,2025-02-28,CLI05325,LOJ0132,7,62.81,produto_avariado,O item vazou durante a entrega e não dava para consumir.,1,60,0,5,0,,respondida,negada_ou_retirada,negada,"0,00",0
CON01210,PED016309,2025-02-15,CLI16005,LOJ0254,3,97.24,item_faltante,Não recebi todos os itens que estavam na nota.,1,889,1,1,0,,respondida,autoaprovada,aprovada,81.71,0
CON01211,PED016048,2025-02-10,CLI17895,LOJ0201,5,"R$ 61,65",produto_avariado,O produto chegou danificado dentro da sacola.,1,1298,0,3,0,,respondida,revisao_manual,negada,0.00,0
CON01212,PED011000,2025-02-08,CLI11044,LOJ0091,3,"155,99",qualidade,A comida chegou fria e com qualidade abaixo do esperado.,1,2190,2,3,0,,sem resposta,autoaprovada,aprovada,127.13,1
CON01213,PED018604,25/02/2025,CLI12438,LOJ0391,2,100.27,produto_avariado,O item vazou durante a entrega e não dava para consumir.,1,1574,6,1,0,,respondida,negada_ou_retirada,negada,0.00,0
CON01214,PED010344,2025-02-17,CLI07361,LOJ0296,4,58.87,qualidade,A comida chegou fria e com qualidade abaixo do esperado.,1,605,1,3,0,,respondida,autoaprovada,aprovada,31.24,0
CON01215,PED011354,2025-02-03,CLI02931,LOJ0284,3,98.51,pedido_incorreto,Recebi produtos diferentes do que selecionei.,0,1010,1,1,1,,respondida,autoaprovada,aprovada,74.85,1
CON01216,PED010499,2025-02-16,CLI01161,LOJ0209,7,127.72,item_faltante,"O pedido chegou incompleto, faltou parte da compra.",0,248,0,2,0,,SEM RESPOSTA,revisao_manual,aprovada,"90,26",0
CON01217,PED018426,2025-02-19,CLI01561,LOJ0317,2,65.71,pedido_incorreto,Recebi produtos diferentes do que selecionei.,1,2082,1,1,0,,respondida,autoaprovada,aprovada,42.82,0
CON01218,PED013092,2025-02-25,CLI04731,LOJ0063,3,71.05,pedido_incorreto,Recebi produtos diferentes do que selecionei.,1,1040,1,2,0,,respondida,revisao_manual,aprovada,54.12,0
CON01219,PED017374,20/02/2025,CLI12790,LOJ0404,4,"108,20",pedido_incorreto,Entregaram outro item no lugar do que comprei.,1,83,1,3,0,,respondida,autoaprovada,aprovada,"R$ 73,17",0
CON01220,PED018421,2025-02-06,CLI07132,LOJ0108,6,74.25,ITEM FALTANTE,"O pedido chegou incompleto, faltou parte da compra.",1,1087,2,3,1,,sem_resposta,revisao_manual,negada,0.00,0
CON01221,PED015027,2025-02-12,CLI16326,LOJ0213,4,124.31,item_faltante,Não recebi todos os itens que estavam na nota.,1,362,0,2,0,,respondida,autoaprovada,aprovada,93.59,0
CON01222,PED014176,2025-02-22,CLI03810,LOJ0072,5,"R$ 135,87",pedido_incorreto,Entregaram outro item no lugar do que comprei.,1,2341,0,1,0,,sem resposta,autoaprovada,aprovada,100.78,0
CON01223,PED017940,2025-02-08,CLI00616,LOJ0204,2,75.82,item_faltante,Não recebi todos os itens que estavam na nota.,1,575,0,1,0,,sem_resposta,autoaprovada,aprovada,"52,55",0
CON01224,PED009300,2025-02-19,CLI16971,LOJ0378,4,60.58,qualidade,A comida chegou fria e com qualidade abaixo do esperado.,1,575,2,1,0,GRP059,SEM RESPOSTA,autoaprovada,aprovada,30.59,0
CON01225,PED011013,27/02/2025,CLI10737,LOJ0375,2,206.16,item_faltante,"O pedido chegou incompleto, faltou parte da compra.",0,840,2,1,0,,sem resposta,autoaprovada,aprovada,30.11,0
CON01226,PED010616,2025-02-13,CLI16889,LOJ0097,6,"76,84",item_faltante,"O pedido chegou incompleto, faltou parte da compra.",1,1531,0,4,0,,respondida,autoaprovada,aprovada,53.24,0
CON01227,PED009986,2025-02-01,CLI06083,LOJ0073,3,68.76,nao_entregue,"Consta entrega concluída, porém nada foi recebido.",0,34,0,1,0,,SEM RESPOSTA,autoaprovada,aprovada,34.68,0
CON01228,PED014336,2025-02-25,CLI10514,LOJ0345,3,87.62,qualidade,A qualidade não correspondeu ao que foi anunciado.,1,1885,2,3,0,,respondida,autoaprovada,aprovada,52.85,0
CON01229,PED018494,2025-02-02,CLI02677,LOJ0001,2,91.09,qualidade,A qualidade não correspondeu ao que foi anunciado.,1,195,0,1,0,,sem_resposta,revisao_manual,aprovada,86.10,0
CON01230,PED009679,2025-02-26,CLI06162,LOJ0134,4,82.42,nao_entregue,"Consta entrega concluída, porém nada foi recebido.",0,554,0,4,0,,sem resposta,autoaprovada,aprovada,"R$ 70,37",1
CON01231,PED017621,23/02/2025,CLI10657,LOJ0303,2,77.45,item_faltante,Faltou um item do pedido e a loja não respondeu.,1,705,0,2,0,,sem_resposta,autoaprovada,aprovada,61.37,1
CON01232,PED015033,2025-02-04,CLI06243,LOJ0277,3,62.36,item_faltante,"O pedido chegou incompleto, faltou parte da compra.",1,1946,5,1,0,,respondida,autoaprovada,aprovada,46.81,0
CON01233,PED009767,2025-02-20,CLI16689,LOJ0387,2,"R$ 145,23",item_faltante,Não recebi todos os itens que estavam na nota.,0,914,1,1,0,,respondida,autoaprovada,aprovada,134.36,0
CON01234,PED017707,2025-02-01,CLI04849,LOJ0407,2,90.34,item_faltante,Não recebi todos os itens que estavam na nota.,1,1209,0,1,0,,SEM RESPOSTA,autoaprovada,aprovada,65.31,0
CON01235,PED015101,2025-02-11,CLI13647,LOJ0004,2,72.43,produto_avariado,O item vazou durante a entrega e não dava para consumir.,0,168,0,2,0,,respondida,revisao_manual,aprovada,52.42,0
CON01236,PED017177,2025-02-05,CLI07937,LOJ0312,4,99.01,nao_entregue,O pedido não chegou no endereço informado.,1,710,1,3,0,GRP036,respondida,autoaprovada,aprovada,79.38,0
CON01237,PED015852,14/02/2025,CLI02215,LOJ0048,5,107.73,item_faltante,Não recebi todos os itens que estavam na nota.,1,719,0,3,0,,respondida,negada_ou_retirada,retirada,"0,00",0
CON01238,PED011392,2025-02-23,CLI06773,LOJ0449,2,53.26,item_faltante,"O pedido chegou incompleto, faltou parte da compra.",1,671,3,1,0,,sem resposta,negada_ou_retirada,negada,0.00,0
CON01239,PED015129,2025-02-22,CLI15277,LOJ0180,2,81.47,item_faltante,"O pedido chegou incompleto, faltou parte da compra.",1,454,0,2,0,,respondida,autoaprovada,aprovada,55.36,0
CON01240,PED013999,2025-02-05,CLI17830,LOJ0160,5,"87,51",pedido_incorreto,Recebi produtos diferentes do que selecionei.,0,686,0,5,0,,SEM RESPOSTA,revisao_manual,negada,0.00,0
CON01241,PED015111,2025-02-06,CLI12008,LOJ0123,4,132.55,pedido_incorreto,Entregaram outro item no lugar do que comprei.,1,296,1,4,0,,respondida,autoaprovada,aprovada,"R$ 110,16",1
CON01242,PED018186,2025-02-07,CLI10997,LOJ0250,7,111.05,item_faltante,"O pedido chegou incompleto, faltou parte da compra.",1,2383,0,1,0,,respondida,autoaprovada,aprovada,86.45,0
CON01243,PED017170,12/02/2025,CLI15735,LOJ0318,2,58.42,ITEM FALTANTE,Faltou um item do pedido e a loja não respondeu.,1,300,1,1,0,GRP017,respondida,negada_ou_retirada,retirada,0.00,0
CON01244,PED018157,2025-02-05,CLI05621,LOJ0389,3,"R$ 82,36",item_faltante,Faltou um item do pedido e a loja não respondeu.,1,885,0,1,0,GRP113,sem_resposta,autoaprovada,aprovada,"21,70",1
CON01245,PED009228,2025-02-04,CLI16891,LOJ0259,6,79.90,produto_avariado,A embalagem chegou aberta e o produto estava avariado.,1,289,0,6,0,GRP066,respondida,autoaprovada,aprovada,27.97,0
CON01246,PED009633,2025-02-12,CLI15187,LOJ0111,7,77.66,pedido_incorreto,Recebi produtos diferentes do que selecionei.,1,1696,5,7,0,,sem resposta,negada_ou_retirada,negada,0.00,0
CON01247,PED011514,2025-02-19,CLI02451,LOJ0250,6,"56,39",pedido_incorreto,Entregaram outro item no lugar do que comprei.,1,195,0,4,1,,respondida,negada_ou_retirada,retirada,0.00,0
CON01248,PED013087,2025-02-18,CLI09096,LOJ0404,6,94.72,pedido_incorreto,O pedido veio errado e preciso corrigir a cobrança.,1,1649,1,5,0,,respondida,autoaprovada,aprovada,84.46,0
CON01249,PED014932,12/02/2025,CLI03351,LOJ0235,5,92.10,pedido_incorreto,Recebi produtos diferentes do que selecionei.,1,667,1,4,0,,sem_resposta,autoaprovada,aprovada,72.93,0
CON01250,PED018796,2025-02-28,CLI01086,LOJ0168,4,155.35,qualidade,A comida chegou fria e com qualidade abaixo do esperado.,1,1738,0,4,0,,respondida,autoaprovada,aprovada,136.20,0
CON01251,PED010613,2025-02-03,CLI10805,LOJ0409,5,62.19,pedido_incorreto,O pedido veio errado e preciso corrigir a cobrança.,0,183,1,5,0,,respondida,negada_ou_retirada,negada,"0,00",0
CON01252,PED013077,2025-02-25,CLI15828,LOJ0165,6,79.94,qualidade,O produto estava com aparência ruim quando chegou.,0,1061,1,2,0,,respondida,autoaprovada,aprovada,"R$ 58,73",0
CON01253,PED014973,2025-02-06,CLI13991,LOJ0260,4,76.97,item_faltante,Faltou um item do pedido e a loja não respondeu.,0,873,2,3,0,,SEM RESPOSTA,negada_ou_retirada,negada,0.00,0
CON01254,PED018316,2025-02-09,CLI01384,LOJ0409,7,"100,80",item_faltante,"O pedido chegou incompleto, faltou parte da compra.",1,925,2,3,0,,respondida,autoaprovada,aprovada,67.25,0
CON01255,PED018424,16/02/2025,CLI12877,LOJ0367,4,"R$ 122,86",produto_avariado,A embalagem chegou aberta e o produto estava avariado.,1,1624,0,1,0,,respondida,autoaprovada,aprovada,61.84,0
CON01256,PED016847,2025-02-18,CLI03683,LOJ0310,7,99.84,pedido_incorreto,Recebi produtos diferentes do que selecionei.,1,369,2,2,0,,respondida,autoaprovada,aprovada,32.56,0
CON01257,PED013375,2025-02-15,CLI04209,LOJ0344,3,119.16,item_faltante,Não recebi todos os itens que estavam na nota.,0,282,0,2,0,,sem resposta,autoaprovada,aprovada,107.47,0
CON01258,PED013621,2025-02-03,CLI00895,LOJ0071,2,129.03,qualidade,A comida chegou fria e com qualidade abaixo do esperado.,1,1472,1,1,0,,respondida,autoaprovada,aprovada,"101,53",0
CON01259,PED014943,2025-02-21,CLI14057,LOJ0423,5,139.13,item_faltante,"O pedido chegou incompleto, faltou parte da compra.",0,1262,1,5,0,,respondida,autoaprovada,aprovada,28.03,0
CON01260,PED013412,2025-02-25,CLI11839,LOJ0442,6,101.57,pedido_incorreto,Recebi produtos diferentes do que selecionei.,1,1827,2,5,0,,respondida,autoaprovada,aprovada,95.70,0
CON01261,PED014855,01/02/2025,CLI13627,LOJ0025,6,"146,93",item_faltante,"O pedido chegou incompleto, faltou parte da compra.",1,1425,2,1,0,,respondida,negada_ou_retirada,negada,0.00,0
CON01262,PED013002,2025-02-12,CLI07118,LOJ0171,6,127.51,item_faltante,Não recebi todos os itens que estavam na nota.,1,1871,0,5,1,,SEM RESPOSTA,autoaprovada,aprovada,102.66,1
CON01263,PED013709,2025-02-23,CLI06313,LOJ0291,3,73.33,qualidade,A qualidade não correspondeu ao que foi anunciado.,1,347,0,1,0,,respondida,autoaprovada,aprovada,"R$ 67,21",0
CON01264,PED014866,2025-02-06,CLI07359,LOJ0066,6,87.78,qualidade,O produto estava com aparência ruim quando chegou.,1,864,1,1,0,,sem_resposta,autoaprovada,aprovada,67.19,0
CON01265,PED017861,2025-02-09,CLI06463,LOJ0103,2,64.35,item_faltante,Faltou um item do pedido e a loja não respondeu.,1,1554,1,1,0,,sem resposta,autoaprovada,aprovada,"33,86",0
CON01266,PED012569,2025-02-23,CLI06449,LOJ0148,2,"R$ 131,74",PRODUTO AVARIADO,O produto chegou danificado dentro da sacola.,0,2398,2,1,0,,respondida,autoaprovada,aprovada,104.39,0
CON01267,PED013743,13/02/2025,CLI08885,LOJ0238,6,83.28,item_faltante,"O pedido chegou incompleto, faltou parte da compra.",1,144,0,5,0,GRP020,sem_resposta,negada_ou_retirada,retirada,0.00,0
CON01268,PED017379,2025-02-09,CLI03600,LOJ0250,3,"71,53",nao_entregue,"O aplicativo marcou como entregue, mas não recebi o pedido.",1,2215,1,3,1,,respondida,autoaprovada,aprovada,26.44,0
CON01269,PED014927,2025-02-08,CLI05719,LOJ0341,2,75.30,item_faltante,"O pedido chegou incompleto, faltou parte da compra.",1,1492,2,1,1,GRP050,respondida,autoaprovada,aprovada,53.45,1
CON01270,PED014268,2025-02-06,CLI17162,LOJ0397,6,128.08,qualidade,A comida chegou fria e com qualidade abaixo do esperado.,1,1057,5,6,0,,SEM RESPOSTA,autoaprovada,aprovada,65.58,1
CON01271,PED018877,2025-02-15,CLI07622,LOJ0188,3,70.10,qualidade,A qualidade não correspondeu ao que foi anunciado.,1,1702,1,2,0,,sem resposta,negada_ou_retirada,negada,0.00,0
CON01272,PED018551,2025-02-07,CLI14050,LOJ0093,2,114.89,item_faltante,Não recebi todos os itens que estavam na nota.,1,1599,1,1,0,,SEM RESPOSTA,autoaprovada,aprovada,"101,16",0
CON01273,PED011061,08/02/2025,CLI07394,LOJ0147,2,119.33,item_faltante,Faltou um item do pedido e a loja não respondeu.,1,1298,4,2,0,,sem_resposta,autoaprovada,aprovada,36.26,1
CON01274,PED013625,2025-02-27,CLI07878,LOJ0398,4,123.88,qualidade,O produto estava com aparência ruim quando chegou.,1,310,0,3,0,GRP037,respondida,autoaprovada,aprovada,"R$ 97,28",0
CON01275,PED011612,2025-02-22,CLI14159,LOJ0289,4,"181,64",item_faltante,"O pedido chegou incompleto, faltou parte da compra.",1,300,1,4,1,,sem resposta,autoaprovada,aprovada,145.29,1
CON01276,PED016225,2025-02-24,CLI00271,LOJ0374,2,201.27,qualidade,A qualidade não correspondeu ao que foi anunciado.,1,1951,1,1,0,GRP059,respondida,autoaprovada,aprovada,180.50,0
CON01277,PED013291,2025-02-18,CLI16892,LOJ0276,5,"R$ 48,93",qualidade,A comida chegou fria e com qualidade abaixo do esperado.,1,536,1,1,0,,respondida,autoaprovada,aprovada,37.21,0
CON01278,PED012679,2025-02-19,CLI12660,LOJ0330,2,71.84,item_faltante,"O pedido chegou incompleto, faltou parte da compra.",0,158,0,1,0,,respondida,revisao_manual,aprovada,45.01,0
CON01279,PED013507,02/02/2025,CLI02239,LOJ0121,2,77.42,pedido_incorreto,Recebi produtos diferentes do que selecionei.,1,2336,1,2,0,,respondida,negada_ou_retirada,negada,"0,00",0
CON01280,PED009289,2025-02-16,CLI15985,LOJ0155,3,130.21,produto_avariado,O produto chegou danificado dentro da sacola.,0,387,2,1,0,,respondida,negada_ou_retirada,negada,0.00,0
CON01281,PED016145,2025-02-10,CLI12989,LOJ0275,4,195.48,pedido_incorreto,O pedido veio errado e preciso corrigir a cobrança.,1,714,0,3,0,,respondida,autoaprovada,aprovada,173.28,0
CON01282,PED018320,2025-02-23,CLI07625,LOJ0234,2,"82,15",item_faltante,"O pedido chegou incompleto, faltou parte da compra.",0,538,0,1,0,,respondida,autoaprovada,aprovada,47.22,0
CON01283,PED014960,2025-02-25,CLI16323,LOJ0220,3,104.96,nao_entregue,"Consta entrega concluída, porém nada foi recebido.",1,1049,6,1,0,,respondida,autoaprovada,aprovada,73.02,0
CON01284,PED016527,2025-02-16,CLI00669,LOJ0385,2,124.34,nao_entregue,"O aplicativo marcou como entregue, mas não recebi o pedido.",0,779,0,1,0,,respondida,autoaprovada,aprovada,96.86,0
CON01285,PED018785,20/02/2025,CLI01625,LOJ0288,3,104.36,produto_avariado,A embalagem chegou aberta e o produto estava avariado.,1,1375,1,2,0,,respondida,negada_ou_retirada,negada,"R$ 0,00",0
CON01286,PED015315,2025-02-05,CLI13860,LOJ0051,3,116.83,pedido_incorreto,Recebi produtos diferentes do que selecionei.,1,166,1,2,0,,respondida,autoaprovada,aprovada,"88,03",0
CON01287,PED014270,2025-02-04,CLI02399,LOJ0358,4,115.79,item_faltante,"O pedido chegou incompleto, faltou parte da compra.",1,2136,1,1,0,,respondida,revisao_manual,negada,0.00,0
CON01288,PED016896,2025-02-13,CLI01127,LOJ0248,4,"R$ 122,49",nao_entregue,O pedido não chegou no endereço informado.,1,974,2,2,0,,respondida,autoaprovada,aprovada,51.99,0
CON01289,PED014529,2025-02-06,CLI17479,LOJ0385,2,"87,68",ITEM FALTANTE,Não recebi todos os itens que estavam na nota.,0,986,1,1,0,,respondida,autoaprovada,aprovada,56.43,0
CON01290,PED010425,2025-02-14,CLI10947,LOJ0412,2,79.17,qualidade,A qualidade não correspondeu ao que foi anunciado.,0,1300,0,1,0,,sem_resposta,autoaprovada,aprovada,69.94,1
CON01291,PED011231,09/02/2025,CLI11334,LOJ0035,4,77.57,pedido_incorreto,Entregaram outro item no lugar do que comprei.,0,1796,1,2,1,,SEM RESPOSTA,revisao_manual,aprovada,50.65,0
CON01292,PED012895,2025-02-23,CLI13449,LOJ0141,6,136.13,pedido_incorreto,O pedido veio errado e preciso corrigir a cobrança.,1,499,1,2,0,GRP072,respondida,autoaprovada,aprovada,103.77,0
CON01293,PED016549,2025-02-24,CLI14444,LOJ0401,5,59.22,item_faltante,"O pedido chegou incompleto, faltou parte da compra.",1,2041,1,1,0,,respondida,negada_ou_retirada,negada,"0,00",0
CON01294,PED016743,2025-02-04,CLI03828,LOJ0015,4,170.76,item_faltante,Não recebi todos os itens que estavam na nota.,1,739,0,1,0,,respondida,autoaprovada,aprovada,146.92,0
CON01295,PED015517,2025-02-21,CLI03546,LOJ0235,6,132.45,pedido_incorreto,Recebi produtos diferentes do que selecionei.,1,1016,1,5,0,GRP060,sem resposta,autoaprovada,aprovada,104.21,0
CON01296,PED014307,2025-02-20,CLI13259,LOJ0184,2,"126,44",item_faltante,"O pedido chegou incompleto, faltou parte da compra.",1,1217,0,1,0,,respondida,autoaprovada,aprovada,"R$ 108,34",0
CON01297,PED009957,26/02/2025,CLI09542,LOJ0268,5,55.37,pedido_incorreto,Recebi produtos diferentes do que selecionei.,0,1094,0,5,0,,respondida,negada_ou_retirada,negada,0.00,0
CON01298,PED018076,2025-02-06,CLI07241,LOJ0200,7,124.14,pedido_incorreto,Recebi produtos diferentes do que selecionei.,0,1256,1,5,0,,respondida,autoaprovada,aprovada,106.22,1
CON01299,PED015144,2025-02-20,CLI09066,LOJ0134,3,"R$ 107,05",item_faltante,Faltou um item do pedido e a loja não respondeu.,0,783,2,3,0,,respondida,revisao_manual,negada,0.00,0
CON01300,PED010929,2025-02-11,CLI02821,LOJ0024,2,106.38,nao_entregue,"O aplicativo marcou como entregue, mas não recebi o pedido.",1,985,0,1,0,,respondida,autoaprovada,aprovada,"61,00",1
CON01301,PED017247,2025-02-28,CLI07536,LOJ0073,3,50.38,item_faltante,Faltou um item do pedido e a loja não respondeu.,0,192,1,1,0,,respondida,autoaprovada,aprovada,42.02,0
CON01302,PED017062,2025-02-16,CLI06787,LOJ0263,2,117.33,item_faltante,Faltou um item do pedido e a loja não respondeu.,1,1988,0,1,0,,respondida,negada_ou_retirada,negada,0.00,0
CON01303,PED014035,16/02/2025,CLI13541,LOJ0046,5,"128,99",item_faltante,"O pedido chegou incompleto, faltou parte da compra.",1,78,1,1,0,,respondida,autoaprovada,aprovada,102.25,0
CON01304,PED009519,2025-02-23,CLI01349,LOJ0262,4,80.43,item_faltante,Faltou um item do pedido e a loja não respondeu.,1,2176,2,2,0,GRP027,respondida,autoaprovada,aprovada,63.46,0
CON01305,PED011239,2025-02-06,CLI05408,LOJ0219,2,110.24,item_faltante,Não recebi todos os itens que estavam na nota.,1,608,1,1,1,,SEM RESPOSTA,autoaprovada,aprovada,98.61,1
CON01306,PED010842,2025-02-13,CLI16462,LOJ0234,6,75.13,pedido_incorreto,Entregaram outro item no lugar do que comprei.,0,805,1,1,0,,respondida,autoaprovada,aprovada,44.31,0
CON01307,PED016936,2025-02-15,CLI05384,LOJ0389,3,100.32,nao_entregue,O pedido não chegou no endereço informado.,0,2188,0,2,0,,sem_resposta,autoaprovada,aprovada,"R$ 95,11",0
CON01308,PED014708,2025-02-24,CLI11125,LOJ0367,7,80.22,item_faltante,Não recebi todos os itens que estavam na nota.,0,2041,5,7,0,,sem resposta,negada_ou_retirada,retirada,0.00,0
CON01309,PED016568,05/02/2025,CLI12538,LOJ0242,4,71.30,item_faltante,Não recebi todos os itens que estavam na nota.,1,904,0,3,0,,respondida,autoaprovada,aprovada,41.01,0
CON01310,PED017297,2025-02-25,CLI12219,LOJ0091,2,"R$ 64,37",pedido_incorreto,Recebi produtos diferentes do que selecionei.,1,1355,0,1,0,,respondida,autoaprovada,aprovada,59.21,0
CON01311,PED014448,2025-02-22,CLI05044,LOJ0051,2,58.71,pedido_incorreto,O pedido veio errado e preciso corrigir a cobrança.,1,1853,1,1,1,,respondida,autoaprovada,aprovada,21.38,1
CON01312,PED017156,2025-02-19,CLI06933,LOJ0426,5,103.31,PEDIDO INCORRETO,O pedido veio errado e preciso corrigir a cobrança.,1,763,1,3,0,,respondida,negada_ou_retirada,negada,0.00,0
CON01313,PED017821,2025-02-16,CLI13171,LOJ0314,2,119.52,pedido_incorreto,O pedido veio errado e preciso corrigir a cobrança.,1,304,2,1,0,,respondida,revisao_manual,aprovada,86.90,0
CON01314,PED009479,2025-02-15,CLI03235,LOJ0020,6,92.96,item_faltante,Não recebi todos os itens que estavam na nota.,0,1901,0,5,0,,sem_resposta,negada_ou_retirada,negada,"0,00",0
CON01315,PED010653,01/02/2025,CLI04544,LOJ0328,2,108.24,item_faltante,Não recebi todos os itens que estavam na nota.,1,1774,2,2,1,GRP017,respondida,negada_ou_retirada,negada,0.00,0
CON01316,PED016893,2025-02-14,CLI07981,LOJ0196,4,148.64,produto_avariado,O produto chegou danificado dentro da sacola.,0,1944,1,1,0,,SEM RESPOSTA,autoaprovada,aprovada,127.89,0
CON01317,PED012464,2025-02-04,CLI03381,LOJ0435,7,"133,05",produto_avariado,O item vazou durante a entrega e não dava para consumir.,1,626,2,5,1,,respondida,negada_ou_retirada,retirada,0.00,0
CON01318,PED012123,2025-02-12,CLI10068,LOJ0405,4,87.29,qualidade,A comida chegou fria e com qualidade abaixo do esperado.,1,846,0,2,0,,sem resposta,autoaprovada,aprovada,"R$ 79,05",0
CON01319,PED015533,2025-02-20,CLI13534,LOJ0004,3,95.29,pedido_incorreto,Entregaram outro item no lugar do que comprei.,0,1524,2,2,0,,respondida,negada_ou_retirada,negada,0.00,0
CON01320,PED014555,2025-02-05,CLI15111,LOJ0066,3,54.63,nao_entregue,O pedido não chegou no endereço informado.,1,2094,0,2,0,,SEM RESPOSTA,autoaprovada,aprovada,43.39,0
CON01321,PED016287,07/02/2025,CLI16219,LOJ0205,3,"R$ 144,39",item_faltante,"O pedido chegou incompleto, faltou parte da compra.",1,603,0,2,0,,sem_resposta,autoaprovada,aprovada,"109,52",0
CON01322,PED015354,2025-02-10,CLI15644,LOJ0279,6,46.86,nao_entregue,O pedido não chegou no endereço informado.,1,1444,4,2,0,GRP110,respondida,revisao_manual,negada,0.00,0
CON01323,PED010602,2025-02-06,CLI11739,LOJ0217,5,110.99,item_faltante,"O pedido chegou incompleto, faltou parte da compra.",1,164,1,1,0,,respondida,autoaprovada,aprovada,84.81,0
CON01324,PED018539,2025-02-25,CLI00274,LOJ0001,3,"88,50",produto_avariado,O item vazou durante a entrega e não dava para consumir.,1,63,1,2,0,,sem resposta,autoaprovada,aprovada,63.95,0
CON01325,PED011229,2025-02-04,CLI14660,LOJ0400,3,94.01,produto_avariado,O item vazou durante a entrega e não dava para consumir.,1,2274,0,3,0,,sem_resposta,autoaprovada,aprovada,57.51,0
CON01326,PED018253,2025-02-10,CLI00761,LOJ0365,2,114.38,pedido_incorreto,Recebi produtos diferentes do que selecionei.,1,1220,2,1,0,,SEM RESPOSTA,autoaprovada,aprovada,82.75,0
CON01327,PED013247,15/02/2025,CLI08239,LOJ0108,4,166.26,qualidade,A comida chegou fria e com qualidade abaixo do esperado.,1,2283,0,2,0,,sem resposta,autoaprovada,aprovada,88.28,0
CON01328,PED009787,2025-02-08,CLI14416,LOJ0098,6,89.45,pedido_incorreto,Entregaram outro item no lugar do que comprei.,0,1264,1,4,0,,respondida,autoaprovada,aprovada,"72,85",0
CON01329,PED016870,2025-02-05,CLI02623,LOJ0112,2,115.64,qualidade,A comida chegou fria e com qualidade abaixo do esperado.,0,1648,1,1,0,,SEM RESPOSTA,autoaprovada,aprovada,"R$ 76,29",0
CON01330,PED013112,2025-02-08,CLI02786,LOJ0186,2,59.26,item_faltante,"O pedido chegou incompleto, faltou parte da compra.",1,1490,0,1,0,,respondida,autoaprovada,aprovada,53.72,0
CON01331,PED012652,2025-02-27,CLI01931,LOJ0041,5,"83,89",qualidade,A qualidade não correspondeu ao que foi anunciado.,1,1237,2,1,0,,respondida,autoaprovada,aprovada,38.29,0
CON01332,PED011834,2025-02-09,CLI00996,LOJ0136,3,"R$ 85,95",nao_entregue,"O aplicativo marcou como entregue, mas não recebi o pedido.",1,1196,2,1,1,,respondida,autoaprovada,aprovada,63.53,0
CON01333,PED009532,08/02/2025,CLI00912,LOJ0255,2,88.52,pedido_incorreto,O pedido veio errado e preciso corrigir a cobrança.,1,37,0,2,0,,sem_resposta,revisao_manual,aprovada,58.59,1
CON01334,PED016759,2025-02-16,CLI05400,LOJ0241,2,85.24,qualidade,A qualidade não correspondeu ao que foi anunciado.,0,1748,2,1,0,,respondida,autoaprovada,aprovada,54.73,0
CON01335,PED011940,2025-02-12,CLI06463,LOJ0269,7,90.58,ITEM FALTANTE,Faltou um item do pedido e a loja não respondeu.,1,1287,0,4,0,,respondida,autoaprovada,aprovada,"71,89",0
CON01336,PED015935,2025-02-08,CLI03640,LOJ0402,3,83.22,qualidade,A qualidade não correspondeu ao que foi anunciado.,0,1639,2,1,0,,respondida,autoaprovada,aprovada,28.36,1
CON01337,PED017666,2025-02-03,CLI08270,LOJ0324,3,71.57,item_faltante,Faltou um item do pedido e a loja não respondeu.,0,599,2,1,0,,sem resposta,autoaprovada,aprovada,56.51,0
CON01338,PED010899,2025-02-20,CLI13290,LOJ0412,5,"139,55",pedido_incorreto,Recebi produtos diferentes do que selecionei.,0,368,0,1,0,,respondida,autoaprovada,aprovada,104.42,0
CON01339,PED014165,02/02/2025,CLI06174,LOJ0290,7,66.92,item_faltante,Faltou um item do pedido e a loja não respondeu.,1,732,6,4,0,,respondida,autoaprovada,aprovada,44.49,1
CON01340,PED015819,2025-02-02,CLI17229,LOJ0341,2,179.58,item_faltante,Faltou um item do pedido e a loja não respondeu.,1,627,0,1,0,,sem_resposta,autoaprovada,aprovada,"R$ 155,45",0
CON01341,PED009334,2025-02-07,CLI03364,LOJ0193,6,93.24,item_faltante,Não recebi todos os itens que estavam na nota.,1,2176,1,3,0,,SEM RESPOSTA,negada_ou_retirada,negada,0.00,0
CON01342,PED012423,2025-02-06,CLI10165,LOJ0271,7,170.73,item_faltante,Não recebi todos os itens que estavam na nota.,0,1123,0,1,0,,sem resposta,autoaprovada,aprovada,"149,24",0
CON01343,PED012085,2025-02-02,CLI07763,LOJ0105,7,"R$ 67,99",item_faltante,Faltou um item do pedido e a loja não respondeu.,1,1322,1,2,0,,respondida,negada_ou_retirada,retirada,0.00,0
CON01344,PED010006,2025-02-16,CLI03565,LOJ0159,6,63.18,pedido_incorreto,Entregaram outro item no lugar do que comprei.,1,361,0,5,0,,respondida,autoaprovada,aprovada,40.58,0
CON01345,PED018845,18/02/2025,CLI04967,LOJ0219,3,"98,67",qualidade,A qualidade não correspondeu ao que foi anunciado.,1,2031,0,2,0,,respondida,autoaprovada,aprovada,41.85,0
CON01346,PED014248,2025-02-16,CLI16564,LOJ0368,4,107.54,pedido_incorreto,O pedido veio errado e preciso corrigir a cobrança.,0,661,1,3,1,,respondida,autoaprovada,aprovada,83.64,0
CON01347,PED017087,2025-02-18,CLI07805,LOJ0270,5,32.10,nao_entregue,O pedido não chegou no endereço informado.,0,441,1,2,0,,respondida,revisao_manual,negada,0.00,0
CON01348,PED011719,2025-02-24,CLI12035,LOJ0050,7,114.68,item_faltante,"O pedido chegou incompleto, faltou parte da compra.",1,787,0,6,0,,SEM RESPOSTA,revisao_manual,negada,0.00,0
CON01349,PED013796,2025-02-03,CLI06658,LOJ0065,7,69.90,nao_entregue,O pedido não chegou no endereço informado.,1,393,2,1,0,,sem_resposta,negada_ou_retirada,negada,"0,00",0
CON01350,PED011637,2025-02-24,CLI11701,LOJ0062,4,76.81,nao_entregue,O pedido não chegou no endereço informado.,1,1112,1,1,0,,sem resposta,autoaprovada,aprovada,56.27,0
CON01351,PED016521,12/02/2025,CLI01596,LOJ0089,6,66.99,item_faltante,Faltou um item do pedido e a loja não respondeu.,1,1945,2,2,1,,sem_resposta,revisao_manual,aprovada,"R$ 50,13",1
CON01352,PED009778,2025-02-02,CLI04805,LOJ0132,4,"68,14",item_faltante,"O pedido chegou incompleto, faltou parte da compra.",0,1663,0,1,0,GRP014,SEM RESPOSTA,autoaprovada,aprovada,53.05,1
CON01353,PED010261,2025-02-02,CLI09116,LOJ0085,7,109.06,produto_avariado,O produto chegou danificado dentro da sacola.,1,2364,1,4,0,,respondida,autoaprovada,aprovada,100.19,0
CON01354,PED011985,2025-02-22,CLI01021,LOJ0173,2,"R$ 105,30",item_faltante,"O pedido chegou incompleto, faltou parte da compra.",1,1365,0,1,1,,respondida,negada_ou_retirada,retirada,0.00,0
CON01355,PED014435,2025-02-08,CLI15037,LOJ0239,6,73.64,pedido_incorreto,O pedido veio errado e preciso corrigir a cobrança.,1,1054,0,1,0,,sem resposta,autoaprovada,aprovada,58.63,0
CON01356,PED009436,2025-02-10,CLI05763,LOJ0146,6,52.02,pedido_incorreto,Entregaram outro item no lugar do que comprei.,1,757,1,5,0,,respondida,negada_ou_retirada,negada,"0,00",0
CON01357,PED012087,13/02/2025,CLI02874,LOJ0024,2,128.34,qualidade,A comida chegou fria e com qualidade abaixo do esperado.,0,2219,1,1,0,,SEM RESPOSTA,autoaprovada,aprovada,98.13,0
CON01358,PED011332,2025-02-17,CLI14454,LOJ0427,3,103.02,ITEM FALTANTE,Não recebi todos os itens que estavam na nota.,1,1749,0,3,0,,respondida,autoaprovada,aprovada,82.87,0
CON01359,PED013818,2025-02-12,CLI04815,LOJ0296,6,"137,67",item_faltante,Não recebi todos os itens que estavam na nota.,0,142,0,6,0,,sem_resposta,autoaprovada,aprovada,117.72,1
CON01360,PED016117,2025-02-14,CLI07428,LOJ0299,4,61.16,pedido_incorreto,O pedido veio errado e preciso corrigir a cobrança.,0,2087,2,1,0,,sem resposta,revisao_manual,aprovada,39.00,0
CON01361,PED012204,2025-02-26,CLI01704,LOJ0102,7,84.00,pedido_incorreto,Entregaram outro item no lugar do que comprei.,1,1639,2,7,0,,respondida,autoaprovada,aprovada,75.09,1
CON01362,PED015716,2025-02-14,CLI06728,LOJ0170,2,168.65,produto_avariado,O item vazou durante a entrega e não dava para consumir.,1,2148,1,1,0,,respondida,autoaprovada,aprovada,"R$ 61,16",0
CON01363,PED017036,07/02/2025,CLI16453,LOJ0073,2,108.93,pedido_incorreto,O pedido veio errado e preciso corrigir a cobrança.,1,1551,1,1,0,,respondida,autoaprovada,aprovada,"70,94",0
CON01364,PED011047,2025-02-15,CLI12240,LOJ0436,7,94.46,nao_entregue,O pedido não chegou no endereço informado.,1,1050,0,7,0,,respondida,autoaprovada,aprovada,84.48,0
CON01365,PED015222,2025-02-25,CLI06826,LOJ0264,2,"R$ 88,67",produto_avariado,O produto chegou danificado dentro da sacola.,1,1589,1,1,0,,respondida,autoaprovada,aprovada,19.59,0
CON01366,PED017240,2025-02-11,CLI05458,LOJ0248,3,"119,15",qualidade,O produto estava com aparência ruim quando chegou.,0,363,4,3,0,,sem_resposta,autoaprovada,aprovada,102.08,1
CON01367,PED015600,2025-02-23,CLI13801,LOJ0141,2,109.53,produto_avariado,O item vazou durante a entrega e não dava para consumir.,1,1290,0,1,0,,respondida,autoaprovada,aprovada,74.87,0
CON01368,PED013086,2025-02-01,CLI17693,LOJ0414,2,82.85,pedido_incorreto,Recebi produtos diferentes do que selecionei.,1,992,0,1,0,,respondida,negada_ou_retirada,negada,0.00,0
CON01369,PED012367,28/02/2025,CLI09671,LOJ0135,5,83.14,item_faltante,Não recebi todos os itens que estavam na nota.,1,1880,1,5,1,,respondida,revisao_manual,aprovada,69.83,1
CON01370,PED017706,2025-02-03,CLI13022,LOJ0003,6,155.27,pedido_incorreto,Entregaram outro item no lugar do que comprei.,1,101,1,6,0,GRP108,respondida,autoaprovada,aprovada,"133,81",1
CON01371,PED012494,2025-02-16,CLI01513,LOJ0159,2,76.09,qualidade,A qualidade não correspondeu ao que foi anunciado.,1,1335,0,2,1,GRP015,respondida,autoaprovada,aprovada,61.18,1
CON01372,PED018736,2025-02-18,CLI13469,LOJ0349,7,106.53,produto_avariado,O item vazou durante a entrega e não dava para consumir.,0,1610,1,4,0,,SEM RESPOSTA,autoaprovada,aprovada,63.10,0
CON01373,PED018043,2025-02-21,CLI07803,LOJ0262,6,"42,81",item_faltante,Não recebi todos os itens que estavam na nota.,1,1229,0,4,0,,sem resposta,revisao_manual,negada,"R$ 0,00",0
CON01374,PED009443,2025-02-24,CLI05642,LOJ0351,2,78.05,nao_entregue,"O aplicativo marcou como entregue, mas não recebi o pedido.",1,187,2,1,0,,respondida,autoaprovada,aprovada,44.53,0
CON01375,PED017048,03/02/2025,CLI01948,LOJ0388,6,113.35,item_faltante,Faltou um item do pedido e a loja não respondeu.,1,1661,0,6,0,,respondida,autoaprovada,aprovada,60.10,0
CON01376,PED017257,2025-02-18,CLI17612,LOJ0251,4,"R$ 118,40",produto_avariado,A embalagem chegou aberta e o produto estava avariado.,1,779,0,4,0,,respondida,autoaprovada,aprovada,104.22,0
CON01377,PED014748,2025-02-19,CLI07542,LOJ0384,7,58.32,nao_entregue,"Consta entrega concluída, porém nada foi recebido.",1,1150,0,5,1,,respondida,autoaprovada,aprovada,"37,45",1
CON01378,PED011144,2025-02-11,CLI08870,LOJ0110,2,69.97,qualidade,A comida chegou fria e com qualidade abaixo do esperado.,1,406,0,1,0,,SEM RESPOSTA,revisao_manual,negada,0.00,0
CON01379,PED009229,2025-02-12,CLI04860,LOJ0044,3,125.58,pedido_incorreto,Recebi produtos diferentes do que selecionei.,1,2007,0,3,0,,respondida,negada_ou_retirada,negada,0.00,0
CON01380,PED015908,2025-02-18,CLI01283,LOJ0180,5,"84,19",pedido_incorreto,Entregaram outro item no lugar do que comprei.,1,1935,0,5,0,,sem_resposta,autoaprovada,aprovada,63.97,0
CON01381,PED015754,24/02/2025,CLI06459,LOJ0143,2,116.42,ITEM FALTANTE,Não recebi todos os itens que estavam na nota.,0,1149,0,1,0,GRP013,respondida,autoaprovada,aprovada,84.56,0
CON01382,PED014033,2025-02-25,CLI02251,LOJ0256,6,109.37,nao_entregue,"Consta entrega concluída, porém nada foi recebido.",1,55,0,3,1,,respondida,revisao_manual,aprovada,100.23,0
CON01383,PED012134,2025-02-01,CLI03233,LOJ0366,5,93.55,pedido_incorreto,Recebi produtos diferentes do que selecionei.,1,1439,2,4,0,,sem resposta,negada_ou_retirada,negada,0.00,0
CON01384,PED009262,2025-02-03,CLI09615,LOJ0272,2,120.81,pedido_incorreto,Recebi produtos diferentes do que selecionei.,1,181,0,1,1,,respondida,revisao_manual,aprovada,"R$ 80,86",0
CON01385,PED012221,2025-02-27,CLI05466,LOJ0130,6,237.70,pedido_incorreto,O pedido veio errado e preciso corrigir a cobrança.,1,470,1,4,0,,respondida,autoaprovada,aprovada,211.02,0
CON01386,PED017583,2025-02-24,CLI06783,LOJ0450,7,124.76,nao_entregue,O pedido não chegou no endereço informado.,1,897,1,7,0,GRP069,respondida,autoaprovada,aprovada,99.82,1
CON01387,PED014732,22/02/2025,CLI01147,LOJ0061,5,"R$ 85,31",produto_avariado,A embalagem chegou aberta e o produto estava avariado.,1,2140,0,1,1,,respondida,revisao_manual,aprovada,72.13,1
CON01388,PED017057,2025-02-07,CLI05760,LOJ0198,6,181.73,item_faltante,"O pedido chegou incompleto, faltou parte da compra.",1,1827,0,1,0,,sem_resposta,autoaprovada,aprovada,68.22,0
CON01389,PED012360,2025-02-14,CLI16899,LOJ0329,6,83.55,item_faltante,Faltou um item do pedido e a loja não respondeu.,1,2290,0,2,0,,respondida,negada_ou_retirada,negada,0.00,0
CON01390,PED015386,2025-02-03,CLI05842,LOJ0249,3,77.16,pedido_incorreto,O pedido veio errado e preciso corrigir a cobrança.,1,1479,2,2,0,,SEM RESPOSTA,autoaprovada,aprovada,46.14,0
CON01391,PED011795,2025-02-09,CLI17115,LOJ0359,2,67.14,produto_avariado,O produto chegou danificado dentro da sacola.,1,797,0,1,0,,respondida,autoaprovada,aprovada,"54,38",0
CON01392,PED017630,2025-02-27,CLI09658,LOJ0215,3,110.79,pedido_incorreto,Recebi produtos diferentes do que selecionei.,1,1757,0,2,0,,sem resposta,autoaprovada,aprovada,97.76,0
CON01393,PED016627,12/02/2025,CLI17640,LOJ0048,7,85.04,nao_entregue,O pedido não chegou no endereço informado.,1,533,2,3,0,,respondida,autoaprovada,aprovada,66.64,0
CON01394,PED010965,2025-02-25,CLI07382,LOJ0102,5,"98,03",nao_entregue,O pedido não chegou no endereço informado.,1,1942,1,1,0,,SEM RESPOSTA,autoaprovada,aprovada,42.54,0
CON01395,PED016974,2025-02-22,CLI12101,LOJ0002,3,182.40,pedido_incorreto,O pedido veio errado e preciso corrigir a cobrança.,1,346,1,1,0,,sem_resposta,autoaprovada,aprovada,"R$ 173,03",0
CON01396,PED010329,2025-02-17,CLI08585,LOJ0405,2,106.19,nao_entregue,"O aplicativo marcou como entregue, mas não recebi o pedido.",1,1363,0,2,0,,respondida,autoaprovada,aprovada,85.00,1
CON01397,PED012734,2025-02-21,CLI17357,LOJ0337,3,110.30,nao_entregue,"O aplicativo marcou como entregue, mas não recebi o pedido.",1,793,1,2,0,,respondida,autoaprovada,aprovada,87.73,0
CON01398,PED010491,2025-02-05,CLI04798,LOJ0178,2,"R$ 83,44",item_faltante,Faltou um item do pedido e a loja não respondeu.,1,584,1,1,0,,respondida,autoaprovada,aprovada,"64,29",0
CON01399,PED014950,13/02/2025,CLI11071,LOJ0197,7,116.46,pedido_incorreto,O pedido veio errado e preciso corrigir a cobrança.,1,780,1,5,0,,respondida,autoaprovada,aprovada,43.77,0
CON01400,PED011776,2025-02-13,CLI12179,LOJ0345,5,107.45,item_faltante,Faltou um item do pedido e a loja não respondeu.,1,2219,2,2,0,,respondida,autoaprovada,aprovada,71.36,0
CON01401,PED009634,2025-02-09,CLI17865,LOJ0394,5,"137,82",nao_entregue,"O aplicativo marcou como entregue, mas não recebi o pedido.",1,1792,0,1,0,,sem resposta,autoaprovada,aprovada,102.06,1
CON01402,PED017085,2025-02-22,CLI01604,LOJ0022,5,122.03,item_faltante,Não recebi todos os itens que estavam na nota.,1,2068,1,5,0,,respondida,autoaprovada,aprovada,93.11,1
CON01403,PED016889,2025-02-26,CLI10062,LOJ0187,2,68.28,qualidade,A comida chegou fria e com qualidade abaixo do esperado.,1,2129,1,1,0,,respondida,autoaprovada,aprovada,52.15,0
CON01404,PED016791,2025-02-19,CLI10198,LOJ0355,6,142.87,PRODUTO AVARIADO,O item vazou durante a entrega e não dava para consumir.,0,2061,2,3,0,,sem_resposta,autoaprovada,aprovada,93.31,0
CON01405,PED016929,24/02/2025,CLI12338,LOJ0258,2,139.54,item_faltante,Faltou um item do pedido e a loja não respondeu.,0,2041,0,1,0,,respondida,revisao_manual,aprovada,"66,12",0
CON01406,PED018533,2025-02-05,CLI00450,LOJ0258,5,175.07,qualidade,A qualidade não correspondeu ao que foi anunciado.,1,1128,1,4,0,,SEM RESPOSTA,autoaprovada,aprovada,"R$ 148,98",0
CON01407,PED013774,2025-02-18,CLI14373,LOJ0191,7,212.03,qualidade,A comida chegou fria e com qualidade abaixo do esperado.,1,531,0,2,0,,respondida,autoaprovada,aprovada,129.34,1
CON01408,PED012357,2025-02-17,CLI02601,LOJ0086,6,"72,38",item_faltante,Não recebi todos os itens que estavam na nota.,0,315,1,1,0,,sem resposta,autoaprovada,aprovada,41.29,0
CON01409,PED009868,2025-02-27,CLI03599,LOJ0386,5,"R$ 89,60",item_faltante,Não recebi todos os itens que estavam na nota.,0,200,1,2,0,,SEM RESPOSTA,negada_ou_retirada,negada,0.00,0
CON01410,PED012487,2025-02-11,CLI09251,LOJ0171,2,174.42,nao_entregue,"O aplicativo marcou como entregue, mas não recebi o pedido.",1,1467,2,1,0,,respondida,autoaprovada,aprovada,158.29,0
CON01411,PED015385,20/02/2025,CLI01434,LOJ0236,2,88.77,pedido_incorreto,Entregaram outro item no lugar do que comprei.,0,314,0,1,0,,respondida,revisao_manual,aprovada,44.32,0
CON01412,PED017997,2025-02-09,CLI03752,LOJ0158,2,72.13,item_faltante,Não recebi todos os itens que estavam na nota.,0,1250,1,1,0,,sem_resposta,autoaprovada,aprovada,"53,26",0
CON01413,PED012647,2025-02-08,CLI06462,LOJ0026,4,72.19,item_faltante,Faltou um item do pedido e a loja não respondeu.,1,2312,0,2,0,,sem resposta,revisao_manual,aprovada,59.27,0
CON01414,PED011721,2025-02-10,CLI06948,LOJ0062,5,97.75,item_faltante,Não recebi todos os itens que estavam na nota.,0,1571,1,5,0,,sem_resposta,autoaprovada,aprovada,78.66,1
CON01415,PED015252,2025-02-23,CLI02850,LOJ0305,2,"53,03",item_faltante,Faltou um item do pedido e a loja não respondeu.,0,1188,2,1,0,,respondida,negada_ou_retirada,negada,0.00,0
CON01416,PED013347,2025-02-15,CLI14123,LOJ0418,7,85.33,item_faltante,Faltou um item do pedido e a loja não respondeu.,1,568,1,6,0,,SEM RESPOSTA,autoaprovada,aprovada,81.04,0
CON01417,PED015731,12/02/2025,CLI12903,LOJ0161,2,58.40,nao_entregue,"O aplicativo marcou como entregue, mas não recebi o pedido.",1,752,2,1,0,,sem resposta,autoaprovada,aprovada,"R$ 27,09",0
CON01418,PED010536,2025-02-10,CLI08838,LOJ0391,4,80.48,item_faltante,Faltou um item do pedido e a loja não respondeu.,0,1865,0,4,0,,respondida,negada_ou_retirada,negada,0.00,0
CON01419,PED013079,2025-02-11,CLI01863,LOJ0388,7,56.13,item_faltante,Faltou um item do pedido e a loja não respondeu.,1,1841,0,2,0,,respondida,revisao_manual,negada,"0,00",0
CON01420,PED018040,2025-02-25,CLI17787,LOJ0042,4,"R$ 112,82",item_faltante,"O pedido chegou incompleto, faltou parte da compra.",0,635,0,4,0,,respondida,autoaprovada,aprovada,53.23,0
CON01421,PED009625,2025-02-24,CLI12140,LOJ0036,5,83.55,pedido_incorreto,Recebi produtos diferentes do que selecionei.,1,1333,1,5,0,,respondida,autoaprovada,aprovada,56.90,0
CON01422,PED012421,2025-02-10,CLI03610,LOJ0023,4,"107,01",produto_avariado,A embalagem chegou aberta e o produto estava avariado.,0,1339,0,3,0,,respondida,autoaprovada,aprovada,35.62,0
CON01423,PED015414,20/02/2025,CLI13082,LOJ0450,7,102.47,pedido_incorreto,Entregaram outro item no lugar do que comprei.,1,1932,0,4,1,GRP063,respondida,autoaprovada,aprovada,76.36,0
CON01424,PED013447,2025-02-05,CLI12562,LOJ0231,2,51.63,produto_avariado,O item vazou durante a entrega e não dava para consumir.,0,2282,1,1,0,GRP071,respondida,negada_ou_retirada,retirada,0.00,0
CON01425,PED011759,2025-02-04,CLI12630,LOJ0309,6,83.14,item_faltante,"O pedido chegou incompleto, faltou parte da compra.",1,2190,2,2,0,,respondida,autoaprovada,aprovada,42.46,0
CON01426,PED018409,2025-02-23,CLI04018,LOJ0290,7,107.32,produto_avariado,O produto chegou danificado dentro da sacola.,1,454,1,2,0,,respondida,autoaprovada,aprovada,"85,00",0
CON01427,PED013360,2025-02-18,CLI14053,LOJ0040,6,100.20,ITEM FALTANTE,Não recebi todos os itens que estavam na nota.,1,163,1,2,0,,SEM RESPOSTA,revisao_manual,aprovada,74.11,0
CON01428,PED011823,2025-02-05,CLI10549,LOJ0283,2,145.74,nao_entregue,"Consta entrega concluída, porém nada foi recebido.",0,2327,0,1,0,,sem_resposta,autoaprovada,aprovada,"R$ 82,52",0
CON01429,PED015395,19/02/2025,CLI05357,LOJ0043,7,"112,95",nao_entregue,"O aplicativo marcou como entregue, mas não recebi o pedido.",0,770,1,2,0,,sem resposta,autoaprovada,aprovada,97.36,0
CON01430,PED014197,2025-02-02,CLI12136,LOJ0099,3,67.23,qualidade,A qualidade não correspondeu ao que foi anunciado.,1,2289,0,2,0,,respondida,autoaprovada,aprovada,44.79,0
CON01431,PED009391,2025-02-03,CLI13349,LOJ0306,5,"R$ 117,84",nao_entregue,"Consta entrega concluída, porém nada foi recebido.",0,418,1,5,0,GRP015,respondida,autoaprovada,aprovada,88.65,1
CON01432,PED015606,2025-02-22,CLI16012,LOJ0219,4,87.65,produto_avariado,O item vazou durante a entrega e não dava para consumir.,1,1967,0,1,0,,respondida,autoaprovada,aprovada,55.92,0
CON01433,PED017929,2025-02-19,CLI11049,LOJ0103,2,58.42,item_faltante,"O pedido chegou incompleto, faltou parte da compra.",0,1155,2,1,0,,respondida,autoaprovada,aprovada,"25,02",0
CON01434,PED016280,2025-02-21,CLI03200,LOJ0067,6,113.51,item_faltante,Não recebi todos os itens que estavam na nota.,1,2058,5,5,0,,respondida,autoaprovada,aprovada,78.99,0
CON01435,PED010354,06/02/2025,CLI02238,LOJ0050,7,65.98,item_faltante,"O pedido chegou incompleto, faltou parte da compra.",1,705,0,4,0,,respondida,autoaprovada,aprovada,45.94,1
CON01436,PED014114,2025-02-26,CLI16722,LOJ0427,5,"138,28",item_faltante,"O pedido chegou incompleto, faltou parte da compra.",1,2127,1,2,0,,sem_resposta,revisao_manual,aprovada,104.82,0
CON01437,PED016013,2025-02-10,CLI02399,LOJ0057,6,63.09,pedido_incorreto,Entregaram outro item no lugar do que comprei.,0,1458,0,6,0,,respondida,autoaprovada,aprovada,54.69,0
CON01438,PED012891,2025-02-25,CLI03673,LOJ0351,2,122.21,nao_entregue,O pedido não chegou no endereço informado.,1,588,2,1,0,,SEM RESPOSTA,autoaprovada,aprovada,59.97,0
CON01439,PED014601,2025-02-19,CLI06459,LOJ0136,3,42.35,qualidade,A qualidade não correspondeu ao que foi anunciado.,1,2015,0,1,0,,sem resposta,negada_ou_retirada,negada,"R$ 0,00",0
CON01440,PED010624,2025-02-15,CLI07758,LOJ0008,3,134.63,pedido_incorreto,Recebi produtos diferentes do que selecionei.,1,2046,0,3,0,,SEM RESPOSTA,autoaprovada,aprovada,"105,24",0
CON01441,PED027273,02/03/2025,CLI00413,LOJ0161,2,171.93,produto_avariado,A embalagem chegou aberta e o produto estava avariado.,0,1959,0,1,0,,sem_resposta,autoaprovada,aprovada,135.77,0
CON01442,PED024084,2025-03-22,CLI12537,LOJ0001,4,"R$ 139,35",qualidade,A qualidade não correspondeu ao que foi anunciado.,1,1535,0,4,0,,sem resposta,autoaprovada,aprovada,102.41,0
CON01443,PED019048,2025-03-15,CLI10409,LOJ0165,5,"116,80",pedido_incorreto,Recebi produtos diferentes do que selecionei.,1,1684,3,2,0,,respondida,autoaprovada,aprovada,99.81,1
CON01444,PED023255,2025-03-10,CLI01616,LOJ0150,7,86.14,produto_avariado,A embalagem chegou aberta e o produto estava avariado.,0,1522,0,7,0,,respondida,negada_ou_retirada,negada,0.00,0
CON01445,PED019087,2025-03-20,CLI07199,LOJ0314,5,122.69,produto_avariado,O produto chegou danificado dentro da sacola.,1,87,1,3,0,,sem_resposta,autoaprovada,aprovada,106.90,0
CON01446,PED022651,2025-03-02,CLI06365,LOJ0342,2,122.64,nao_entregue,"O aplicativo marcou como entregue, mas não recebi o pedido.",1,1776,0,1,0,,SEM RESPOSTA,autoaprovada,aprovada,87.65,0
CON01447,PED026049,16/03/2025,CLI04270,LOJ0076,2,93.52,pedido_incorreto,Recebi produtos diferentes do que selecionei.,1,1963,0,1,0,,sem resposta,autoaprovada,aprovada,"88,81",0
CON01448,PED025296,2025-03-22,CLI11005,LOJ0027,2,143.82,item_faltante,Faltou um item do pedido e a loja não respondeu.,1,2135,0,2,0,,SEM RESPOSTA,autoaprovada,aprovada,111.81,0
CON01449,PED027464,2025-03-20,CLI07478,LOJ0295,7,72.94,nao_entregue,"O aplicativo marcou como entregue, mas não recebi o pedido.",1,408,2,5,1,,respondida,autoaprovada,aprovada,49.22,0
CON01450,PED026664,2025-03-05,CLI08420,LOJ0007,7,"91,71",QUALIDADE,A qualidade não correspondeu ao que foi anunciado.,0,2080,0,3,0,,respondida,autoaprovada,aprovada,"R$ 74,63",0
CON01451,PED023109,2025-03-27,CLI13628,LOJ0007,4,101.72,item_faltante,Não recebi todos os itens que estavam na nota.,0,428,0,2,0,,sem_resposta,revisao_manual,aprovada,73.91,0
CON01452,PED024669,2025-03-09,CLI01060,LOJ0333,6,103.64,qualidade,O produto estava com aparência ruim quando chegou.,1,1891,1,1,0,,sem resposta,autoaprovada,aprovada,97.99,0
CON01453,PED028155,05/03/2025,CLI01997,LOJ0237,2,"R$ 61,56",nao_entregue,O pedido não chegou no endereço informado.,1,2064,0,1,0,,sem_resposta,revisao_manual,aprovada,47.83,0
CON01454,PED026340,2025-03-25,CLI11396,LOJ0115,4,131.91,item_faltante,"O pedido chegou incompleto, faltou parte da compra.",1,173,2,1,0,,respondida,autoaprovada,aprovada,"123,06",0
CON01455,PED022110,2025-03-29,CLI13442,LOJ0245,7,121.42,nao_entregue,"O aplicativo marcou como entregue, mas não recebi o pedido.",0,1534,1,7,0,,respondida,negada_ou_retirada,negada,0.00,0
CON01456,PED024858,2025-03-12,CLI10227,LOJ0064,6,75.69,item_faltante,Não recebi todos os itens que estavam na nota.,0,233,1,4,0,,respondida,autoaprovada,aprovada,61.32,0
CON01457,PED027950,2025-03-13,CLI01810,LOJ0379,4,"78,95",pedido_incorreto,O pedido veio errado e preciso corrigir a cobrança.,1,844,1,1,0,,respondida,autoaprovada,aprovada,57.81,0
CON01458,PED025965,2025-03-09,CLI07779,LOJ0013,2,157.11,qualidade,O produto estava com aparência ruim quando chegou.,1,1189,0,2,1,,SEM RESPOSTA,autoaprovada,aprovada,130.07,1
CON01459,PED022036,17/03/2025,CLI00276,LOJ0257,2,91.51,item_faltante,Faltou um item do pedido e a loja não respondeu.,1,1598,0,1,0,,sem resposta,negada_ou_retirada,retirada,0.00,0
CON01460,PED026120,2025-03-18,CLI07510,LOJ0072,3,228.79,pedido_incorreto,O pedido veio errado e preciso corrigir a cobrança.,0,2342,0,1,0,,respondida,revisao_manual,aprovada,222.32,0
CON01461,PED019817,2025-03-15,CLI09838,LOJ0147,5,50.50,pedido_incorreto,Entregaram outro item no lugar do que comprei.,0,1357,0,4,0,,SEM RESPOSTA,autoaprovada,aprovada,"R$ 45,57",0
CON01462,PED024601,2025-03-15,CLI04017,LOJ0153,6,177.39,item_faltante,Não recebi todos os itens que estavam na nota.,1,1064,0,6,0,,respondida,autoaprovada,aprovada,170.64,1
CON01463,PED026509,2025-03-24,CLI12317,LOJ0334,6,111.91,item_faltante,"O pedido chegou incompleto, faltou parte da compra.",1,388,0,2,0,,sem_resposta,autoaprovada,aprovada,79.00,0
CON01464,PED021252,2025-03-04,CLI11540,LOJ0087,2,"R$ 60,82",nao_entregue,"O aplicativo marcou como entregue, mas não recebi o pedido.",0,1777,0,1,0,,respondida,negada_ou_retirada,negada,0.00,0
CON01465,PED023529,19/03/2025,CLI05219,LOJ0033,7,61.47,pedido_incorreto,Recebi produtos diferentes do que selecionei.,1,1770,4,3,0,,sem resposta,autoaprovada,aprovada,48.04,0
CON01466,PED024211,2025-03-18,CLI13039,LOJ0371,7,125.01,nao_entregue,"O aplicativo marcou como entregue, mas não recebi o pedido.",1,1061,0,5,1,,respondida,autoaprovada,aprovada,100.74,0
CON01467,PED020606,2025-03-12,CLI15063,LOJ0249,6,104.75,qualidade,A qualidade não correspondeu ao que foi anunciado.,1,831,0,3,0,,respondida,revisao_manual,negada,0.00,0
CON01468,PED023381,2025-03-20,CLI01099,LOJ0201,5,51.31,nao_entregue,"O aplicativo marcou como entregue, mas não recebi o pedido.",1,124,0,5,0,,respondida,revisao_manual,negada,"0,00",0
CON01469,PED024165,2025-03-27,CLI17072,LOJ0407,4,72.76,qualidade,A comida chegou fria e com qualidade abaixo do esperado.,0,261,1,2,0,,sem_resposta,autoaprovada,aprovada,53.35,0
CON01470,PED025796,2025-03-08,CLI06818,LOJ0338,4,82.95,item_faltante,Não recebi todos os itens que estavam na nota.,1,133,0,3,0,,respondida,autoaprovada,aprovada,47.09,0
CON01471,PED026132,29/03/2025,CLI07332,LOJ0368,7,"110,05",qualidade,A qualidade não correspondeu ao que foi anunciado.,0,1484,0,2,0,,respondida,autoaprovada,aprovada,105.12,0
CON01472,PED029037,2025-03-21,CLI03406,LOJ0144,2,105.56,nao_entregue,"Consta entrega concluída, porém nada foi recebido.",1,765,2,1,0,,SEM RESPOSTA,autoaprovada,aprovada,"R$ 72,40",0
CON01473,PED025630,2025-03-20,CLI04679,LOJ0250,4,147.67,QUALIDADE,O produto estava com aparência ruim quando chegou.,1,2105,0,2,0,,sem resposta,revisao_manual,aprovada,135.38,0
CON01474,PED020468,2025-03-11,CLI10283,LOJ0062,2,102.69,qualidade,A comida chegou fria e com qualidade abaixo do esperado.,0,1586,2,2,0,GRP086,respondida,revisao_manual,aprovada,80.28,1
CON01475,PED025080,2025-03-07,CLI03058,LOJ0133,2,"R$ 81,95",produto_avariado,O item vazou durante a entrega e não dava para consumir.,1,2220,0,1,0,,respondida,revisao_manual,negada,"0,00",0
CON01476,PED024652,2025-03-10,CLI03555,LOJ0049,2,202.19,item_faltante,Faltou um item do pedido e a loja não respondeu.,1,1287,2,1,0,,respondida,autoaprovada,aprovada,196.17,0
CON01477,PED023576,09/03/2025,CLI16196,LOJ0287,2,137.25,item_faltante,"O pedido chegou incompleto, faltou parte da compra.",0,2124,1,2,0,,respondida,revisao_manual,aprovada,102.08,1
CON01478,PED022056,2025-03-11,CLI07123,LOJ0228,2,"85,70",item_faltante,Não recebi todos os itens que estavam na nota.,1,506,1,1,1,,SEM RESPOSTA,autoaprovada,aprovada,66.14,0
CON01479,PED025712,2025-03-03,CLI09546,LOJ0070,6,131.91,pedido_incorreto,O pedido veio errado e preciso corrigir a cobrança.,1,1268,2,6,1,,sem_resposta,autoaprovada,aprovada,71.77,1
CON01480,PED028481,2025-03-11,CLI01867,LOJ0098,3,100.80,qualidade,A qualidade não correspondeu ao que foi anunciado.,0,463,1,2,0,,respondida,autoaprovada,aprovada,73.05,0
CON01481,PED021923,2025-03-18,CLI15568,LOJ0011,2,143.67,nao_entregue,"Consta entrega concluída, porém nada foi recebido.",1,693,0,1,0,,respondida,autoaprovada,aprovada,118.30,0
CON01482,PED026795,2025-03-10,CLI05249,LOJ0311,5,199.99,pedido_incorreto,Recebi produtos diferentes do que selecionei.,0,446,1,2,0,GRP010,sem resposta,revisao_manual,aprovada,"194,69",1
CON01483,PED025743,13/03/2025,CLI08343,LOJ0388,7,91.14,nao_entregue,"O aplicativo marcou como entregue, mas não recebi o pedido.",1,907,0,5,0,,respondida,autoaprovada,aprovada,"R$ 66,51",0
CON01484,PED020704,2025-03-23,CLI00102,LOJ0450,5,69.03,nao_entregue,"O aplicativo marcou como entregue, mas não recebi o pedido.",0,931,1,4,0,,respondida,revisao_manual,aprovada,49.39,0
CON01485,PED022598,2025-03-07,CLI05056,LOJ0329,6,"76,19",qualidade,A qualidade não correspondeu ao que foi anunciado.,0,2203,2,5,0,,respondida,autoaprovada,aprovada,40.32,0
CON01486,PED020819,2025-03-20,CLI17711,LOJ0214,5,"R$ 172,14",nao_entregue,"O aplicativo marcou como entregue, mas não recebi o pedido.",1,1787,0,2,0,,sem_resposta,revisao_manual,aprovada,71.15,0
CON01487,PED022653,2025-03-10,CLI16926,LOJ0340,4,118.77,pedido_incorreto,Recebi produtos diferentes do que selecionei.,1,385,0,1,0,GRP090,respondida,autoaprovada,aprovada,59.31,0
CON01488,PED022807,2025-03-23,CLI17227,LOJ0227,3,134.67,item_faltante,Faltou um item do pedido e a loja não respondeu.,0,682,1,3,0,,respondida,autoaprovada,aprovada,128.10,1
CON01489,PED019596,27/03/2025,CLI10918,LOJ0232,6,104.66,produto_avariado,O item vazou durante a entrega e não dava para consumir.,1,2249,1,4,0,,SEM RESPOSTA,autoaprovada,aprovada,"87,80",0
CON01490,PED020721,2025-03-31,CLI09041,LOJ0028,7,149.34,item_faltante,"O pedido chegou incompleto, faltou parte da compra.",1,2301,0,4,0,,sem resposta,autoaprovada,aprovada,106.54,0
CON01491,PED023313,2025-03-24,CLI14130,LOJ0103,2,170.24,pedido_incorreto,Entregaram outro item no lugar do que comprei.,1,2334,1,1,0,,SEM RESPOSTA,revisao_manual,aprovada,140.04,0
CON01492,PED019262,2025-03-23,CLI06110,LOJ0409,7,"127,35",pedido_incorreto,O pedido veio errado e preciso corrigir a cobrança.,1,340,0,7,0,,respondida,autoaprovada,aprovada,56.01,0
CON01493,PED027580,2025-03-23,CLI00572,LOJ0380,2,86.84,qualidade,A comida chegou fria e com qualidade abaixo do esperado.,0,540,0,1,0,,sem_resposta,autoaprovada,aprovada,50.15,0
CON01494,PED020029,2025-03-12,CLI15021,LOJ0051,3,113.71,qualidade,A comida chegou fria e com qualidade abaixo do esperado.,1,2372,0,2,0,,respondida,autoaprovada,aprovada,"R$ 65,46",0
CON01495,PED024355,22/03/2025,CLI16003,LOJ0163,3,52.25,qualidade,A comida chegou fria e com qualidade abaixo do esperado.,1,2191,0,2,0,,respondida,negada_ou_retirada,negada,0.00,0
CON01496,PED020413,2025-03-03,CLI02723,LOJ0107,7,69.31,NAO ENTREGUE,O pedido não chegou no endereço informado.,0,653,1,1,0,,sem resposta,autoaprovada,aprovada,"40,46",0
CON01497,PED020220,2025-03-13,CLI14104,LOJ0255,4,"R$ 99,25",qualidade,A qualidade não correspondeu ao que foi anunciado.,1,806,0,2,0,,sem_resposta,autoaprovada,aprovada,65.48,0
CON01498,PED020866,2025-03-18,CLI10971,LOJ0142,6,159.92,produto_avariado,O produto chegou danificado dentro da sacola.,1,968,0,1,0,,SEM RESPOSTA,autoaprovada,aprovada,147.68,0
CON01499,PED022057,2025-03-26,CLI03468,LOJ0216,5,"196,78",item_faltante,Faltou um item do pedido e a loja não respondeu.,1,1342,4,4,0,,respondida,autoaprovada,aprovada,163.30,0
CON01500,PED028468,2025-03-21,CLI17326,LOJ0079,2,36.19,pedido_incorreto,Recebi produtos diferentes do que selecionei.,1,2013,2,1,0,,respondida,negada_ou_retirada,negada,0.00,0
CON01501,PED026435,15/03/2025,CLI15481,LOJ0151,3,74.82,qualidade,A qualidade não correspondeu ao que foi anunciado.,1,2290,2,1,0,,respondida,revisao_manual,negada,0.00,0
CON01502,PED026270,2025-03-31,CLI00382,LOJ0037,7,113.13,item_faltante,Faltou um item do pedido e a loja não respondeu.,1,2375,0,3,0,,respondida,autoaprovada,aprovada,62.07,0
CON01503,PED024980,2025-03-05,CLI13470,LOJ0060,3,55.15,pedido_incorreto,Entregaram outro item no lugar do que comprei.,1,318,1,1,0,,sem resposta,revisao_manual,aprovada,"28,09",0
CON01504,PED020877,2025-03-04,CLI08901,LOJ0049,7,90.46,produto_avariado,O produto chegou danificado dentro da sacola.,0,763,0,2,0,,SEM RESPOSTA,revisao_manual,aprovada,55.90,0
CON01505,PED026981,2025-03-24,CLI14504,LOJ0427,7,37.98,item_faltante,Faltou um item do pedido e a loja não respondeu.,1,65,1,3,0,,respondida,revisao_manual,negada,"R$ 0,00",0
CON01506,PED025027,2025-03-04,CLI05519,LOJ0223,2,"69,67",pedido_incorreto,Entregaram outro item no lugar do que comprei.,1,1350,0,1,0,,respondida,autoaprovada,aprovada,45.92,0
CON01507,PED024369,14/03/2025,CLI13889,LOJ0004,2,63.69,nao_entregue,"Consta entrega concluída, porém nada foi recebido.",1,2194,2,1,0,,sem_resposta,revisao_manual,aprovada,50.77,0
CON01508,PED021006,2025-03-16,CLI07803,LOJ0026,4,"R$ 93,57",item_faltante,Não recebi todos os itens que estavam na nota.,1,1262,1,4,0,,respondida,revisao_manual,negada,0.00,0
CON01509,PED027005,2025-03-22,CLI04609,LOJ0012,2,105.35,qualidade,A qualidade não correspondeu ao que foi anunciado.,1,1590,0,1,0,,sem resposta,revisao_manual,aprovada,67.53,0
CON01510,PED020095,2025-03-04,CLI12491,LOJ0167,3,58.48,nao_entregue,O pedido não chegou no endereço informado.,0,944,0,2,0,,sem_resposta,negada_ou_retirada,negada,"0,00",0
CON01511,PED025879,2025-03-10,CLI03018,LOJ0389,7,170.45,pedido_incorreto,O pedido veio errado e preciso corrigir a cobrança.,0,683,0,2,1,,respondida,revisao_manual,aprovada,139.81,1
CON01512,PED026758,2025-03-28,CLI05028,LOJ0185,6,124.00,nao_entregue,"O aplicativo marcou como entregue, mas não recebi o pedido.",0,672,2,5,0,,respondida,negada_ou_retirada,negada,0.00,0
CON01513,PED019386,22/03/2025,CLI02216,LOJ0252,4,"102,79",pedido_incorreto,Entregaram outro item no lugar do que comprei.,1,2079,2,1,0,,SEM RESPOSTA,negada_ou_retirada,negada,0.00,0
CON01514,PED027713,2025-03-19,CLI07337,LOJ0232,2,253.75,nao_entregue,"Consta entrega concluída, porém nada foi recebido.",1,1546,1,1,0,,respondida,autoaprovada,aprovada,220.06,0
CON01515,PED028433,2025-03-20,CLI05043,LOJ0248,7,53.24,item_faltante,Faltou um item do pedido e a loja não respondeu.,1,2352,1,1,0,,sem resposta,negada_ou_retirada,negada,0.00,0
CON01516,PED024327,2025-03-15,CLI02629,LOJ0098,6,87.02,pedido_incorreto,Entregaram outro item no lugar do que comprei.,0,642,1,4,0,,SEM RESPOSTA,negada_ou_retirada,negada,"R$ 0,00",0
CON01517,PED020506,2025-03-29,CLI11019,LOJ0196,2,128.70,nao_entregue,"O aplicativo marcou como entregue, mas não recebi o pedido.",1,163,2,1,0,,respondida,autoaprovada,aprovada,"92,05",0
CON01518,PED023766,2025-03-22,CLI09077,LOJ0117,6,81.91,pedido_incorreto,Entregaram outro item no lugar do que comprei.,1,1663,0,6,0,,sem_resposta,autoaprovada,aprovada,66.74,0
CON01519,PED020807,16/03/2025,CLI13293,LOJ0267,6,"R$ 149,42",PEDIDO INCORRETO,O pedido veio errado e preciso corrigir a cobrança.,1,979,6,3,0,,sem resposta,autoaprovada,aprovada,118.18,0
CON01520,PED022633,2025-03-24,CLI08966,LOJ0186,5,"128,66",qualidade,A comida chegou fria e com qualidade abaixo do esperado.,1,1053,0,4,0,,sem_resposta,autoaprovada,aprovada,97.63,1
CON01521,PED024316,2025-03-24,CLI10842,LOJ0330,2,41.57,item_faltante,"O pedido chegou incompleto, faltou parte da compra.",1,1295,1,1,0,,SEM RESPOSTA,negada_ou_retirada,retirada,0.00,0
CON01522,PED022425,2025-03-06,CLI12887,LOJ0430,7,35.37,qualidade,O produto estava com aparência ruim quando chegou.,1,1489,1,7,0,,respondida,negada_ou_retirada,retirada,0.00,0
CON01523,PED026812,2025-03-05,CLI06508,LOJ0225,2,113.99,qualidade,O produto estava com aparência ruim quando chegou.,0,2185,0,1,0,,respondida,autoaprovada,aprovada,91.29,0
CON01524,PED028017,2025-03-27,CLI02109,LOJ0015,2,125.72,pedido_incorreto,Recebi produtos diferentes do que selecionei.,1,1819,1,1,0,GRP116,respondida,autoaprovada,aprovada,"116,91",0
CON01525,PED025182,26/03/2025,CLI17741,LOJ0267,3,181.55,item_faltante,Não recebi todos os itens que estavam na nota.,1,1005,0,2,0,,respondida,autoaprovada,aprovada,169.73,0
CON01526,PED022047,2025-03-04,CLI11726,LOJ0129,3,34.78,pedido_incorreto,Entregaram outro item no lugar do que comprei.,1,153,0,1,0,,respondida,negada_ou_retirada,negada,0.00,0
CON01527,PED028043,2025-03-28,CLI12240,LOJ0333,5,"187,63",item_faltante,"O pedido chegou incompleto, faltou parte da compra.",1,1715,0,3,0,,respondida,autoaprovada,aprovada,"R$ 177,91",0
CON01528,PED022452,2025-03-13,CLI16562,LOJ0146,2,87.82,item_faltante,Faltou um item do pedido e a loja não respondeu.,1,2276,0,1,0,,respondida,revisao_manual,negada,0.00,0
CON01529,PED019845,2025-03-08,CLI14503,LOJ0282,5,77.30,item_faltante,"O pedido chegou incompleto, faltou parte da compra.",1,699,2,1,0,,respondida,autoaprovada,aprovada,55.72,0
CON01530,PED025241,2025-03-17,CLI13186,LOJ0240,6,"R$ 79,18",item_faltante,Faltou um item do pedido e a loja não respondeu.,1,519,0,2,0,,respondida,negada_ou_retirada,retirada,0.00,0
CON01531,PED019490,14/03/2025,CLI05421,LOJ0216,2,134.13,qualidade,A comida chegou fria e com qualidade abaixo do esperado.,1,1079,2,1,0,,respondida,autoaprovada,aprovada,"99,61",0
CON01532,PED028142,2025-03-29,CLI12748,LOJ0407,7,60.59,pedido_incorreto,Recebi produtos diferentes do que selecionei.,1,1254,0,6,0,,sem resposta,autoaprovada,aprovada,51.79,0
CON01533,PED021100,2025-03-08,CLI16527,LOJ0238,6,103.56,pedido_incorreto,Recebi produtos diferentes do que selecionei.,0,959,1,6,0,,respondida,autoaprovada,aprovada,65.82,1
CON01534,PED022443,2025-03-06,CLI14672,LOJ0281,7,"49,31",item_faltante,Não recebi todos os itens que estavam na nota.,0,1700,0,5,0,,SEM RESPOSTA,revisao_manual,negada,0.00,0
CON01535,PED026003,2025-03-13,CLI13437,LOJ0419,2,113.87,item_faltante,Não recebi todos os itens que estavam na nota.,0,1384,2,2,0,,respondida,negada_ou_retirada,negada,0.00,0
CON01536,PED025277,2025-03-18,CLI11959,LOJ0335,7,169.35,nao_entregue,"O aplicativo marcou como entregue, mas não recebi o pedido.",0,1368,1,5,0,,respondida,autoaprovada,aprovada,159.53,0
CON01537,PED027591,22/03/2025,CLI09819,LOJ0090,4,91.90,item_faltante,"O pedido chegou incompleto, faltou parte da compra.",1,578,1,3,0,,respondida,autoaprovada,aprovada,54.50,0
CON01538,PED020652,2025-03-28,CLI01826,LOJ0373,7,80.91,nao_entregue,O pedido não chegou no endereço informado.,1,2302,1,7,0,,respondida,autoaprovada,aprovada,"R$ 65,38",0
CON01539,PED027864,2025-03-09,CLI14086,LOJ0023,5,98.44,pedido_incorreto,O pedido veio errado e preciso corrigir a cobrança.,0,1709,2,2,0,,respondida,autoaprovada,aprovada,37.62,0
CON01540,PED025646,2025-03-04,CLI15342,LOJ0297,6,97.32,item_faltante,Não recebi todos os itens que estavam na nota.,0,1996,2,3,0,,respondida,autoaprovada,aprovada,67.50,0
CON01541,PED019798,2025-03-10,CLI09789,LOJ0206,2,"R$ 59,94",pedido_incorreto,Entregaram outro item no lugar do que comprei.,0,1911,2,1,0,,respondida,autoaprovada,aprovada,36.02,1
CON01542,PED025855,2025-03-19,CLI12830,LOJ0383,2,80.52,PRODUTO AVARIADO,A embalagem chegou aberta e o produto estava avariado.,1,237,0,1,1,GRP006,respondida,negada_ou_retirada,retirada,0.00,0
CON01543,PED027930,20/03/2025,CLI02013,LOJ0373,2,61.40,item_faltante,Não recebi todos os itens que estavam na nota.,1,1034,0,2,0,,respondida,revisao_manual,aprovada,56.73,0
CON01544,PED020046,2025-03-23,CLI03177,LOJ0025,2,60.25,qualidade,A qualidade não correspondeu ao que foi anunciado.,1,937,1,1,0,,respondida,autoaprovada,aprovada,52.00,0
CON01545,PED024077,2025-03-20,CLI03817,LOJ0316,4,98.82,qualidade,A comida chegou fria e com qualidade abaixo do esperado.,0,2061,0,4,0,,respondida,autoaprovada,aprovada,"88,67",0
CON01546,PED027391,2025-03-11,CLI16068,LOJ0001,6,76.87,pedido_incorreto,Entregaram outro item no lugar do que comprei.,1,1206,2,6,0,,respondida,autoaprovada,aprovada,41.34,0
CON01547,PED026590,2025-03-03,CLI08194,LOJ0101,2,108.53,qualidade,A qualidade não correspondeu ao que foi anunciado.,1,1036,0,1,0,,respondida,autoaprovada,aprovada,95.48,1
CON01548,PED024302,2025-03-23,CLI11124,LOJ0047,4,"132,73",pedido_incorreto,O pedido veio errado e preciso corrigir a cobrança.,0,803,0,1,0,,sem_resposta,revisao_manual,aprovada,124.58,0
CON01549,PED020922,04/03/2025,CLI11139,LOJ0182,5,70.19,produto_avariado,O produto chegou danificado dentro da sacola.,1,465,1,2,0,,respondida,autoaprovada,aprovada,"R$ 44,22",0
CON01550,PED019403,2025-03-15,CLI03805,LOJ0302,5,98.22,item_faltante,"O pedido chegou incompleto, faltou parte da compra.",1,2287,2,4,0,,sem resposta,autoaprovada,aprovada,86.25,0
CON01551,PED025468,2025-03-14,CLI09587,LOJ0094,2,64.48,pedido_incorreto,Recebi produtos diferentes do que selecionei.,0,1170,1,1,0,,sem_resposta,autoaprovada,aprovada,46.69,1
CON01552,PED023845,2025-03-01,CLI01770,LOJ0402,4,"R$ 125,18",pedido_incorreto,Entregaram outro item no lugar do que comprei.,1,1568,0,1,1,,respondida,autoaprovada,aprovada,"52,57",0
CON01553,PED027353,2025-03-20,CLI14975,LOJ0043,4,68.63,pedido_incorreto,Entregaram outro item no lugar do que comprei.,1,606,0,3,0,,respondida,negada_ou_retirada,negada,0.00,0
CON01554,PED019365,2025-03-25,CLI14349,LOJ0126,7,109.13,pedido_incorreto,O pedido veio errado e preciso corrigir a cobrança.,1,888,2,2,0,,respondida,autoaprovada,aprovada,94.64,0
CON01555,PED025872,19/03/2025,CLI03938,LOJ0206,4,"59,01",item_faltante,"O pedido chegou incompleto, faltou parte da compra.",1,1603,0,3,0,,respondida,autoaprovada,aprovada,48.95,0
CON01556,PED019888,2025-03-11,CLI14245,LOJ0421,2,160.78,nao_entregue,O pedido não chegou no endereço informado.,1,100,0,1,0,,SEM RESPOSTA,autoaprovada,aprovada,76.30,0
CON01557,PED019558,2025-03-27,CLI11256,LOJ0309,2,120.38,nao_entregue,"O aplicativo marcou como entregue, mas não recebi o pedido.",0,1059,1,2,0,,respondida,revisao_manual,aprovada,103.52,0
CON01558,PED027394,2025-03-15,CLI07638,LOJ0227,3,103.38,produto_avariado,O produto chegou danificado dentro da sacola.,0,646,0,3,0,,respondida,autoaprovada,aprovada,84.57,0
CON01559,PED023525,2025-03-25,CLI16818,LOJ0169,2,164.76,pedido_incorreto,O pedido veio errado e preciso corrigir a cobrança.,1,272,0,2,0,,respondida,revisao_manual,aprovada,"40,08",0
CON01560,PED019650,2025-03-30,CLI07338,LOJ0319,4,66.99,pedido_incorreto,O pedido veio errado e preciso corrigir a cobrança.,1,32,6,2,0,,respondida,negada_ou_retirada,retirada,"R$ 0,00",0
CON01561,PED027132,16/03/2025,CLI15663,LOJ0312,2,129.17,nao_entregue,"Consta entrega concluída, porém nada foi recebido.",1,1072,1,1,0,GRP083,respondida,autoaprovada,aprovada,114.66,0
CON01562,PED023644,2025-03-10,CLI12647,LOJ0260,4,"63,56",item_faltante,Não recebi todos os itens que estavam na nota.,1,126,2,2,0,,sem resposta,autoaprovada,aprovada,41.26,0
CON01563,PED025441,2025-03-31,CLI17247,LOJ0229,5,"R$ 110,03",qualidade,O produto estava com aparência ruim quando chegou.,1,1141,0,3,0,,respondida,autoaprovada,aprovada,103.85,0
CON01564,PED023257,2025-03-08,CLI12492,LOJ0063,5,57.97,item_faltante,Faltou um item do pedido e a loja não respondeu.,0,1694,1,1,0,,respondida,revisao_manual,negada,0.00,0
CON01565,PED020171,2025-03-18,CLI17197,LOJ0138,5,60.95,QUALIDADE,A comida chegou fria e com qualidade abaixo do esperado.,1,1299,2,4,0,,respondida,negada_ou_retirada,negada,0.00,0
CON01566,PED023227,2025-03-03,CLI05166,LOJ0190,2,154.03,produto_avariado,O produto chegou danificado dentro da sacola.,1,1827,0,2,0,,respondida,autoaprovada,aprovada,"130,58",0
CON01567,PED022196,10/03/2025,CLI09548,LOJ0251,2,144.74,nao_entregue,O pedido não chegou no endereço informado.,1,1088,3,1,0,,respondida,autoaprovada,aprovada,69.32,0
CON01568,PED020696,2025-03-14,CLI07101,LOJ0365,4,142.74,qualidade,O produto estava com aparência ruim quando chegou.,1,1420,0,3,0,,respondida,autoaprovada,aprovada,126.82,0
CON01569,PED025886,2025-03-05,CLI00228,LOJ0245,2,"79,74",item_faltante,Faltou um item do pedido e a loja não respondeu.,1,1500,0,1,0,,respondida,autoaprovada,aprovada,73.81,0
CON01570,PED021523,2025-03-26,CLI05019,LOJ0304,2,142.82,item_faltante,"O pedido chegou incompleto, faltou parte da compra.",1,874,4,1,0,,SEM RESPOSTA,autoaprovada,aprovada,117.69,1
CON01571,PED028372,2025-03-24,CLI16766,LOJ0079,4,113.06,produto_avariado,O produto chegou danificado dentro da sacola.,1,401,1,4,0,,sem_resposta,autoaprovada,aprovada,"R$ 78,25",0
CON01572,PED023040,2025-03-23,CLI10987,LOJ0315,7,132.16,nao_entregue,"Consta entrega concluída, porém nada foi recebido.",0,2181,1,7,1,,sem resposta,autoaprovada,aprovada,92.99,1
CON01573,PED019852,03/03/2025,CLI13820,LOJ0061,6,108.25,item_faltante,"O pedido chegou incompleto, faltou parte da compra.",0,461,1,4,1,,sem_resposta,autoaprovada,aprovada,"100,22",0
CON01574,PED026407,2025-03-29,CLI03929,LOJ0046,3,"R$ 57,08",qualidade,A comida chegou fria e com qualidade abaixo do esperado.,1,1392,0,1,0,GRP085,SEM RESPOSTA,negada_ou_retirada,negada,0.00,0
CON01575,PED019159,2025-03-01,CLI03975,LOJ0433,4,51.31,nao_entregue,O pedido não chegou no endereço informado.,1,81,1,3,0,,sem resposta,negada_ou_retirada,retirada,0.00,0
CON01576,PED025795,2025-03-24,CLI03480,LOJ0338,3,"272,98",item_faltante,Não recebi todos os itens que estavam na nota.,0,1459,1,3,0,,respondida,autoaprovada,aprovada,241.12,1
CON01577,PED020691,2025-03-14,CLI06199,LOJ0218,5,130.81,item_faltante,"O pedido chegou incompleto, faltou parte da compra.",1,17,1,5,0,,SEM RESPOSTA,negada_ou_retirada,retirada,0.00,0
CON01578,PED021551,2025-03-05,CLI00869,LOJ0119,2,100.20,produto_avariado,O item vazou durante a entrega e não dava para consumir.,1,2101,1,2,0,,sem_resposta,revisao_manual,aprovada,79.26,0
CON01579,PED026729,16/03/2025,CLI06057,LOJ0046,7,172.37,pedido_incorreto,O pedido veio errado e preciso corrigir a cobrança.,1,2082,1,1,0,GRP046,sem resposta,autoaprovada,aprovada,163.88,0
CON01580,PED026512,2025-03-31,CLI03634,LOJ0189,5,85.32,pedido_incorreto,Recebi produtos diferentes do que selecionei.,1,270,0,1,0,,respondida,negada_ou_retirada,negada,"0,00",0
CON01581,PED022155,2025-03-28,CLI09266,LOJ0204,3,99.80,nao_entregue,"O aplicativo marcou como entregue, mas não recebi o pedido.",0,846,4,2,0,,respondida,negada_ou_retirada,negada,0.00,0
CON01582,PED023154,2025-03-18,CLI11362,LOJ0341,6,201.47,item_faltante,Não recebi todos os itens que estavam na nota.,1,1984,1,2,0,,respondida,revisao_manual,aprovada,"R$ 167,14",0
CON01583,PED019958,2025-03-24,CLI17867,LOJ0145,3,"96,23",qualidade,O produto estava com aparência ruim quando chegou.,1,2002,2,2,0,,sem_resposta,autoaprovada,aprovada,91.42,0
CON01584,PED026943,2025-03-09,CLI05839,LOJ0274,3,66.32,item_faltante,Não recebi todos os itens que estavam na nota.,0,1658,1,3,0,,respondida,negada_ou_retirada,retirada,0.00,0
CON01585,PED026630,25/03/2025,CLI09153,LOJ0048,6,"R$ 73,75",pedido_incorreto,Recebi produtos diferentes do que selecionei.,0,1830,0,2,0,GRP080,respondida,autoaprovada,aprovada,40.63,0
CON01586,PED026059,2025-03-01,CLI08695,LOJ0059,4,138.64,qualidade,O produto estava com aparência ruim quando chegou.,1,617,1,2,0,,respondida,autoaprovada,aprovada,85.99,1
CON01587,PED026386,2025-03-24,CLI05608,LOJ0399,7,76.94,qualidade,A comida chegou fria e com qualidade abaixo do esperado.,1,1435,0,4,0,GRP101,respondida,autoaprovada,aprovada,"67,42",0
CON01588,PED023041,2025-03-22,CLI16593,LOJ0180,4,83.45,QUALIDADE,A comida chegou fria e com qualidade abaixo do esperado.,1,317,1,3,0,GRP032,respondida,autoaprovada,aprovada,54.91,0
CON01589,PED025525,2025-03-15,CLI14531,LOJ0117,2,82.37,item_faltante,Faltou um item do pedido e a loja não respondeu.,0,1366,0,1,0,GRP015,respondida,negada_ou_retirada,negada,0.00,0
CON01590,PED028230,2025-03-03,CLI12421,LOJ0111,2,"64,77",produto_avariado,O item vazou durante a entrega e não dava para consumir.,1,2091,1,2,0,,respondida,revisao_manual,negada,0.00,0
CON01591,PED022347,07/03/2025,CLI17988,LOJ0224,2,115.25,nao_entregue,"O aplicativo marcou como entregue, mas não recebi o pedido.",1,1650,2,2,0,,respondida,autoaprovada,aprovada,49.39,0
CON01592,PED024110,2025-03-08,CLI07465,LOJ0276,4,61.64,produto_avariado,A embalagem chegou aberta e o produto estava avariado.,1,1107,0,2,0,,respondida,autoaprovada,aprovada,35.24,0
CON01593,PED023112,2025-03-19,CLI02943,LOJ0074,6,66.40,item_faltante,Faltou um item do pedido e a loja não respondeu.,1,1058,1,2,0,,respondida,negada_ou_retirada,negada,"R$ 0,00",0
CON01594,PED019826,2025-03-10,CLI01299,LOJ0393,2,69.11,item_faltante,"O pedido chegou incompleto, faltou parte da compra.",1,1601,0,1,0,,SEM RESPOSTA,autoaprovada,aprovada,"63,45",0
CON01595,PED028180,2025-03-17,CLI13524,LOJ0209,3,57.96,produto_avariado,O item vazou durante a entrega e não dava para consumir.,0,2007,1,2,0,,respondida,autoaprovada,aprovada,38.11,1
CON01596,PED019907,2025-03-29,CLI11919,LOJ0134,2,"R$ 86,40",qualidade,A comida chegou fria e com qualidade abaixo do esperado.,1,1422,1,1,0,,respondida,autoaprovada,aprovada,55.02,0
CON01597,PED024630,18/03/2025,CLI13941,LOJ0204,2,"107,81",produto_avariado,O item vazou durante a entrega e não dava para consumir.,0,1877,1,1,1,,respondida,autoaprovada,aprovada,87.20,1
CON01598,PED022704,2025-03-24,CLI08934,LOJ0357,5,44.37,qualidade,A comida chegou fria e com qualidade abaixo do esperado.,1,306,0,5,0,,sem resposta,negada_ou_retirada,negada,0.00,0
CON01599,PED020001,2025-03-14,CLI03611,LOJ0047,2,137.28,item_faltante,"O pedido chegou incompleto, faltou parte da compra.",1,272,0,2,0,,SEM RESPOSTA,autoaprovada,aprovada,72.35,1
CON01600,PED019633,2025-03-01,CLI14652,LOJ0339,2,122.99,qualidade,A qualidade não correspondeu ao que foi anunciado.,0,1546,1,1,0,,respondida,autoaprovada,aprovada,102.75,0
CON01601,PED028173,2025-03-15,CLI02449,LOJ0291,2,100.52,item_faltante,Não recebi todos os itens que estavam na nota.,1,533,0,2,0,,respondida,autoaprovada,aprovada,"79,45",0
CON01602,PED021397,2025-03-19,CLI00850,LOJ0292,4,98.76,produto_avariado,A embalagem chegou aberta e o produto estava avariado.,1,1047,0,3,0,,respondida,negada_ou_retirada,retirada,0.00,0
CON01603,PED022470,08/03/2025,CLI08464,LOJ0332,3,65.51,pedido_incorreto,Entregaram outro item no lugar do que comprei.,1,272,2,3,0,,respondida,revisao_manual,aprovada,29.70,0
CON01604,PED019192,2025-03-17,CLI05373,LOJ0228,6,"126,75",item_faltante,Não recebi todos os itens que estavam na nota.,1,1384,5,3,0,,respondida,autoaprovada,aprovada,"R$ 91,49",0
CON01605,PED021772,2025-03-21,CLI10898,LOJ0418,4,45.79,pedido_incorreto,,1,2278,2,3,0,,sem_resposta,negada_ou_retirada,negada,0.00,0
CON01606,PED021766,2025-03-03,CLI08860,LOJ0281,3,134.97,item_faltante,Faltou um item do pedido e a loja não respondeu.,1,1762,0,1,0,,respondida,autoaprovada,aprovada,102.24,0
CON01607,PED026409,2025-03-14,CLI03999,LOJ0329,7,"R$ 125,17",item_faltante,"O pedido chegou incompleto, faltou parte da compra.",0,585,2,5,0,,respondida,autoaprovada,aprovada,98.08,0
CON01608,PED022497,2025-03-28,CLI05535,LOJ0296,5,153.20,item_faltante,Não recebi todos os itens que estavam na nota.,0,1252,0,5,0,,respondida,autoaprovada,aprovada,"143,00",0
CON01609,PED024753,14/03/2025,CLI09330,LOJ0378,4,95.45,qualidade,A qualidade não correspondeu ao que foi anunciado.,0,972,1,2,0,,respondida,autoaprovada,aprovada,90.09,0
CON01610,PED028631,2025-03-01,CLI06725,LOJ0161,3,155.30,pedido_incorreto,O pedido veio errado e preciso corrigir a cobrança.,0,958,0,3,0,,respondida,autoaprovada,aprovada,142.28,0
CON01611,PED028661,2025-03-29,CLI08184,LOJ0124,2,"78,27",ITEM FALTANTE,Não recebi todos os itens que estavam na nota.,1,2397,0,1,0,,respondida,revisao_manual,aprovada,53.19,0
CON01612,PED026897,2025-03-09,CLI00049,LOJ0070,4,48.80,qualidade,A qualidade não correspondeu ao que foi anunciado.,0,1250,0,2,0,,sem resposta,negada_ou_retirada,negada,0.00,0
CON01613,PED023593,2025-03-14,CLI04777,LOJ0232,6,107.77,pedido_incorreto,Recebi produtos diferentes do que selecionei.,0,1845,0,4,0,,sem_resposta,autoaprovada,aprovada,52.27,0
CON01614,PED028331,2025-03-17,CLI06502,LOJ0140,5,118.49,item_faltante,Faltou um item do pedido e a loja não respondeu.,0,704,0,1,0,,SEM RESPOSTA,autoaprovada,aprovada,68.12,0
CON01615,PED023492,14/03/2025,CLI16553,LOJ0007,5,156.54,item_faltante,Não recebi todos os itens que estavam na nota.,0,1688,1,4,0,,respondida,autoaprovada,aprovada,"R$ 66,12",0
CON01616,PED028528,2025-03-09,CLI05638,LOJ0067,5,239.21,produto_avariado,O item vazou durante a entrega e não dava para consumir.,1,1626,0,4,0,,sem resposta,autoaprovada,aprovada,204.75,0
CON01617,PED026651,2025-03-16,CLI11617,LOJ0412,4,72.41,item_faltante,Não recebi todos os itens que estavam na nota.,0,2283,1,2,0,,respondida,negada_ou_retirada,negada,0.00,0
CON01618,PED024574,2025-03-24,CLI00507,LOJ0256,5,"R$ 114,98",item_faltante,"O pedido chegou incompleto, faltou parte da compra.",0,2251,0,3,0,,SEM RESPOSTA,autoaprovada,aprovada,85.91,1
CON01619,PED027550,2025-03-14,CLI04385,LOJ0164,3,104.19,pedido_incorreto,Recebi produtos diferentes do que selecionei.,1,1142,6,1,0,,respondida,revisao_manual,aprovada,77.64,0
CON01620,PED019820,2025-03-05,CLI03753,LOJ0441,6,81.72,nao_entregue,"O aplicativo marcou como entregue, mas não recebi o pedido.",1,57,1,3,0,,sem_resposta,autoaprovada,aprovada,64.67,0
CON01621,PED028987,20/03/2025,CLI06742,LOJ0205,6,83.10,pedido_incorreto,Entregaram outro item no lugar do que comprei.,0,861,1,6,1,,sem resposta,negada_ou_retirada,retirada,0.00,0
CON01622,PED023181,2025-03-17,CLI17751,LOJ0126,6,112.08,nao_entregue,"Consta entrega concluída, porém nada foi recebido.",1,303,3,2,0,,sem_resposta,autoaprovada,aprovada,"90,28",0
CON01623,PED028311,2025-03-04,CLI07561,LOJ0114,2,64.20,nao_entregue,O pedido não chegou no endereço informado.,1,1323,1,1,0,,respondida,autoaprovada,aprovada,53.95,0
CON01624,PED023176,2025-03-03,CLI03747,LOJ0041,3,99.39,produto_avariado,O produto chegou danificado dentro da sacola.,1,971,1,2,0,,SEM RESPOSTA,autoaprovada,aprovada,81.66,1
CON01625,PED021817,2025-03-07,CLI09720,LOJ0173,5,"116,79",item_faltante,Não recebi todos os itens que estavam na nota.,1,1644,1,1,0,,respondida,autoaprovada,aprovada,111.25,0
CON01626,PED027066,2025-03-05,CLI03345,LOJ0024,5,121.71,item_faltante,Não recebi todos os itens que estavam na nota.,1,565,0,3,0,,sem resposta,autoaprovada,aprovada,"R$ 46,01",0
CON01627,PED022011,14/03/2025,CLI11021,LOJ0115,6,45.22,nao_entregue,"Consta entrega concluída, porém nada foi recebido.",0,1645,1,3,0,,respondida,negada_ou_retirada,retirada,0.00,0
CON01628,PED021898,2025-03-10,CLI14276,LOJ0310,5,115.22,nao_entregue,"O aplicativo marcou como entregue, mas não recebi o pedido.",1,1068,0,4,0,,SEM RESPOSTA,negada_ou_retirada,retirada,0.00,0
CON01629,PED024367,2025-03-13,CLI06876,LOJ0424,5,"R$ 88,19",pedido_incorreto,Recebi produtos diferentes do que selecionei.,0,1371,1,4,0,,respondida,autoaprovada,aprovada,"80,04",0
CON01630,PED022898,2025-03-04,CLI16632,LOJ0436,4,88.14,item_faltante,Não recebi todos os itens que estavam na nota.,1,905,1,4,1,,sem_resposta,autoaprovada,aprovada,41.15,1
CON01631,PED021050,2025-03-02,CLI08555,LOJ0259,5,96.02,qualidade,O produto estava com aparência ruim quando chegou.,1,609,2,2,0,,respondida,autoaprovada,aprovada,81.07,0
CON01632,PED028543,2025-03-05,CLI01756,LOJ0221,3,"108,25",qualidade,O produto estava com aparência ruim quando chegou.,1,24,1,1,0,GRP089,respondida,revisao_manual,aprovada,69.65,0
CON01633,PED027805,05/03/2025,CLI12089,LOJ0260,5,168.05,nao_entregue,"Consta entrega concluída, porém nada foi recebido.",1,711,1,3,0,GRP075,respondida,autoaprovada,aprovada,88.90,1
CON01634,PED027533,2025-03-04,CLI00579,LOJ0146,2,88.39,PRODUTO AVARIADO,O item vazou durante a entrega e não dava para consumir.,1,347,2,2,0,GRP065,respondida,revisao_manual,negada,0.00,0
CON01635,PED020174,2025-03-12,CLI09424,LOJ0077,7,124.38,qualidade,A qualidade não correspondeu ao que foi anunciado.,1,1750,0,5,1,,respondida,autoaprovada,aprovada,105.49,1
CON01636,PED025632,2025-03-04,CLI17653,LOJ0071,3,78.40,pedido_incorreto,Recebi produtos diferentes do que selecionei.,0,313,1,1,0,,sem resposta,autoaprovada,aprovada,"63,72",0
CON01637,PED019367,2025-03-29,CLI08868,LOJ0266,4,57.12,qualidade,A qualidade não correspondeu ao que foi anunciado.,0,1497,0,2,0,,respondida,negada_ou_retirada,negada,"R$ 0,00",0
CON01638,PED027744,2025-03-27,CLI00924,LOJ0141,4,115.81,nao_entregue,"Consta entrega concluída, porém nada foi recebido.",1,1103,0,4,0,,sem_resposta,autoaprovada,aprovada,84.17,0
CON01639,PED021080,04/03/2025,CLI17555,LOJ0354,7,"89,02",item_faltante,Faltou um item do pedido e a loja não respondeu.,1,340,1,5,0,,respondida,autoaprovada,aprovada,53.83,0
CON01640,PED019805,2025-03-31,CLI06970,LOJ0237,6,"R$ 185,59",qualidade,O produto estava com aparência ruim quando chegou.,1,2114,1,4,0,,respondida,autoaprovada,aprovada,165.20,0
CON01641,PED028524,2025-03-07,CLI11848,LOJ0246,6,119.82,nao_entregue,"O aplicativo marcou como entregue, mas não recebi o pedido.",1,353,0,1,0,,respondida,autoaprovada,aprovada,81.97,0
CON01642,PED024896,2025-03-24,CLI15957,LOJ0035,2,117.72,qualidade,O produto estava com aparência ruim quando chegou.,1,2179,1,1,0,,respondida,autoaprovada,aprovada,49.81,0
CON01643,PED020503,2025-03-28,CLI17757,LOJ0101,5,110.40,item_faltante,"O pedido chegou incompleto, faltou parte da compra.",1,563,0,5,0,GRP078,SEM RESPOSTA,autoaprovada,aprovada,"88,29",0
CON01644,PED023044,2025-03-13,CLI06036,LOJ0322,2,373.31,item_faltante,"O pedido chegou incompleto, faltou parte da compra.",1,350,3,1,0,,sem resposta,autoaprovada,aprovada,368.34,0
CON01645,PED022465,24/03/2025,CLI04061,LOJ0355,5,103.80,produto_avariado,O produto chegou danificado dentro da sacola.,1,931,1,1,0,,SEM RESPOSTA,negada_ou_retirada,negada,0.00,0
CON01646,PED028853,2025-03-15,CLI15996,LOJ0056,2,"74,19",item_faltante,Faltou um item do pedido e a loja não respondeu.,0,331,0,1,0,,sem_resposta,autoaprovada,aprovada,39.52,0
CON01647,PED025603,2025-03-09,CLI14965,LOJ0374,4,111.01,item_faltante,"O pedido chegou incompleto, faltou parte da compra.",1,318,0,2,0,,sem resposta,negada_ou_retirada,retirada,0.00,0
CON01648,PED019756,2025-03-24,CLI17698,LOJ0156,2,113.13,produto_avariado,O item vazou durante a entrega e não dava para consumir.,1,1541,1,1,1,,respondida,revisao_manual,aprovada,"R$ 77,81",0
CON01649,PED027161,2025-03-02,CLI03086,LOJ0224,2,109.08,item_faltante,Não recebi todos os itens que estavam na nota.,1,80,0,1,0,,respondida,negada_ou_retirada,negada,0.00,0
CON01650,PED023787,2025-03-31,CLI01679,LOJ0081,5,78.48,qualidade,O produto estava com aparência ruim quando chegou.,1,1719,1,2,0,,sem_resposta,negada_ou_retirada,retirada,"0,00",0
CON01651,PED019250,08/03/2025,CLI01739,LOJ0419,3,"R$ 193,20",qualidade,A comida chegou fria e com qualidade abaixo do esperado.,1,351,2,2,0,,SEM RESPOSTA,autoaprovada,aprovada,179.58,1
CON01652,PED023531,2025-03-08,CLI04317,LOJ0267,4,167.20,item_faltante,Não recebi todos os itens que estavam na nota.,1,1958,1,2,0,,respondida,autoaprovada,aprovada,64.55,0
CON01653,PED025007,2025-03-29,CLI08687,LOJ0321,5,"140,12",produto_avariado,O item vazou durante a entrega e não dava para consumir.,1,632,4,2,0,,sem resposta,autoaprovada,aprovada,134.98,1
CON01654,PED020826,2025-03-14,CLI16461,LOJ0298,6,152.82,nao_entregue,"O aplicativo marcou como entregue, mas não recebi o pedido.",1,576,0,5,0,,respondida,autoaprovada,aprovada,102.43,0
CON01655,PED028572,2025-03-25,CLI05216,LOJ0128,2,124.62,pedido_incorreto,Recebi produtos diferentes do que selecionei.,0,2273,0,1,0,,respondida,autoaprovada,aprovada,66.86,0
CON01656,PED027835,2025-03-26,CLI16309,LOJ0154,5,104.28,item_faltante,"O pedido chegou incompleto, faltou parte da compra.",1,938,6,3,0,,respondida,autoaprovada,aprovada,48.91,0
CON01657,PED019428,06/03/2025,CLI11521,LOJ0379,3,90.87,PEDIDO INCORRETO,Recebi produtos diferentes do que selecionei.,1,193,0,2,1,,respondida,revisao_manual,aprovada,"62,32",0
CON01658,PED026882,2025-03-13,CLI08542,LOJ0029,2,67.29,item_faltante,Não recebi todos os itens que estavam na nota.,1,538,0,1,0,,respondida,autoaprovada,aprovada,49.03,0
CON01659,PED022447,2025-03-30,CLI17764,LOJ0095,6,40.00,qualidade,A comida chegou fria e com qualidade abaixo do esperado.,0,1811,1,1,0,,respondida,revisao_manual,negada,"R$ 0,00",0
CON01660,PED028830,2025-03-13,CLI08107,LOJ0313,7,"67,85",item_faltante,Faltou um item do pedido e a loja não respondeu.,1,1268,1,7,0,,SEM RESPOSTA,autoaprovada,aprovada,57.04,0
CON01661,PED027603,2025-03-25,CLI08517,LOJ0380,6,68.37,pedido_incorreto,Recebi produtos diferentes do que selecionei.,1,1018,6,4,1,,respondida,autoaprovada,aprovada,38.01,0
CON01662,PED025500,2025-03-10,CLI03091,LOJ0297,2,"R$ 105,85",nao_entregue,"Consta entrega concluída, porém nada foi recebido.",1,1122,2,1,1,,respondida,autoaprovada,aprovada,74.18,0
CON01663,PED021566,25/03/2025,CLI15819,LOJ0440,5,110.45,produto_avariado,O produto chegou danificado dentro da sacola.,1,1524,0,5,0,,sem_resposta,autoaprovada,aprovada,104.76,0
CON01664,PED027944,2025-03-24,CLI05220,LOJ0142,5,43.54,pedido_incorreto,Recebi produtos diferentes do que selecionei.,0,233,1,1,0,,respondida,negada_ou_retirada,negada,"0,00",0
CON01665,PED025419,2025-03-04,CLI12463,LOJ0104,2,123.30,item_faltante,"O pedido chegou incompleto, faltou parte da compra.",1,1323,5,1,0,,respondida,autoaprovada,aprovada,101.52,0
CON01666,PED025120,2025-03-04,CLI07836,LOJ0161,4,170.38,qualidade,A comida chegou fria e com qualidade abaixo do esperado.,1,2103,1,4,0,,sem resposta,autoaprovada,aprovada,49.05,0
CON01667,PED023519,2025-03-04,CLI08305,LOJ0426,2,"162,58",produto_avariado,O item vazou durante a entrega e não dava para consumir.,1,636,1,1,0,,respondida,negada_ou_retirada,negada,0.00,0
CON01668,PED022968,2025-03-19,CLI03029,LOJ0274,6,76.14,nao_entregue,O pedido não chegou no endereço informado.,1,457,2,4,0,,respondida,negada_ou_retirada,negada,0.00,0
CON01669,PED024939,07/03/2025,CLI17544,LOJ0109,2,79.33,produto_avariado,A embalagem chegou aberta e o produto estava avariado.,1,475,2,1,0,,sem_resposta,autoaprovada,aprovada,59.92,1
CON01670,PED025175,2025-03-01,CLI04690,LOJ0408,2,148.08,item_faltante,"O pedido chegou incompleto, faltou parte da compra.",0,1518,1,1,0,GRP054,respondida,revisao_manual,aprovada,"R$ 112,83",1
CON01671,PED026799,2025-03-23,CLI05184,LOJ0348,2,109.42,nao_entregue,O pedido não chegou no endereço informado.,1,1719,1,1,0,,respondida,revisao_manual,aprovada,"78,78",0
CON01672,PED026142,2025-03-16,CLI01827,LOJ0296,2,120.44,pedido_incorreto,Entregaram outro item no lugar do que comprei.,1,403,2,1,0,,SEM RESPOSTA,autoaprovada,aprovada,29.87,1
CON01673,PED021696,2025-03-14,CLI04269,LOJ0354,2,"R$ 105,35",item_faltante,Faltou um item do pedido e a loja não respondeu.,0,2027,1,1,0,,sem resposta,autoaprovada,aprovada,77.54,0
CON01674,PED023110,2025-03-25,CLI04715,LOJ0152,2,"52,63",pedido_incorreto,Entregaram outro item no lugar do que comprei.,1,2386,0,2,1,,SEM RESPOSTA,revisao_manual,negada,0.00,0
CON01675,PED025141,13/03/2025,CLI15791,LOJ0163,2,188.62,pedido_incorreto,Recebi produtos diferentes do que selecionei.,1,160,1,1,0,,respondida,autoaprovada,aprovada,90.12,0
CON01676,PED027941,2025-03-03,CLI08510,LOJ0442,7,88.06,pedido_incorreto,O pedido veio errado e preciso corrigir a cobrança.,0,25,0,1,1,,sem_resposta,negada_ou_retirada,negada,0.00,0
CON01677,PED027463,2025-03-06,CLI02717,LOJ0300,2,73.35,item_faltante,"O pedido chegou incompleto, faltou parte da compra.",1,617,0,1,0,,respondida,negada_ou_retirada,negada,0.00,0
CON01678,PED021146,2025-03-03,CLI12945,LOJ0308,2,79.70,nao_entregue,O pedido não chegou no endereço informado.,0,2122,2,1,0,,sem resposta,autoaprovada,aprovada,"69,56",1
CON01679,PED019366,2025-03-11,CLI06177,LOJ0447,7,103.18,item_faltante,Faltou um item do pedido e a loja não respondeu.,1,673,0,7,0,,sem_resposta,autoaprovada,aprovada,78.94,1
CON01680,PED029041,2025-03-10,CLI17289,LOJ0385,5,172.27,NAO ENTREGUE,"O aplicativo marcou como entregue, mas não recebi o pedido.",0,460,1,3,0,,respondida,autoaprovada,aprovada,149.85,0
CON01681,PED021142,22/03/2025,CLI07290,LOJ0153,2,"105,65",item_faltante,"O pedido chegou incompleto, faltou parte da compra.",0,357,0,2,0,,respondida,autoaprovada,aprovada,"R$ 51,76",0
CON01682,PED019842,2025-03-11,CLI12669,LOJ0173,4,101.92,produto_avariado,A embalagem chegou aberta e o produto estava avariado.,0,471,1,4,0,,SEM RESPOSTA,autoaprovada,aprovada,77.14,0
CON01683,PED028460,2025-03-17,CLI11550,LOJ0196,5,111.88,pedido_incorreto,Entregaram outro item no lugar do que comprei.,1,1861,0,2,0,,respondida,autoaprovada,aprovada,106.65,0
CON01684,PED022811,2025-03-29,CLI14832,LOJ0362,7,"R$ 114,82",nao_entregue,O pedido não chegou no endereço informado.,1,950,0,3,1,,respondida,revisao_manual,aprovada,108.69,1
CON01685,PED025131,2025-03-30,CLI10910,LOJ0255,7,78.09,pedido_incorreto,Entregaram outro item no lugar do que comprei.,0,796,1,2,0,,sem resposta,autoaprovada,aprovada,"68,93",0
CON01686,PED026482,2025-03-29,CLI17547,LOJ0292,2,67.38,pedido_incorreto,O pedido veio errado e preciso corrigir a cobrança.,1,439,1,1,0,,respondida,revisao_manual,negada,0.00,0
CON01687,PED026632,28/03/2025,CLI08438,LOJ0291,2,128.49,produto_avariado,A embalagem chegou aberta e o produto estava avariado.,1,241,0,1,0,,respondida,autoaprovada,aprovada,109.04,0
CON01688,PED020199,2025-03-30,CLI02098,LOJ0322,3,"89,45",item_faltante,"O pedido chegou incompleto, faltou parte da compra.",1,891,0,1,0,,respondida,autoaprovada,aprovada,76.01,0
CON01689,PED024108,2025-03-24,CLI10715,LOJ0334,5,65.33,nao_entregue,O pedido não chegou no endereço informado.,1,1770,0,3,0,,respondida,negada_ou_retirada,retirada,0.00,0
CON01690,PED025618,2025-03-06,CLI11817,LOJ0041,7,144.73,qualidade,O produto estava com aparência ruim quando chegou.,1,624,0,6,1,,respondida,autoaprovada,aprovada,123.17,0
CON01691,PED021731,2025-03-21,CLI04470,LOJ0226,2,74.15,item_faltante,Faltou um item do pedido e a loja não respondeu.,1,1711,2,1,0,,SEM RESPOSTA,autoaprovada,aprovada,46.14,0
CON01692,PED028795,2025-03-20,CLI05022,LOJ0281,7,74.45,qualidade,A qualidade não correspondeu ao que foi anunciado.,1,1476,2,1,0,,respondida,autoaprovada,aprovada,"R$ 42,82",0
CON01693,PED025944,24/03/2025,CLI06890,LOJ0260,5,180.60,item_faltante,"O pedido chegou incompleto, faltou parte da compra.",1,841,1,3,0,,sem_resposta,revisao_manual,aprovada,142.73,0
CON01694,PED023504,2025-03-06,CLI08738,LOJ0436,5,115.20,item_faltante,"O pedido chegou incompleto, faltou parte da compra.",1,1000,0,4,0,,respondida,autoaprovada,aprovada,84.14,0
CON01695,PED025087,2025-03-15,CLI03001,LOJ0215,6,"R$ 77,60",pedido_incorreto,Entregaram outro item no lugar do que comprei.,0,932,2,6,1,,respondida,negada_ou_retirada,negada,0.00,0
CON01696,PED025466,2025-03-12,CLI00950,LOJ0190,4,172.33,item_faltante,Não recebi todos os itens que estavam na nota.,1,1498,1,1,0,,respondida,autoaprovada,aprovada,47.89,0
CON01697,PED026094,2025-03-17,CLI07388,LOJ0181,3,55.76,pedido_incorreto,Recebi produtos diferentes do que selecionei.,1,234,0,2,0,GRP105,sem resposta,revisao_manual,negada,0.00,0
CON01698,PED024949,2025-03-15,CLI06327,LOJ0447,2,105.76,pedido_incorreto,Entregaram outro item no lugar do que comprei.,0,2073,0,1,0,,respondida,autoaprovada,aprovada,72.19,0
CON01699,PED020420,27/03/2025,CLI07037,LOJ0065,2,84.15,pedido_incorreto,Entregaram outro item no lugar do que comprei.,0,482,1,1,0,,respondida,negada_ou_retirada,negada,"0,00",0
CON01700,PED024961,2025-03-11,CLI16046,LOJ0058,6,74.82,item_faltante,Não recebi todos os itens que estavam na nota.,1,2324,0,5,0,,respondida,autoaprovada,aprovada,70.41,0
CON01701,PED020964,2025-03-01,CLI12582,LOJ0305,5,145.30,pedido_incorreto,Entregaram outro item no lugar do que comprei.,1,352,2,5,0,,sem_resposta,autoaprovada,aprovada,126.84,0
CON01702,PED027088,2025-03-16,CLI00803,LOJ0320,4,"99,16",nao_entregue,O pedido não chegou no endereço informado.,1,1577,6,1,0,,respondida,negada_ou_retirada,negada,0.00,0
CON01703,PED022272,2025-03-25,CLI03759,LOJ0167,6,67.91,QUALIDADE,O produto estava com aparência ruim quando chegou.,1,1249,1,1,0,,SEM RESPOSTA,autoaprovada,aprovada,"R$ 62,49",0
CON01704,PED029005,2025-03-06,CLI10992,LOJ0192,4,121.29,pedido_incorreto,Entregaram outro item no lugar do que comprei.,0,801,2,2,1,,sem resposta,autoaprovada,aprovada,43.06,1
CON01705,PED027513,12/03/2025,CLI09801,LOJ0049,3,93.28,item_faltante,Faltou um item do pedido e a loja não respondeu.,0,1080,0,1,0,,SEM RESPOSTA,autoaprovada,aprovada,54.46,1
CON01706,PED028390,2025-03-09,CLI08798,LOJ0130,7,"R$ 74,03",pedido_incorreto,Entregaram outro item no lugar do que comprei.,1,1514,2,4,1,,sem_resposta,negada_ou_retirada,negada,"0,00",0
CON01707,PED026677,2025-03-22,CLI05219,LOJ0190,6,61.55,produto_avariado,O produto chegou danificado dentro da sacola.,1,1913,4,3,0,,respondida,autoaprovada,aprovada,49.58,0
CON01708,PED022237,2025-03-12,CLI03638,LOJ0153,2,94.16,produto_avariado,O item vazou durante a entrega e não dava para consumir.,0,1485,0,1,0,,respondida,autoaprovada,aprovada,30.50,0
CON01709,PED028072,2025-03-12,CLI12045,LOJ0223,2,"80,54",pedido_incorreto,O pedido veio errado e preciso corrigir a cobrança.,1,2196,1,1,0,,respondida,autoaprovada,aprovada,51.37,0
CON01710,PED020277,2025-03-27,CLI13162,LOJ0027,6,89.75,item_faltante,Não recebi todos os itens que estavam na nota.,1,1896,1,6,0,,respondida,revisao_manual,negada,0.00,0
CON01711,PED026667,21/03/2025,CLI17822,LOJ0090,2,88.43,pedido_incorreto,Entregaram outro item no lugar do que comprei.,0,1192,0,1,0,,respondida,revisao_manual,aprovada,66.39,0
CON01712,PED026040,2025-03-26,CLI12534,LOJ0019,6,101.92,qualidade,A qualidade não correspondeu ao que foi anunciado.,0,2247,2,4,0,,sem resposta,autoaprovada,aprovada,61.46,0
CON01713,PED026731,2025-03-25,CLI17036,LOJ0367,5,73.30,produto_avariado,A embalagem chegou aberta e o produto estava avariado.,1,1827,0,2,0,,sem_resposta,negada_ou_retirada,negada,"0,00",0
CON01714,PED019030,2025-03-30,CLI02167,LOJ0348,6,122.25,item_faltante,Faltou um item do pedido e a loja não respondeu.,1,1824,1,2,0,,SEM RESPOSTA,autoaprovada,aprovada,"R$ 102,50",0
CON01715,PED023951,2025-03-20,CLI15328,LOJ0262,3,127.04,item_faltante,Não recebi todos os itens que estavam na nota.,1,298,5,1,0,GRP041,sem resposta,autoaprovada,aprovada,91.72,0
CON01716,PED020825,2025-03-24,CLI06556,LOJ0089,4,"118,69",nao_entregue,"O aplicativo marcou como entregue, mas não recebi o pedido.",1,1861,1,2,0,,respondida,autoaprovada,aprovada,112.24,0
CON01717,PED022070,14/03/2025,CLI01143,LOJ0400,2,"R$ 102,33",pedido_incorreto,Entregaram outro item no lugar do que comprei.,1,2159,2,1,0,,SEM RESPOSTA,autoaprovada,aprovada,92.69,0
CON01718,PED024666,2025-03-26,CLI17903,LOJ0145,3,77.02,qualidade,A comida chegou fria e com qualidade abaixo do esperado.,1,1951,0,1,0,GRP010,sem_resposta,negada_ou_retirada,negada,0.00,0
CON01719,PED019807,2025-03-27,CLI01486,LOJ0355,7,58.51,nao_entregue,"Consta entrega concluída, porém nada foi recebido.",0,1975,0,2,0,,sem resposta,autoaprovada,aprovada,45.80,0
CON01720,PED026010,2025-03-11,CLI16254,LOJ0389,3,228.11,pedido_incorreto,O pedido veio errado e preciso corrigir a cobrança.,1,667,1,1,0,,respondida,autoaprovada,aprovada,"195,61",1
CON01721,PED019944,2025-03-19,CLI07786,LOJ0010,7,110.13,pedido_incorreto,Recebi produtos diferentes do que selecionei.,0,587,0,1,1,,respondida,revisao_manual,negada,0.00,0
CON01722,PED023747,2025-03-30,CLI04808,LOJ0146,2,66.45,produto_avariado,O item vazou durante a entrega e não dava para consumir.,1,999,0,1,0,,respondida,autoaprovada,aprovada,44.85,0
CON01723,PED021712,04/03/2025,CLI14239,LOJ0080,4,"77,17",item_faltante,Faltou um item do pedido e a loja não respondeu.,1,777,0,2,0,,sem_resposta,revisao_manual,aprovada,48.23,0
CON01724,PED024938,2025-03-01,CLI13236,LOJ0372,2,55.35,item_faltante,Faltou um item do pedido e a loja não respondeu.,1,1690,6,1,0,,SEM RESPOSTA,autoaprovada,aprovada,24.98,0
CON01725,PED024581,2025-03-08,CLI02673,LOJ0252,3,52.24,qualidade,O produto estava com aparência ruim quando chegou.,1,1038,0,1,0,,respondida,autoaprovada,aprovada,"R$ 25,75",0
CON01726,PED021876,2025-03-22,CLI02189,LOJ0215,7,127.40,ITEM FALTANTE,Faltou um item do pedido e a loja não respondeu.,1,1405,0,7,0,,sem resposta,autoaprovada,aprovada,80.56,0
CON01727,PED023750,2025-03-29,CLI09701,LOJ0266,6,143.10,item_faltante,"O pedido chegou incompleto, faltou parte da compra.",1,1051,0,6,1,,respondida,autoaprovada,aprovada,"130,78",1
CON01728,PED019504,2025-03-27,CLI05725,LOJ0010,5,"R$ 59,11",pedido_incorreto,Recebi produtos diferentes do que selecionei.,1,1269,1,5,0,,respondida,revisao_manual,negada,0.00,0
CON01729,PED023008,03/03/2025,CLI09250,LOJ0089,5,128.10,nao_entregue,"O aplicativo marcou como entregue, mas não recebi o pedido.",1,2331,0,2,0,,SEM RESPOSTA,autoaprovada,aprovada,103.02,0
CON01730,PED025478,2025-03-17,CLI16157,LOJ0171,2,"162,50",pedido_incorreto,O pedido veio errado e preciso corrigir a cobrança.,0,2083,0,1,0,,sem_resposta,autoaprovada,aprovada,126.21,0
CON01731,PED020925,2025-03-09,CLI04718,LOJ0046,2,63.76,produto_avariado,A embalagem chegou aberta e o produto estava avariado.,1,2338,1,2,0,,respondida,autoaprovada,aprovada,49.99,0
CON01732,PED028058,2025-03-02,CLI12434,LOJ0113,2,101.01,pedido_incorreto,Entregaram outro item no lugar do que comprei.,1,1001,1,1,1,,sem resposta,negada_ou_retirada,negada,0.00,0
CON01733,PED021767,2025-03-07,CLI07813,LOJ0166,2,90.02,item_faltante,Não recebi todos os itens que estavam na nota.,1,817,2,1,0,,respondida,autoaprovada,aprovada,42.84,0
CON01734,PED027786,2025-03-25,CLI04694,LOJ0318,6,124.93,item_faltante,Faltou um item do pedido e a loja não respondeu.,0,2058,0,3,0,,respondida,negada_ou_retirada,negada,"0,00",0
CON01735,PED022688,28/03/2025,CLI08943,LOJ0368,5,119.90,qualidade,A qualidade não correspondeu ao que foi anunciado.,0,1656,1,2,0,,sem_resposta,negada_ou_retirada,negada,0.00,0
CON01736,PED024873,2025-03-04,CLI01618,LOJ0325,2,122.71,pedido_incorreto,Recebi produtos diferentes do que selecionei.,1,1172,0,1,0,,SEM RESPOSTA,autoaprovada,aprovada,"R$ 107,61",0
CON01737,PED027970,2025-03-20,CLI13744,LOJ0316,7,"76,35",item_faltante,Faltou um item do pedido e a loja não respondeu.,1,2099,1,3,0,,respondida,autoaprovada,aprovada,50.29,0
CON01738,PED022512,2025-03-04,CLI17675,LOJ0313,3,186.77,item_faltante,Não recebi todos os itens que estavam na nota.,1,2148,0,2,0,,sem resposta,autoaprovada,aprovada,154.92,0
CON01739,PED020621,2025-03-16,CLI13862,LOJ0450,6,"R$ 138,81",pedido_incorreto,O pedido veio errado e preciso corrigir a cobrança.,1,1119,0,3,0,,respondida,autoaprovada,aprovada,79.37,0
CON01740,PED027590,2025-03-07,CLI08437,LOJ0345,6,108.98,produto_avariado,O produto chegou danificado dentro da sacola.,1,2071,1,5,0,,SEM RESPOSTA,autoaprovada,aprovada,98.36,0
CON01741,PED023398,03/03/2025,CLI00138,LOJ0329,5,115.99,item_faltante,Faltou um item do pedido e a loja não respondeu.,1,1703,0,3,0,,respondida,revisao_manual,aprovada,"85,20",0
CON01742,PED021590,2025-03-04,CLI08847,LOJ0448,6,62.51,produto_avariado,O produto chegou danificado dentro da sacola.,1,2017,0,5,0,,respondida,autoaprovada,aprovada,43.08,0
CON01743,PED028595,2025-03-02,CLI17827,LOJ0133,6,114.77,item_faltante,Não recebi todos os itens que estavam na nota.,1,1311,2,3,0,,sem_resposta,autoaprovada,aprovada,49.82,1
CON01744,PED025185,2025-03-04,CLI13996,LOJ0149,6,"83,53",pedido_incorreto,O pedido veio errado e preciso corrigir a cobrança.,1,2201,0,1,0,,respondida,negada_ou_retirada,retirada,0.00,0
CON01745,PED024678,2025-03-30,CLI01537,LOJ0213,6,86.04,pedido_incorreto,Recebi produtos diferentes do que selecionei.,1,916,2,1,0,GRP018,sem resposta,autoaprovada,aprovada,73.98,0
CON01746,PED022863,2025-03-22,CLI15028,LOJ0222,7,78.15,item_faltante,Faltou um item do pedido e a loja não respondeu.,1,1051,2,4,0,,respondida,autoaprovada,aprovada,63.63,0
CON01747,PED021882,03/03/2025,CLI02054,LOJ0437,4,68.66,qualidade,A comida chegou fria e com qualidade abaixo do esperado.,0,1439,0,4,0,,respondida,autoaprovada,aprovada,"R$ 44,30",0
CON01748,PED025751,2025-03-24,CLI03577,LOJ0300,4,187.58,item_faltante,Faltou um item do pedido e a loja não respondeu.,0,1017,1,3,0,,respondida,autoaprovada,aprovada,"170,43",0
CON01749,PED023203,2025-03-27,CLI07804,LOJ0173,3,93.91,ITEM FALTANTE,Não recebi todos os itens que estavam na nota.,1,593,0,2,0,,respondida,autoaprovada,aprovada,38.55,0
CON01750,PED021430,2025-03-01,CLI01501,LOJ0180,2,"R$ 101,40",pedido_incorreto,O pedido veio errado e preciso corrigir a cobrança.,1,2382,0,1,0,,respondida,revisao_manual,aprovada,69.78,0
CON01751,PED023300,2025-03-20,CLI06424,LOJ0063,3,"132,13",item_faltante,Faltou um item do pedido e a loja não respondeu.,1,2236,1,1,0,,respondida,revisao_manual,aprovada,97.54,0
CON01752,PED020146,2025-03-02,CLI14654,LOJ0067,7,211.56,item_faltante,Não recebi todos os itens que estavam na nota.,1,1612,0,7,0,,respondida,negada_ou_retirada,negada,0.00,0
CON01753,PED021655,15/03/2025,CLI14228,LOJ0336,4,132.38,item_faltante,Não recebi todos os itens que estavam na nota.,1,2317,1,1,0,,respondida,autoaprovada,aprovada,112.69,0
CON01754,PED019926,2025-03-07,CLI01539,LOJ0380,6,161.30,item_faltante,Faltou um item do pedido e a loja não respondeu.,1,441,1,6,0,,sem_resposta,autoaprovada,aprovada,127.05,1
CON01755,PED028143,2025-03-13,CLI01556,LOJ0032,2,51.14,nao_entregue,"O aplicativo marcou como entregue, mas não recebi o pedido.",1,590,0,2,0,,SEM RESPOSTA,negada_ou_retirada,retirada,"0,00",0
CON01756,PED028902,2025-03-05,CLI05125,LOJ0219,6,38.07,nao_entregue,"O aplicativo marcou como entregue, mas não recebi o pedido.",1,1566,0,6,0,,sem resposta,negada_ou_retirada,retirada,0.00,0
CON01757,PED020190,2025-03-16,CLI09561,LOJ0369,3,67.08,pedido_incorreto,Entregaram outro item no lugar do que comprei.,1,1710,1,1,0,,respondida,autoaprovada,aprovada,58.94,0
CON01758,PED024080,2025-03-16,CLI15514,LOJ0415,7,"85,45",nao_entregue,"Consta entrega concluída, porém nada foi recebido.",1,2392,0,3,0,GRP055,SEM RESPOSTA,revisao_manual,negada,"R$ 0,00",0
CON01759,PED024228,28/03/2025,CLI06314,LOJ0122,4,75.09,pedido_incorreto,Recebi produtos diferentes do que selecionei.,0,869,1,3,0,,respondida,autoaprovada,aprovada,67.28,1
CON01760,PED020497,2025-03-09,CLI00158,LOJ0051,6,98.53,pedido_incorreto,O pedido veio errado e preciso corrigir a cobrança.,1,799,0,4,0,,sem_resposta,revisao_manual,negada,0.00,0
CON01761,PED027165,2025-03-21,CLI10768,LOJ0001,3,"R$ 72,67",item_faltante,Não recebi todos os itens que estavam na nota.,1,1343,1,2,0,,sem resposta,autoaprovada,aprovada,54.97,0
CON01762,PED021364,2025-03-20,CLI14125,LOJ0273,3,59.34,pedido_incorreto,Recebi produtos diferentes do que selecionei.,1,478,0,2,0,,sem_resposta,revisao_manual,negada,"0,00",0
CON01763,PED026992,2025-03-29,CLI11259,LOJ0362,3,126.65,qualidade,A qualidade não correspondeu ao que foi anunciado.,1,901,1,1,0,,respondida,autoaprovada,aprovada,92.24,0
CON01764,PED026068,2025-03-22,CLI03143,LOJ0024,7,115.37,item_faltante,"O pedido chegou incompleto, faltou parte da compra.",1,108,0,7,0,,SEM RESPOSTA,autoaprovada,aprovada,83.20,0
CON01765,PED024244,06/03/2025,CLI00072,LOJ0023,6,"83,80",item_faltante,Faltou um item do pedido e a loja não respondeu.,0,776,2,5,0,GRP119,respondida,autoaprovada,aprovada,79.24,0
CON01766,PED023505,2025-03-31,CLI10875,LOJ0321,7,94.36,item_faltante,Não recebi todos os itens que estavam na nota.,1,1959,0,3,0,,sem resposta,autoaprovada,aprovada,65.64,0
CON01767,PED023619,2025-03-18,CLI00586,LOJ0004,7,79.25,item_faltante,Faltou um item do pedido e a loja não respondeu.,1,1192,1,7,0,,respondida,autoaprovada,aprovada,49.16,1
CON01768,PED019746,2025-03-05,CLI15959,LOJ0312,4,129.77,pedido_incorreto,Entregaram outro item no lugar do que comprei.,0,2350,0,1,0,,respondida,autoaprovada,aprovada,94.26,0
CON01769,PED022210,2025-03-10,CLI15605,LOJ0360,2,126.14,pedido_incorreto,Recebi produtos diferentes do que selecionei.,1,1449,1,2,0,,SEM RESPOSTA,autoaprovada,aprovada,"R$ 71,83",0
CON01770,PED021230,2025-03-21,CLI13836,LOJ0157,5,84.48,pedido_incorreto,Recebi produtos diferentes do que selecionei.,1,2071,2,1,0,,sem_resposta,autoaprovada,aprovada,65.40,0
CON01771,PED027459,08/03/2025,CLI12504,LOJ0325,2,96.69,item_faltante,"O pedido chegou incompleto, faltou parte da compra.",1,1666,1,1,0,,respondida,autoaprovada,aprovada,69.82,0
CON01772,PED024235,2025-03-06,CLI15565,LOJ0318,2,"R$ 62,75",PEDIDO INCORRETO,Entregaram outro item no lugar do que comprei.,0,1439,1,1,0,,respondida,revisao_manual,negada,0.00,0
CON01773,PED025213,2025-03-26,CLI09405,LOJ0176,7,100.09,produto_avariado,O produto chegou danificado dentro da sacola.,1,2310,0,7,0,,respondida,autoaprovada,aprovada,66.03,0
CON01774,PED022587,2025-03-17,CLI05198,LOJ0079,7,134.85,pedido_incorreto,Entregaram outro item no lugar do que comprei.,1,1646,0,4,0,GRP076,respondida,revisao_manual,aprovada,53.72,0
CON01775,PED024900,2025-03-01,CLI15492,LOJ0161,5,149.54,nao_entregue,"Consta entrega concluída, porém nada foi recebido.",1,1495,1,2,0,,respondida,autoaprovada,aprovada,130.47,0
CON01776,PED019705,2025-03-08,CLI05035,LOJ0139,6,119.78,item_faltante,Faltou um item do pedido e a loja não respondeu.,1,2186,0,4,0,,respondida,autoaprovada,aprovada,"110,19",0
CON01777,PED019655,10/03/2025,CLI02102,LOJ0446,2,77.53,pedido_incorreto,Entregaram outro item no lugar do que comprei.,1,201,0,1,0,,sem resposta,revisao_manual,aprovada,54.61,0
CON01778,PED025820,2025-03-10,CLI04163,LOJ0054,4,102.12,item_faltante,Não recebi todos os itens que estavam na nota.,1,404,1,4,0,,sem_resposta,autoaprovada,aprovada,92.42,1
CON01779,PED020295,2025-03-09,CLI17897,LOJ0016,2,"214,17",pedido_incorreto,Recebi produtos diferentes do que selecionei.,1,613,2,2,0,,respondida,autoaprovada,aprovada,204.50,1
CON01780,PED026887,2025-03-20,CLI14962,LOJ0321,5,105.65,qualidade,A comida chegou fria e com qualidade abaixo do esperado.,1,1551,0,1,0,,SEM RESPOSTA,autoaprovada,aprovada,"R$ 89,17",0
CON01781,PED021716,2025-03-16,CLI09130,LOJ0090,3,57.95,qualidade,A qualidade não correspondeu ao que foi anunciado.,1,1104,1,2,0,,sem resposta,autoaprovada,aprovada,49.42,0
CON01782,PED027971,2025-03-08,CLI17950,LOJ0192,3,61.77,produto_avariado,O item vazou durante a entrega e não dava para consumir.,1,2185,6,1,0,,SEM RESPOSTA,negada_ou_retirada,negada,0.00,0
CON01783,PED023880,25/03/2025,CLI04066,LOJ0125,4,"R$ 172,90",item_faltante,Não recebi todos os itens que estavam na nota.,1,969,1,4,0,,sem_resposta,autoaprovada,aprovada,"135,97",1
CON01784,PED019741,2025-03-02,CLI05215,LOJ0450,4,71.77,pedido_incorreto,Recebi produtos diferentes do que selecionei.,0,699,2,1,0,,sem resposta,autoaprovada,aprovada,56.29,0
CON01785,PED021697,2025-03-09,CLI12263,LOJ0363,5,85.42,pedido_incorreto,Entregaram outro item no lugar do que comprei.,0,87,0,4,0,,respondida,autoaprovada,aprovada,70.13,0
CON01786,PED019900,2025-03-03,CLI13078,LOJ0434,5,"125,91",pedido_incorreto,Entregaram outro item no lugar do que comprei.,1,1752,0,4,0,,respondida,autoaprovada,aprovada,120.45,0
CON01787,PED024632,2025-03-10,CLI07688,LOJ0236,2,136.51,pedido_incorreto,Recebi produtos diferentes do que selecionei.,1,359,0,1,1,GRP028,respondida,autoaprovada,aprovada,107.17,1
CON01788,PED022690,2025-03-12,CLI17068,LOJ0212,6,108.16,item_faltante,"O pedido chegou incompleto, faltou parte da compra.",1,384,2,4,0,,sem_resposta,autoaprovada,aprovada,76.78,0
CON01789,PED027148,12/03/2025,CLI10007,LOJ0347,3,155.90,qualidade,O produto estava com aparência ruim quando chegou.,1,1071,1,2,0,,respondida,autoaprovada,aprovada,148.01,0
CON01790,PED025346,2025-03-24,CLI07723,LOJ0092,7,169.14,item_faltante,"O pedido chegou incompleto, faltou parte da compra.",0,2355,0,3,0,,SEM RESPOSTA,autoaprovada,aprovada,"155,73",1
CON01791,PED019185,2025-03-03,CLI12875,LOJ0444,2,111.04,item_faltante,Faltou um item do pedido e a loja não respondeu.,1,1853,0,1,0,,respondida,revisao_manual,negada,"R$ 0,00",0
CON01792,PED025624,2025-03-23,CLI13508,LOJ0187,6,75.55,item_faltante,Não recebi todos os itens que estavam na nota.,1,1720,0,3,0,,sem resposta,autoaprovada,aprovada,44.60,0
CON01793,PED026567,2025-03-28,CLI10347,LOJ0244,3,"168,37",pedido_incorreto,O pedido veio errado e preciso corrigir a cobrança.,1,2212,0,1,0,,respondida,autoaprovada,aprovada,39.03,1
CON01794,PED023625,2025-03-23,CLI05146,LOJ0338,4,"R$ 189,11",pedido_incorreto,Recebi produtos diferentes do que selecionei.,1,310,5,2,0,,respondida,revisao_manual,aprovada,180.98,0
CON01795,PED021606,08/03/2025,CLI04397,LOJ0050,7,43.04,PEDIDO INCORRETO,Entregaram outro item no lugar do que comprei.,1,2088,0,7,0,,SEM RESPOSTA,negada_ou_retirada,negada,0.00,0
CON01796,PED021136,2025-03-20,CLI07850,LOJ0400,4,63.96,produto_avariado,O item vazou durante a entrega e não dava para consumir.,1,1313,1,2,0,,respondida,autoaprovada,aprovada,30.09,0
CON01797,PED025144,2025-03-03,CLI03887,LOJ0015,2,75.65,item_faltante,"O pedido chegou incompleto, faltou parte da compra.",1,400,1,2,0,,respondida,autoaprovada,aprovada,"55,66",0
CON01798,PED019320,2025-03-29,CLI10112,LOJ0026,7,80.13,qualidade,A qualidade não correspondeu ao que foi anunciado.,1,1111,0,6,1,,respondida,autoaprovada,aprovada,43.49,0
CON01799,PED028624,2025-03-21,CLI16860,LOJ0405,4,54.28,produto_avariado,A embalagem chegou aberta e o produto estava avariado.,1,1723,0,2,0,,sem_resposta,negada_ou_retirada,negada,0.00,0
CON01800,PED023830,2025-03-16,CLI04579,LOJ0350,6,"55,23",nao_entregue,O pedido não chegou no endereço informado.,1,1549,0,3,0,,sem resposta,negada_ou_retirada,negada,0.00,0
CON01801,PED023223,08/03/2025,CLI13065,LOJ0390,5,44.58,item_faltante,Não recebi todos os itens que estavam na nota.,1,2300,0,2,0,,sem_resposta,negada_ou_retirada,negada,0.00,0
CON01802,PED022940,2025-03-04,CLI14451,LOJ0220,3,93.77,item_faltante,Faltou um item do pedido e a loja não respondeu.,1,1643,1,1,0,,respondida,revisao_manual,aprovada,"R$ 86,72",0
CON01803,PED023687,2025-03-14,CLI00110,LOJ0332,3,109.57,nao_entregue,O pedido não chegou no endereço informado.,1,2244,1,3,1,GRP106,respondida,autoaprovada,aprovada,49.05,1
CON01804,PED027859,2025-03-15,CLI10829,LOJ0171,4,89.64,item_faltante,Faltou um item do pedido e a loja não respondeu.,1,1611,0,2,0,,respondida,autoaprovada,aprovada,"58,65",0
CON01805,PED028182,2025-03-13,CLI14478,LOJ0174,4,"R$ 95,64",qualidade,A comida chegou fria e com qualidade abaixo do esperado.,1,1482,0,3,0,,respondida,autoaprovada,aprovada,68.77,0
CON01806,PED019978,2025-03-27,CLI02117,LOJ0353,6,75.54,item_faltante,"O pedido chegou incompleto, faltou parte da compra.",1,1144,0,5,0,GRP084,SEM RESPOSTA,negada_ou_retirada,negada,0.00,0
CON01807,PED026682,20/03/2025,CLI08842,LOJ0263,2,"103,20",item_faltante,Faltou um item do pedido e a loja não respondeu.,1,2170,2,2,0,,sem resposta,autoaprovada,aprovada,45.37,0
CON01808,PED023140,2025-03-27,CLI04888,LOJ0399,3,146.37,produto_avariado,O produto chegou danificado dentro da sacola.,1,1944,1,1,0,,respondida,autoaprovada,aprovada,62.60,0
CON01809,PED020414,2025-03-24,CLI10034,LOJ0263,3,115.92,item_faltante,Não recebi todos os itens que estavam na nota.,0,1959,0,2,0,,respondida,autoaprovada,aprovada,109.01,0
CON01810,PED022894,2025-03-17,CLI13631,LOJ0431,5,121.63,item_faltante,"O pedido chegou incompleto, faltou parte da compra.",0,2357,1,2,0,,SEM RESPOSTA,revisao_manual,aprovada,87.97,1
CON01811,PED024439,2025-03-17,CLI06698,LOJ0173,2,61.84,qualidade,O produto estava com aparência ruim quando chegou.,1,1387,0,1,0,,sem_resposta,negada_ou_retirada,negada,"0,00",0
CON01812,PED024258,2025-03-15,CLI16599,LOJ0202,3,73.01,item_faltante,Não recebi todos os itens que estavam na nota.,1,829,2,2,0,GRP090,sem resposta,autoaprovada,aprovada,63.55,1
CON01813,PED025167,26/03/2025,CLI14645,LOJ0216,3,178.59,pedido_incorreto,Entregaram outro item no lugar do que comprei.,1,2281,2,1,1,,respondida,autoaprovada,aprovada,"R$ 33,97",0
CON01814,PED026478,2025-03-26,CLI16237,LOJ0170,3,"196,46",pedido_incorreto,Entregaram outro item no lugar do que comprei.,1,1333,6,3,0,,sem_resposta,autoaprovada,aprovada,51.67,1
CON01815,PED027802,2025-03-29,CLI05458,LOJ0154,3,88.00,item_faltante,Faltou um item do pedido e a loja não respondeu.,1,1648,2,2,0,,SEM RESPOSTA,revisao_manual,aprovada,79.10,0
CON01816,PED026594,2025-03-10,CLI04590,LOJ0016,6,"R$ 92,07",item_faltante,Faltou um item do pedido e a loja não respondeu.,1,187,0,2,1,,sem resposta,revisao_manual,aprovada,70.17,0
CON01817,PED019452,2025-03-01,CLI16255,LOJ0152,5,96.34,pedido_incorreto,Recebi produtos diferentes do que selecionei.,1,1812,1,3,1,,SEM RESPOSTA,autoaprovada,aprovada,68.39,0
CON01818,PED021221,2025-03-17,CLI01056,LOJ0318,2,74.79,QUALIDADE,A qualidade não correspondeu ao que foi anunciado.,1,1257,1,1,0,,respondida,autoaprovada,aprovada,"36,82",0
CON01819,PED019674,04/03/2025,CLI01810,LOJ0244,2,83.72,nao_entregue,"O aplicativo marcou como entregue, mas não recebi o pedido.",0,2005,2,2,0,,respondida,autoaprovada,aprovada,48.84,0
CON01820,PED023476,2025-03-14,CLI14063,LOJ0392,7,130.06,qualidade,A comida chegou fria e com qualidade abaixo do esperado.,1,2001,1,2,1,,sem_resposta,autoaprovada,aprovada,122.60,1
CON01821,PED023299,2025-03-24,CLI15320,LOJ0201,7,"139,54",item_faltante,Faltou um item do pedido e a loja não respondeu.,0,1549,0,4,0,,respondida,revisao_manual,negada,0.00,0
CON01822,PED019459,2025-03-23,CLI14002,LOJ0375,4,81.12,qualidade,O produto estava com aparência ruim quando chegou.,1,467,0,4,0,,respondida,autoaprovada,aprovada,54.33,0
CON01823,PED023239,2025-03-21,CLI08486,LOJ0058,2,104.67,item_faltante,Não recebi todos os itens que estavam na nota.,1,1440,0,1,0,,sem resposta,autoaprovada,aprovada,44.37,0
CON01824,PED021858,2025-03-11,CLI14775,LOJ0329,4,140.44,pedido_incorreto,Recebi produtos diferentes do que selecionei.,1,1460,0,2,0,,respondida,autoaprovada,aprovada,"R$ 108,03",0
CON01825,PED027638,27/03/2025,CLI01720,LOJ0373,6,86.37,item_faltante,Faltou um item do pedido e a loja não respondeu.,1,1339,5,4,0,,respondida,revisao_manual,aprovada,"51,33",0
CON01826,PED025842,2025-03-19,CLI16439,LOJ0384,2,143.83,pedido_incorreto,Recebi produtos diferentes do que selecionei.,0,2093,0,2,0,,respondida,autoaprovada,aprovada,132.09,0
CON01827,PED024726,2025-03-04,CLI16490,LOJ0141,7,"R$ 54,17",nao_entregue,"O aplicativo marcou como entregue, mas não recebi o pedido.",1,908,1,1,0,,respondida,negada_ou_retirada,negada,0.00,0
CON01828,PED028811,2025-03-16,CLI13932,LOJ0080,4,"154,42",item_faltante,"O pedido chegou incompleto, faltou parte da compra.",1,83,1,1,0,,sem_resposta,autoaprovada,aprovada,142.58,0
CON01829,PED020947,2025-03-16,CLI14208,LOJ0370,4,146.26,pedido_incorreto,Entregaram outro item no lugar do que comprei.,1,113,2,3,0,,SEM RESPOSTA,autoaprovada,aprovada,115.40,0
CON01830,PED028392,2025-03-26,CLI08169,LOJ0378,5,125.33,pedido_incorreto,O pedido veio errado e preciso corrigir a cobrança.,1,2223,0,1,0,,sem resposta,autoaprovada,aprovada,93.90,0
CON01831,PED027097,19/03/2025,CLI16551,LOJ0436,7,103.52,produto_avariado,O produto chegou danificado dentro da sacola.,1,2256,0,7,0,,respondida,autoaprovada,aprovada,50.79,0
CON01832,PED026069,2025-03-01,CLI17528,LOJ0179,3,97.28,item_faltante,"O pedido chegou incompleto, faltou parte da compra.",1,1471,1,1,0,,respondida,autoaprovada,aprovada,"59,69",0
CON01833,PED021347,2025-03-27,CLI15625,LOJ0063,3,54.10,pedido_incorreto,Entregaram outro item no lugar do que comprei.,1,1819,0,1,0,,SEM RESPOSTA,revisao_manual,negada,0.00,0
CON01834,PED025890,2025-03-24,CLI10362,LOJ0188,2,156.20,qualidade,O produto estava com aparência ruim quando chegou.,1,2232,2,1,0,,respondida,autoaprovada,aprovada,121.59,0
CON01835,PED024539,2025-03-16,CLI17454,LOJ0145,2,"62,72",produto_avariado,O item vazou durante a entrega e não dava para consumir.,1,1183,1,2,0,,respondida,autoaprovada,aprovada,"R$ 47,05",1
CON01836,PED022484,2025-03-26,CLI01718,LOJ0386,4,184.55,pedido_incorreto,O pedido veio errado e preciso corrigir a cobrança.,0,2028,4,4,0,,sem_resposta,autoaprovada,aprovada,171.75,1
CON01837,PED026766,27/03/2025,CLI11707,LOJ0392,4,61.79,produto_avariado,O item vazou durante a entrega e não dava para consumir.,1,2150,1,1,0,,respondida,revisao_manual,negada,0.00,0
CON01838,PED021234,2025-03-26,CLI05789,LOJ0094,5,"R$ 77,03",nao_entregue,"Consta entrega concluída, porém nada foi recebido.",0,589,1,4,0,,sem resposta,autoaprovada,aprovada,45.99,0
CON01839,PED022311,2025-03-06,CLI12129,LOJ0130,2,114.78,pedido_incorreto,Recebi produtos diferentes do que selecionei.,1,1877,0,1,0,,respondida,autoaprovada,aprovada,"102,94",0
CON01840,PED025638,2025-03-05,CLI07876,LOJ0272,2,63.05,produto_avariado,A embalagem chegou aberta e o produto estava avariado.,1,2275,0,1,1,,sem_resposta,negada_ou_retirada,negada,0.00,0
CON01841,PED028869,2025-03-22,CLI09956,LOJ0372,6,106.12,QUALIDADE,A qualidade não correspondeu ao que foi anunciado.,1,258,1,6,0,GRP034,SEM RESPOSTA,revisao_manual,aprovada,85.35,0
CON01842,PED024493,2025-03-27,CLI16185,LOJ0421,2,"111,58",qualidade,O produto estava com aparência ruim quando chegou.,1,692,0,2,0,,respondida,autoaprovada,aprovada,104.40,1
CON01843,PED020122,07/03/2025,CLI00655,LOJ0411,7,121.37,item_faltante,"O pedido chegou incompleto, faltou parte da compra.",1,19,0,1,0,,sem resposta,autoaprovada,aprovada,114.48,0
CON01844,PED026949,2025-03-24,CLI15446,LOJ0294,4,85.24,item_faltante,Faltou um item do pedido e a loja não respondeu.,1,1721,0,4,0,,respondida,autoaprovada,aprovada,59.71,0
CON01845,PED026206,2025-03-09,CLI12902,LOJ0247,6,107.72,item_faltante,Não recebi todos os itens que estavam na nota.,1,512,1,1,0,,respondida,autoaprovada,aprovada,67.61,0
CON01846,PED028786,2025-03-30,CLI05502,LOJ0390,5,69.46,pedido_incorreto,Recebi produtos diferentes do que selecionei.,0,2251,0,4,1,,SEM RESPOSTA,autoaprovada,aprovada,"R$ 38,49",1
CON01847,PED027934,2025-03-31,CLI05613,LOJ0192,2,167.86,nao_entregue,"O aplicativo marcou como entregue, mas não recebi o pedido.",1,223,0,1,0,,respondida,autoaprovada,aprovada,80.49,0
CON01848,PED026106,2025-03-14,CLI13928,LOJ0042,4,91.72,produto_avariado,O item vazou durante a entrega e não dava para consumir.,1,249,1,4,1,,sem_resposta,autoaprovada,aprovada,69.74,1
CON01849,PED025563,11/03/2025,CLI11739,LOJ0249,2,"R$ 110,42",nao_entregue,"O aplicativo marcou como entregue, mas não recebi o pedido.",1,1494,0,1,1,,sem resposta,negada_ou_retirada,retirada,0.00,0
CON01850,PED028416,2025-03-25,CLI03057,LOJ0286,4,65.36,item_faltante,"O pedido chegou incompleto, faltou parte da compra.",0,1047,3,3,0,,respondida,negada_ou_retirada,negada,0.00,0
CON01851,PED028430,2025-03-01,CLI14845,LOJ0025,2,153.23,nao_entregue,"Consta entrega concluída, porém nada foi recebido.",1,2182,1,1,0,,respondida,negada_ou_retirada,negada,0.00,0
CON01852,PED021654,2025-03-01,CLI03716,LOJ0244,3,76.50,nao_entregue,"Consta entrega concluída, porém nada foi recebido.",1,1976,0,3,0,,respondida,autoaprovada,aprovada,55.31,1
CON01853,PED025754,2025-03-18,CLI03654,LOJ0044,7,79.47,produto_avariado,O item vazou durante a entrega e não dava para consumir.,1,741,0,5,0,,respondida,negada_ou_retirada,negada,"0,00",0
CON01854,PED023351,2025-03-15,CLI13676,LOJ0334,3,54.77,qualidade,A comida chegou fria e com qualidade abaixo do esperado.,0,1105,1,3,0,,sem_resposta,negada_ou_retirada,retirada,0.00,0
CON01855,PED023616,23/03/2025,CLI03967,LOJ0003,3,149.57,item_faltante,"O pedido chegou incompleto, faltou parte da compra.",1,1952,1,2,0,,SEM RESPOSTA,autoaprovada,aprovada,126.66,0
CON01856,PED025172,2025-03-02,CLI10453,LOJ0430,2,"156,16",item_faltante,"O pedido chegou incompleto, faltou parte da compra.",1,85,1,1,0,,respondida,negada_ou_retirada,retirada,0.00,0
CON01857,PED025866,2025-03-17,CLI17117,LOJ0276,3,69.38,item_faltante,Não recebi todos os itens que estavam na nota.,1,2212,1,2,0,,sem resposta,autoaprovada,aprovada,"R$ 53,84",0
CON01858,PED020941,2025-03-11,CLI11930,LOJ0207,2,135.44,pedido_incorreto,Entregaram outro item no lugar do que comprei.,1,455,0,1,0,,SEM RESPOSTA,autoaprovada,aprovada,87.65,0
CON01859,PED023667,2025-03-20,CLI09808,LOJ0284,6,227.55,item_faltante,Não recebi todos os itens que estavam na nota.,1,728,1,1,0,,respondida,autoaprovada,aprovada,207.91,0
CON01860,PED021218,2025-03-22,CLI03163,LOJ0100,4,"R$ 74,90",item_faltante,Faltou um item do pedido e a loja não respondeu.,0,377,0,2,0,,sem_resposta,negada_ou_retirada,retirada,"0,00",0
CON01861,PED028000,14/03/2025,CLI16157,LOJ0277,2,63.88,nao_entregue,O pedido não chegou no endereço informado.,1,956,0,2,0,,sem resposta,revisao_manual,aprovada,34.28,0
CON01862,PED028367,2025-03-22,CLI15755,LOJ0239,2,85.56,qualidade,A qualidade não correspondeu ao que foi anunciado.,1,259,2,2,0,,respondida,autoaprovada,aprovada,71.05,1
CON01863,PED021722,2025-03-03,CLI17553,LOJ0303,2,"79,45",pedido_incorreto,O pedido veio errado e preciso corrigir a cobrança.,1,1918,0,2,0,,respondida,autoaprovada,aprovada,50.40,0
CON01864,PED027683,2025-03-06,CLI07476,LOJ0378,2,99.80,PRODUTO AVARIADO,O produto chegou danificado dentro da sacola.,1,2381,0,1,1,,respondida,autoaprovada,aprovada,83.88,1
CON01865,PED025727,2025-03-02,CLI13968,LOJ0426,7,34.01,qualidade,O produto estava com aparência ruim quando chegou.,0,1593,0,5,0,,sem_resposta,autoaprovada,aprovada,27.72,0
CON01866,PED027481,2025-03-20,CLI05581,LOJ0142,4,49.67,nao_entregue,"Consta entrega concluída, porém nada foi recebido.",0,135,2,2,0,GRP091,respondida,autoaprovada,aprovada,23.67,0
CON01867,PED025656,19/03/2025,CLI03641,LOJ0355,4,73.16,produto_avariado,O produto chegou danificado dentro da sacola.,1,646,1,1,0,,SEM RESPOSTA,autoaprovada,aprovada,"39,40",1
CON01868,PED026996,2025-03-07,CLI13951,LOJ0376,2,108.42,item_faltante,Faltou um item do pedido e a loja não respondeu.,1,562,1,1,0,,sem resposta,autoaprovada,aprovada,"R$ 99,31",0
CON01869,PED025703,2025-03-27,CLI09737,LOJ0124,6,113.24,pedido_incorreto,Recebi produtos diferentes do que selecionei.,1,2398,2,1,0,,respondida,autoaprovada,aprovada,94.34,0
CON01870,PED023604,2025-03-10,CLI13653,LOJ0398,4,"77,09",item_faltante,"O pedido chegou incompleto, faltou parte da compra.",0,921,0,1,0,,respondida,autoaprovada,aprovada,57.92,0
CON01871,PED023337,2025-03-09,CLI01083,LOJ0274,2,"R$ 109,77",nao_entregue,"Consta entrega concluída, porém nada foi recebido.",1,1721,1,2,0,,respondida,autoaprovada,aprovada,70.05,0
CON01872,PED022972,2025-03-05,CLI00528,LOJ0186,2,111.33,pedido_incorreto,O pedido veio errado e preciso corrigir a cobrança.,1,1827,0,1,0,,respondida,autoaprovada,aprovada,70.13,1
CON01873,PED024356,25/03/2025,CLI03308,LOJ0007,3,91.55,item_faltante,Faltou um item do pedido e a loja não respondeu.,0,2231,2,1,0,,respondida,autoaprovada,aprovada,26.35,0
CON01874,PED024892,2025-03-05,CLI03423,LOJ0406,3,118.79,pedido_incorreto,Recebi produtos diferentes do que selecionei.,0,1130,3,3,0,,respondida,autoaprovada,aprovada,"100,35",1
CON01875,PED019343,2025-03-24,CLI02747,LOJ0215,4,125.72,qualidade,A comida chegou fria e com qualidade abaixo do esperado.,1,1825,0,1,0,,SEM RESPOSTA,autoaprovada,aprovada,87.25,0
CON01876,PED021188,2025-03-03,CLI14072,LOJ0284,5,138.11,item_faltante,Não recebi todos os itens que estavam na nota.,1,1025,0,5,0,,respondida,revisao_manual,aprovada,127.89,1
CON01877,PED021324,2025-03-13,CLI10450,LOJ0192,2,"91,11",qualidade,O produto estava com aparência ruim quando chegou.,1,2010,1,1,1,,sem_resposta,autoaprovada,aprovada,77.89,0
CON01878,PED019358,2025-03-16,CLI01294,LOJ0177,2,112.06,qualidade,O produto estava com aparência ruim quando chegou.,1,840,0,1,0,,sem resposta,autoaprovada,aprovada,92.80,0
CON01879,PED025686,15/03/2025,CLI17946,LOJ0235,7,73.96,qualidade,A comida chegou fria e com qualidade abaixo do esperado.,1,1850,0,3,0,,respondida,autoaprovada,aprovada,"R$ 32,08",0
CON01880,PED028508,2025-03-03,CLI00279,LOJ0372,4,39.78,pedido_incorreto,O pedido veio errado e preciso corrigir a cobrança.,1,230,1,1,0,,respondida,negada_ou_retirada,negada,0.00,0
CON01881,PED025639,2025-03-30,CLI11219,LOJ0092,6,124.88,nao_entregue,O pedido não chegou no endereço informado.,1,939,1,2,1,,sem_resposta,autoaprovada,aprovada,"118,39",0
CON01882,PED029100,2025-03-17,CLI17482,LOJ0194,5,"R$ 101,29",item_faltante,"O pedido chegou incompleto, faltou parte da compra.",1,1383,2,1,0,,respondida,autoaprovada,aprovada,91.88,0
CON01883,PED028212,2025-03-22,CLI08218,LOJ0424,6,88.06,qualidade,A comida chegou fria e com qualidade abaixo do esperado.,1,1296,2,4,0,,respondida,autoaprovada,aprovada,64.22,1
CON01884,PED022545,2025-03-27,CLI10866,LOJ0214,2,"95,52",pedido_incorreto,Entregaram outro item no lugar do que comprei.,1,1532,0,2,0,,respondida,revisao_manual,aprovada,84.79,0
CON01885,PED025985,09/03/2025,CLI14615,LOJ0214,7,107.32,nao_entregue,"Consta entrega concluída, porém nada foi recebido.",1,162,1,7,0,,respondida,revisao_manual,aprovada,76.36,1
CON01886,PED026977,2025-03-21,CLI02828,LOJ0152,2,98.77,item_faltante,Faltou um item do pedido e a loja não respondeu.,0,2249,0,1,0,,respondida,autoaprovada,aprovada,86.48,0
CON01887,PED027758,2025-03-10,CLI15303,LOJ0238,4,93.80,PEDIDO INCORRETO,Entregaram outro item no lugar do que comprei.,0,1250,0,3,0,,respondida,negada_ou_retirada,negada,0.00,0
CON01888,PED019738,2025-03-24,CLI09826,LOJ0114,2,148.40,item_faltante,"O pedido chegou incompleto, faltou parte da compra.",1,1182,0,1,0,,SEM RESPOSTA,autoaprovada,aprovada,"57,20",0
CON01889,PED027779,2025-03-04,CLI11785,LOJ0204,4,83.07,item_faltante,Não recebi todos os itens que estavam na nota.,0,1126,0,4,0,,respondida,negada_ou_retirada,retirada,0.00,0
CON01890,PED020385,2025-03-20,CLI04013,LOJ0392,4,95.97,qualidade,A comida chegou fria e com qualidade abaixo do esperado.,1,988,2,1,0,,respondida,negada_ou_retirada,retirada,"R$ 0,00",0
CON01891,PED021150,17/03/2025,CLI06062,LOJ0095,5,"77,41",nao_entregue,"Consta entrega concluída, porém nada foi recebido.",0,2043,2,4,0,GRP075,respondida,negada_ou_retirada,negada,0.00,0
CON01892,PED019656,2025-03-09,CLI02005,LOJ0152,2,62.82,pedido_incorreto,Recebi produtos diferentes do que selecionei.,0,114,1,1,1,,sem resposta,autoaprovada,aprovada,30.98,1
CON01893,PED023213,2025-03-16,CLI08208,LOJ0088,2,"R$ 92,96",item_faltante,"O pedido chegou incompleto, faltou parte da compra.",1,1649,1,1,0,,respondida,revisao_manual,aprovada,57.68,0
CON01894,PED023029,2025-03-05,CLI06394,LOJ0217,2,137.29,item_faltante,"O pedido chegou incompleto, faltou parte da compra.",1,222,0,1,0,,respondida,autoaprovada,aprovada,109.82,0
CON01895,PED026698,2025-03-12,CLI13568,LOJ0021,5,129.59,produto_avariado,O produto chegou danificado dentro da sacola.,1,2079,0,4,0,,respondida,autoaprovada,aprovada,"92,93",0
CON01896,PED023586,2025-03-08,CLI09313,LOJ0325,6,84.63,nao_entregue,O pedido não chegou no endereço informado.,1,1592,0,6,0,,SEM RESPOSTA,negada_ou_retirada,negada,0.00,0
CON01897,PED025414,11/03/2025,CLI02141,LOJ0174,4,137.08,item_faltante,Faltou um item do pedido e a loja não respondeu.,1,2175,1,4,0,,respondida,revisao_manual,aprovada,114.30,0
CON01898,PED020858,2025-03-12,CLI02838,LOJ0412,3,"74,92",produto_avariado,O item vazou durante a entrega e não dava para consumir.,1,253,2,3,0,GRP024,respondida,autoaprovada,aprovada,55.50,1
CON01899,PED020053,2025-03-10,CLI02221,LOJ0171,3,154.13,qualidade,A qualidade não correspondeu ao que foi anunciado.,1,44,0,1,0,,sem_resposta,revisao_manual,aprovada,114.40,0
CON01900,PED028529,2025-03-29,CLI07443,LOJ0296,2,87.49,pedido_incorreto,O pedido veio errado e preciso corrigir a cobrança.,1,1469,2,2,0,,respondida,autoaprovada,aprovada,83.06,0
CON01901,PED027831,2025-03-01,CLI12641,LOJ0432,4,146.29,qualidade,A qualidade não correspondeu ao que foi anunciado.,0,2356,2,2,0,,respondida,autoaprovada,aprovada,"R$ 122,01",0
CON01902,PED026395,2025-03-24,CLI04404,LOJ0377,3,163.33,item_faltante,Faltou um item do pedido e a loja não respondeu.,0,1418,0,2,1,,sem resposta,autoaprovada,aprovada,"85,50",0
CON01903,PED024470,14/03/2025,CLI12086,LOJ0126,7,95.86,pedido_incorreto,O pedido veio errado e preciso corrigir a cobrança.,1,794,2,7,0,,respondida,autoaprovada,aprovada,64.43,0
CON01904,PED021612,2025-03-02,CLI07025,LOJ0130,4,"R$ 143,55",item_faltante,"O pedido chegou incompleto, faltou parte da compra.",1,1447,0,1,0,GRP124,respondida,autoaprovada,aprovada,39.05,0
CON01905,PED019189,2025-03-17,CLI03017,LOJ0116,4,"73,89",qualidade,A qualidade não correspondeu ao que foi anunciado.,0,1839,1,1,0,GRP058,sem_resposta,autoaprovada,aprovada,49.91,1
CON01906,PED024590,2025-03-20,CLI10381,LOJ0121,2,27.50,item_faltante,"O pedido chegou incompleto, faltou parte da compra.",1,1073,0,1,0,,respondida,negada_ou_retirada,retirada,0.00,0
CON01907,PED020772,2025-03-06,CLI00244,LOJ0358,6,83.87,item_faltante,Não recebi todos os itens que estavam na nota.,0,1393,0,1,0,,respondida,negada_ou_retirada,retirada,0.00,0
CON01908,PED028380,2025-03-06,CLI14856,LOJ0168,7,79.99,qualidade,A qualidade não correspondeu ao que foi anunciado.,0,1434,2,6,0,,respondida,autoaprovada,aprovada,50.65,0
CON01909,PED028482,09/03/2025,CLI01921,LOJ0275,2,77.12,pedido_incorreto,Entregaram outro item no lugar do que comprei.,1,1264,1,1,0,,respondida,negada_ou_retirada,negada,"0,00",0
CON01910,PED019908,2025-03-11,CLI09726,LOJ0222,4,114.06,PEDIDO INCORRETO,Entregaram outro item no lugar do que comprei.,0,1658,1,4,0,,SEM RESPOSTA,autoaprovada,aprovada,97.19,0
CON01911,PED025673,2025-03-19,CLI08826,LOJ0375,2,87.41,qualidade,A qualidade não correspondeu ao que foi anunciado.,0,1232,0,1,0,,respondida,revisao_manual,aprovada,68.60,0
CON01912,PED020514,2025-03-13,CLI06836,LOJ0090,3,"64,14",pedido_incorreto,Recebi produtos diferentes do que selecionei.,1,1300,0,2,0,,sem resposta,negada_ou_retirada,negada,"R$ 0,00",0
CON01913,PED027725,2025-03-27,CLI03223,LOJ0037,5,63.75,produto_avariado,O produto chegou danificado dentro da sacola.,0,1909,1,5,0,,SEM RESPOSTA,negada_ou_retirada,retirada,0.00,0
CON01914,PED019889,2025-03-06,CLI00837,LOJ0271,4,140.69,nao_entregue,"O aplicativo marcou como entregue, mas não recebi o pedido.",0,1420,0,2,0,,sem_resposta,revisao_manual,aprovada,116.57,0
CON01915,PED019657,17/03/2025,CLI05382,LOJ0005,4,"R$ 125,68",pedido_incorreto,O pedido veio errado e preciso corrigir a cobrança.,0,1899,1,4,0,,respondida,autoaprovada,aprovada,78.50,0
CON01916,PED025039,2025-03-20,CLI02066,LOJ0104,7,43.48,pedido_incorreto,O pedido veio errado e preciso corrigir a cobrança.,1,1848,1,6,0,,sem resposta,negada_ou_retirada,retirada,"0,00",0
CON01917,PED025365,2025-03-06,CLI13890,LOJ0103,5,115.13,pedido_incorreto,O pedido veio errado e preciso corrigir a cobrança.,0,1951,0,1,0,,respondida,autoaprovada,aprovada,79.15,0
CON01918,PED024842,2025-03-27,CLI05394,LOJ0353,4,115.79,nao_entregue,"Consta entrega concluída, porém nada foi recebido.",1,1979,2,4,0,,sem_resposta,autoaprovada,aprovada,72.56,0
CON01919,PED023966,2025-03-09,CLI13065,LOJ0005,2,"71,91",produto_avariado,A embalagem chegou aberta e o produto estava avariado.,1,837,0,1,0,,respondida,negada_ou_retirada,retirada,0.00,0
CON01920,PED026246,2025-03-07,CLI14493,LOJ0245,6,245.60,pedido_incorreto,Recebi produtos diferentes do que selecionei.,0,1329,0,5,0,,respondida,autoaprovada,aprovada,212.64,0
CON01921,PED026813,29/03/2025,CLI03282,LOJ0075,6,119.81,pedido_incorreto,Entregaram outro item no lugar do que comprei.,1,651,1,2,0,GRP113,respondida,autoaprovada,aprovada,83.27,0
CON01922,PED022375,2025-03-03,CLI04066,LOJ0138,3,50.22,nao_entregue,"Consta entrega concluída, porém nada foi recebido.",1,144,1,3,0,,respondida,negada_ou_retirada,negada,0.00,0
CON01923,PED025435,2025-03-13,CLI01742,LOJ0384,7,88.63,pedido_incorreto,O pedido veio errado e preciso corrigir a cobrança.,0,2140,2,4,0,,respondida,autoaprovada,aprovada,"R$ 67,39",0
CON01924,PED029062,2025-03-11,CLI14864,LOJ0291,2,92.68,pedido_incorreto,O pedido veio errado e preciso corrigir a cobrança.,1,1735,1,1,0,,SEM RESPOSTA,autoaprovada,aprovada,77.10,0
CON01925,PED026157,2025-03-16,CLI00293,LOJ0262,2,145.52,item_faltante,Não recebi todos os itens que estavam na nota.,1,1508,2,2,0,,sem resposta,revisao_manual,negada,0.00,0
CON01926,PED025975,2025-03-07,CLI03786,LOJ0049,6,"R$ 103,99",item_faltante,"O pedido chegou incompleto, faltou parte da compra.",1,769,6,6,0,,respondida,autoaprovada,aprovada,88.78,1
CON01927,PED022290,28/03/2025,CLI09235,LOJ0373,3,101.23,item_faltante,"O pedido chegou incompleto, faltou parte da compra.",1,26,0,3,0,,SEM RESPOSTA,revisao_manual,negada,0.00,0
CON01928,PED021361,2025-03-08,CLI01191,LOJ0112,7,73.61,pedido_incorreto,O pedido veio errado e preciso corrigir a cobrança.,1,2021,2,3,0,,respondida,autoaprovada,aprovada,37.17,0
CON01929,PED025645,2025-03-18,CLI01328,LOJ0306,2,44.26,qualidade,A qualidade não correspondeu ao que foi anunciado.,0,2355,1,2,0,,respondida,revisao_manual,negada,0.00,0
CON01930,PED024456,2025-03-01,CLI13806,LOJ0238,4,113.68,produto_avariado,O item vazou durante a entrega e não dava para consumir.,1,722,5,4,0,,respondida,autoaprovada,aprovada,"79,94",0
CON01931,PED027016,2025-03-20,CLI02858,LOJ0247,7,118.99,pedido_incorreto,Entregaram outro item no lugar do que comprei.,1,1247,5,1,0,,respondida,autoaprovada,aprovada,112.38,1
CON01932,PED019426,2025-03-22,CLI06361,LOJ0098,2,89.75,nao_entregue,"Consta entrega concluída, porém nada foi recebido.",1,2062,0,1,0,,respondida,negada_ou_retirada,negada,0.00,0
CON01933,PED027428,14/03/2025,CLI03150,LOJ0269,5,"166,28",PEDIDO INCORRETO,O pedido veio errado e preciso corrigir a cobrança.,1,615,0,3,0,,sem_resposta,autoaprovada,aprovada,141.19,1
CON01934,PED023726,2025-03-23,CLI15753,LOJ0263,3,88.91,pedido_incorreto,O pedido veio errado e preciso corrigir a cobrança.,0,2128,4,2,0,,sem resposta,autoaprovada,aprovada,"R$ 49,04",1
CON01935,PED022376,2025-03-07,CLI10800,LOJ0283,5,96.80,nao_entregue,O pedido não chegou no endereço informado.,0,507,0,4,0,,respondida,autoaprovada,aprovada,63.58,0
CON01936,PED027034,2025-03-17,CLI02657,LOJ0049,2,92.65,pedido_incorreto,Recebi produtos diferentes do que selecionei.,1,1501,1,2,0,,sem_resposta,autoaprovada,aprovada,78.50,0
CON01937,PED028295,2025-03-13,CLI09275,LOJ0315,5,"R$ 146,40",pedido_incorreto,Entregaram outro item no lugar do que comprei.,0,946,0,1,0,,respondida,autoaprovada,aprovada,"45,78",0
CON01938,PED022086,2025-03-03,CLI02954,LOJ0305,2,75.08,item_faltante,Faltou um item do pedido e a loja não respondeu.,1,48,0,1,0,,respondida,autoaprovada,aprovada,50.52,0
CON01939,PED024879,08/03/2025,CLI12311,LOJ0186,5,140.70,pedido_incorreto,Entregaram outro item no lugar do que comprei.,1,279,0,1,0,,respondida,autoaprovada,aprovada,114.06,0
CON01940,PED026774,2025-03-07,CLI14673,LOJ0184,6,"69,56",produto_avariado,O item vazou durante a entrega e não dava para consumir.,0,794,0,4,0,,respondida,autoaprovada,aprovada,43.85,0
CON01941,PED022460,2025-03-04,CLI10530,LOJ0125,2,79.64,item_faltante,"O pedido chegou incompleto, faltou parte da compra.",0,1322,1,1,1,,respondida,autoaprovada,aprovada,57.13,0
CON01942,PED022772,2025-03-28,CLI08320,LOJ0012,5,90.54,item_faltante,Faltou um item do pedido e a loja não respondeu.,1,1375,0,2,0,GRP119,SEM RESPOSTA,autoaprovada,aprovada,56.52,0
CON01943,PED026467,2025-03-21,CLI10051,LOJ0058,2,75.38,qualidade,O produto estava com aparência ruim quando chegou.,1,1138,2,1,0,GRP105,sem resposta,autoaprovada,aprovada,22.26,0
CON01944,PED025750,2025-03-15,CLI12590,LOJ0208,5,82.57,produto_avariado,O produto chegou danificado dentro da sacola.,1,2116,1,4,0,,SEM RESPOSTA,negada_ou_retirada,negada,"0,00",0
CON01945,PED020222,03/03/2025,CLI16831,LOJ0061,2,201.48,qualidade,O produto estava com aparência ruim quando chegou.,1,1031,0,1,0,,respondida,autoaprovada,aprovada,"R$ 195,45",0
CON01946,PED024658,2025-03-04,CLI16512,LOJ0339,5,82.20,item_faltante,Não recebi todos os itens que estavam na nota.,1,1216,1,1,0,,respondida,revisao_manual,negada,0.00,0
CON01947,PED029004,2025-03-24,CLI15581,LOJ0449,4,"79,65",pedido_incorreto,Entregaram outro item no lugar do que comprei.,1,790,2,2,0,,sem_resposta,autoaprovada,aprovada,75.32,0
CON01948,PED027423,2025-03-28,CLI13495,LOJ0153,4,"R$ 32,87",pedido_incorreto,O pedido veio errado e preciso corrigir a cobrança.,1,549,2,4,0,,sem resposta,negada_ou_retirada,negada,0.00,0
CON01949,PED022273,2025-03-21,CLI05452,LOJ0264,2,74.94,nao_entregue,"Consta entrega concluída, porém nada foi recebido.",1,1035,4,1,0,,respondida,autoaprovada,aprovada,64.43,1
CON01950,PED028100,2025-03-26,CLI05859,LOJ0192,7,95.56,nao_entregue,O pedido não chegou no endereço informado.,1,2263,5,3,0,,respondida,revisao_manual,aprovada,63.60,0
CON01951,PED023050,17/03/2025,CLI16255,LOJ0002,5,145.49,produto_avariado,O produto chegou danificado dentro da sacola.,1,656,3,3,1,,respondida,autoaprovada,aprovada,"112,28",1
CON01952,PED019348,2025-03-29,CLI13074,LOJ0334,2,105.93,item_faltante,Faltou um item do pedido e a loja não respondeu.,1,1363,1,1,0,,respondida,autoaprovada,aprovada,99.37,1
CON01953,PED028992,2025-03-06,CLI10917,LOJ0097,3,123.12,qualidade,A comida chegou fria e com qualidade abaixo do esperado.,0,2078,0,2,0,,sem_resposta,revisao_manual,aprovada,113.92,1
CON01954,PED021812,2025-03-01,CLI00550,LOJ0151,7,"60,09",produto_avariado,O item vazou durante a entrega e não dava para consumir.,1,364,0,3,0,,SEM RESPOSTA,negada_ou_retirada,negada,0.00,0
CON01955,PED019212,2025-03-16,CLI15446,LOJ0266,7,75.16,produto_avariado,O produto chegou danificado dentro da sacola.,0,550,5,4,0,,respondida,revisao_manual,negada,0.00,0
CON01956,PED020213,2025-03-16,CLI04855,LOJ0075,2,123.51,PEDIDO INCORRETO,O pedido veio errado e preciso corrigir a cobrança.,1,905,2,2,0,,sem resposta,revisao_manual,aprovada,"R$ 106,94",0
CON01957,PED019579,19/03/2025,CLI10246,LOJ0412,2,89.12,item_faltante,Não recebi todos os itens que estavam na nota.,1,403,1,1,0,,respondida,autoaprovada,aprovada,73.07,0
CON01958,PED024895,2025-03-09,CLI10694,LOJ0013,2,67.71,item_faltante,Faltou um item do pedido e a loja não respondeu.,1,1359,1,1,0,GRP016,respondida,autoaprovada,aprovada,"44,72",1
CON01959,PED027747,2025-03-07,CLI11847,LOJ0438,4,"R$ 140,81",pedido_incorreto,O pedido veio errado e preciso corrigir a cobrança.,1,558,0,2,1,,SEM RESPOSTA,revisao_manual,aprovada,132.15,0
CON01960,PED026235,2025-03-29,CLI17112,LOJ0171,6,106.20,qualidade,O produto estava com aparência ruim quando chegou.,1,1982,1,1,0,,sem_resposta,autoaprovada,aprovada,93.92,0
CON01961,PED022833,2025-03-21,CLI15962,LOJ0195,6,"97,56",nao_entregue,O pedido não chegou no endereço informado.,0,159,0,5,0,,sem resposta,autoaprovada,aprovada,61.84,1
CON01962,PED028848,2025-03-03,CLI17998,LOJ0104,5,128.42,pedido_incorreto,O pedido veio errado e preciso corrigir a cobrança.,0,184,0,5,1,,respondida,autoaprovada,aprovada,101.16,0
CON01963,PED020781,09/03/2025,CLI02331,LOJ0169,7,43.92,produto_avariado,O item vazou durante a entrega e não dava para consumir.,1,2112,0,2,0,,respondida,revisao_manual,negada,0.00,0
CON01964,PED024683,2025-03-02,CLI00621,LOJ0407,7,141.56,qualidade,A qualidade não correspondeu ao que foi anunciado.,1,1738,0,5,0,,sem_resposta,autoaprovada,aprovada,114.12,0
CON01965,PED021688,2025-03-21,CLI09756,LOJ0289,6,76.44,item_faltante,Não recebi todos os itens que estavam na nota.,1,87,0,6,1,,respondida,autoaprovada,aprovada,"43,55",0
CON01966,PED027199,2025-03-17,CLI11239,LOJ0190,7,163.57,produto_avariado,O produto chegou danificado dentro da sacola.,1,433,1,5,0,,SEM RESPOSTA,autoaprovada,aprovada,130.75,0
CON01967,PED027231,2025-03-20,CLI11230,LOJ0331,5,78.01,item_faltante,"O pedido chegou incompleto, faltou parte da compra.",1,900,1,3,0,,respondida,revisao_manual,aprovada,"R$ 57,95",0
CON01968,PED019653,2025-03-10,CLI09255,LOJ0076,4,"134,08",qualidade,A qualidade não correspondeu ao que foi anunciado.,0,944,2,4,0,,respondida,autoaprovada,aprovada,100.34,1
CON01969,PED027491,18/03/2025,CLI05778,LOJ0328,5,70.99,nao_entregue,O pedido não chegou no endereço informado.,1,657,1,1,0,,respondida,autoaprovada,aprovada,66.78,0
CON01970,PED021743,2025-03-27,CLI06211,LOJ0108,4,"R$ 73,75",pedido_incorreto,Entregaram outro item no lugar do que comprei.,1,199,0,3,0,,sem resposta,autoaprovada,aprovada,48.05,0
CON01971,PED027429,2025-03-14,CLI08447,LOJ0176,7,141.17,qualidade,A qualidade não correspondeu ao que foi anunciado.,0,625,1,1,1,,respondida,autoaprovada,aprovada,121.88,1
CON01972,PED028983,2025-03-07,CLI09752,LOJ0173,2,109.05,item_faltante,"O pedido chegou incompleto, faltou parte da compra.",0,1910,1,2,0,,respondida,autoaprovada,aprovada,"74,48",1
CON01973,PED028188,2025-03-26,CLI00697,LOJ0414,5,127.66,pedido_incorreto,Recebi produtos diferentes do que selecionei.,0,1986,1,5,0,,respondida,autoaprovada,aprovada,95.35,0
CON01974,PED021203,2025-03-26,CLI16529,LOJ0391,7,160.75,pedido_incorreto,Recebi produtos diferentes do que selecionei.,1,1982,2,7,0,,respondida,revisao_manual,aprovada,132.59,0
CON01975,PED023659,03/03/2025,CLI07457,LOJ0314,6,"166,60",item_faltante,"O pedido chegou incompleto, faltou parte da compra.",1,387,0,4,1,,SEM RESPOSTA,autoaprovada,aprovada,104.10,0
CON01976,PED023285,2025-03-19,CLI07291,LOJ0052,7,77.80,pedido_incorreto,Entregaram outro item no lugar do que comprei.,1,770,0,6,0,,sem_resposta,negada_ou_retirada,retirada,0.00,0
CON01977,PED024025,2025-03-14,CLI08419,LOJ0393,6,202.17,qualidade,A qualidade não correspondeu ao que foi anunciado.,1,719,1,1,0,,respondida,revisao_manual,negada,0.00,0
CON01978,PED026895,2025-03-19,CLI10819,LOJ0377,2,115.17,qualidade,A comida chegou fria e com qualidade abaixo do esperado.,0,712,0,1,0,,sem resposta,autoaprovada,aprovada,"R$ 83,25",0
CON01979,PED025592,2025-03-26,CLI15605,LOJ0302,6,65.53,QUALIDADE,O produto estava com aparência ruim quando chegou.,1,2259,2,2,0,,sem_resposta,revisao_manual,negada,"0,00",0
CON01980,PED020811,2025-03-02,CLI04713,LOJ0269,6,95.58,item_faltante,Não recebi todos os itens que estavam na nota.,0,862,1,3,0,,SEM RESPOSTA,autoaprovada,aprovada,74.04,0
CON01981,PED021267,01/03/2025,CLI08980,LOJ0368,5,"R$ 86,76",qualidade,A qualidade não correspondeu ao que foi anunciado.,1,500,0,1,0,,respondida,autoaprovada,aprovada,58.68,0
CON01982,PED019680,2025-03-17,CLI01751,LOJ0287,3,"82,06",produto_avariado,A embalagem chegou aberta e o produto estava avariado.,1,700,0,1,0,,sem resposta,negada_ou_retirada,retirada,0.00,0
CON01983,PED025129,2025-03-31,CLI12520,LOJ0362,3,85.81,nao_entregue,"Consta entrega concluída, porém nada foi recebido.",1,1519,0,2,0,,SEM RESPOSTA,autoaprovada,aprovada,64.18,0
CON01984,PED020363,2025-03-17,CLI01276,LOJ0014,4,85.52,produto_avariado,O item vazou durante a entrega e não dava para consumir.,1,2265,0,2,1,GRP081,respondida,autoaprovada,aprovada,66.47,1
CON01985,PED022061,2025-03-09,CLI14154,LOJ0143,4,64.04,item_faltante,Não recebi todos os itens que estavam na nota.,0,608,0,1,0,,respondida,negada_ou_retirada,negada,0.00,0
CON01986,PED024427,2025-03-10,CLI05833,LOJ0206,4,124.00,nao_entregue,"Consta entrega concluída, porém nada foi recebido.",1,108,6,4,0,,respondida,autoaprovada,aprovada,"53,69",1
CON01987,PED026913,16/03/2025,CLI17844,LOJ0189,7,158.08,item_faltante,Faltou um item do pedido e a loja não respondeu.,0,194,0,6,0,,sem_resposta,autoaprovada,aprovada,128.64,0
CON01988,PED021242,2025-03-03,CLI15609,LOJ0019,2,65.84,pedido_incorreto,Recebi produtos diferentes do que selecionei.,1,721,1,1,0,,sem resposta,negada_ou_retirada,retirada,0.00,0
CON01989,PED023691,2025-03-25,CLI11628,LOJ0229,2,"167,69",qualidade,O produto estava com aparência ruim quando chegou.,1,1238,1,2,0,,sem_resposta,autoaprovada,aprovada,"R$ 157,58",1
CON01990,PED024268,2025-03-29,CLI14891,LOJ0118,2,103.41,qualidade,A comida chegou fria e com qualidade abaixo do esperado.,1,1592,0,1,0,,respondida,autoaprovada,aprovada,37.70,0
CON01991,PED024279,2025-03-25,CLI08560,LOJ0192,2,132.28,qualidade,O produto estava com aparência ruim quando chegou.,0,1609,1,1,0,,respondida,negada_ou_retirada,negada,0.00,0
CON01992,PED021850,2025-03-01,CLI07518,LOJ0111,7,"R$ 125,69",nao_entregue,"O aplicativo marcou como entregue, mas não recebi o pedido.",1,1603,1,1,1,,respondida,autoaprovada,aprovada,104.78,1
CON01993,PED022992,02/03/2025,CLI12461,LOJ0343,2,44.35,item_faltante,"O pedido chegou incompleto, faltou parte da compra.",1,1504,0,1,0,,respondida,negada_ou_retirada,negada,"0,00",0
CON01994,PED023733,2025-03-12,CLI13239,LOJ0108,7,94.86,nao_entregue,"Consta entrega concluída, porém nada foi recebido.",1,325,4,4,0,,respondida,autoaprovada,aprovada,68.37,0
CON01995,PED028466,2025-03-22,CLI16212,LOJ0308,2,112.20,pedido_incorreto,Entregaram outro item no lugar do que comprei.,0,1989,0,1,0,,respondida,autoaprovada,aprovada,84.98,0
CON01996,PED024769,2025-03-28,CLI03437,LOJ0209,4,"175,67",produto_avariado,O item vazou durante a entrega e não dava para consumir.,1,1337,1,3,1,,SEM RESPOSTA,autoaprovada,aprovada,153.94,0
CON01997,PED019045,2025-03-02,CLI06966,LOJ0371,2,52.96,item_faltante,"O pedido chegou incompleto, faltou parte da compra.",1,1309,0,1,0,,respondida,negada_ou_retirada,negada,0.00,0
CON01998,PED022646,2025-03-12,CLI04597,LOJ0099,5,51.08,pedido_incorreto,Entregaram outro item no lugar do que comprei.,0,1757,2,2,0,,respondida,autoaprovada,aprovada,32.16,0
CON01999,PED028094,26/03/2025,CLI05925,LOJ0034,7,158.19,item_faltante,Faltou um item do pedido e a loja não respondeu.,0,1726,2,3,0,,sem resposta,autoaprovada,aprovada,148.76,0
CON02000,PED020538,2025-03-20,CLI14574,LOJ0017,2,89.09,produto_avariado,O item vazou durante a entrega e não dava para consumir.,1,250,1,1,0,,respondida,revisao_manual,aprovada,"R$ 71,29",0
CON02001,PED027886,2025-03-03,CLI12358,LOJ0022,4,97.56,produto_avariado,O item vazou durante a entrega e não dava para consumir.,1,302,2,4,0,,respondida,autoaprovada,aprovada,65.83,0
CON02002,PED020358,2025-03-03,CLI06752,LOJ0091,3,143.27,ITEM FALTANTE,Não recebi todos os itens que estavam na nota.,0,332,0,2,0,,respondida,autoaprovada,aprovada,49.46,0
CON02003,PED027012,2025-03-18,CLI15503,LOJ0372,2,"R$ 193,65",pedido_incorreto,Entregaram outro item no lugar do que comprei.,1,737,1,2,0,,respondida,autoaprovada,aprovada,186.31,0
CON02004,PED026200,2025-03-16,CLI01258,LOJ0248,7,94.82,item_faltante,"O pedido chegou incompleto, faltou parte da compra.",1,2223,0,6,0,,SEM RESPOSTA,autoaprovada,aprovada,67.93,0
CON02005,PED026212,23/03/2025,CLI00134,LOJ0075,7,56.55,qualidade,A qualidade não correspondeu ao que foi anunciado.,1,86,1,5,0,,sem_resposta,autoaprovada,aprovada,39.45,0
CON02006,PED022556,2025-03-24,CLI17110,LOJ0233,7,95.68,item_faltante,,0,764,5,7,0,,respondida,autoaprovada,aprovada,65.83,0
CON02007,PED022785,2025-03-24,CLI09428,LOJ0250,6,165.00,nao_entregue,O pedido não chegou no endereço informado.,0,1408,1,3,0,,respondida,autoaprovada,aprovada,"133,43",0
CON02008,PED025012,2025-03-18,CLI08498,LOJ0287,3,216.31,pedido_incorreto,O pedido veio errado e preciso corrigir a cobrança.,1,50,0,2,0,,respondida,autoaprovada,aprovada,201.12,0
CON02009,PED026385,2025-03-12,CLI03694,LOJ0385,4,46.48,pedido_incorreto,Entregaram outro item no lugar do que comprei.,0,381,0,2,0,,respondida,revisao_manual,negada,0.00,0
CON02010,PED028440,2025-03-21,CLI02272,LOJ0436,2,"81,62",nao_entregue,O pedido não chegou no endereço informado.,1,1348,4,1,1,,respondida,autoaprovada,aprovada,61.31,1
CON02011,PED025611,17/03/2025,CLI03350,LOJ0264,2,64.71,pedido_incorreto,Entregaram outro item no lugar do que comprei.,0,732,0,1,0,,respondida,autoaprovada,aprovada,"R$ 54,72",0
CON02012,PED020974,2025-03-03,CLI03264,LOJ0194,2,47.34,qualidade,A qualidade não correspondeu ao que foi anunciado.,1,2098,2,1,0,GRP035,respondida,revisao_manual,negada,0.00,0
CON02013,PED020403,2025-03-03,CLI15081,LOJ0163,2,169.38,item_faltante,Não recebi todos os itens que estavam na nota.,1,1872,3,1,0,,respondida,autoaprovada,aprovada,141.43,0
CON02014,PED025849,2025-03-13,CLI17413,LOJ0261,4,"R$ 82,90",produto_avariado,O item vazou durante a entrega e não dava para consumir.,0,1549,2,1,0,,respondida,autoaprovada,aprovada,"53,16",0
CON02015,PED020597,2025-03-22,CLI07006,LOJ0100,6,101.81,nao_entregue,"O aplicativo marcou como entregue, mas não recebi o pedido.",1,1610,2,4,0,,sem resposta,autoaprovada,aprovada,75.15,0
CON02016,PED027538,2025-03-04,CLI13736,LOJ0073,5,65.36,qualidade,A comida chegou fria e com qualidade abaixo do esperado.,1,2141,0,4,0,,respondida,revisao_manual,aprovada,60.17,0
CON02017,PED026362,12/03/2025,CLI14213,LOJ0333,5,"101,15",pedido_incorreto,O pedido veio errado e preciso corrigir a cobrança.,1,570,0,5,0,GRP063,respondida,autoaprovada,aprovada,65.10,0
CON02018,PED025353,2025-03-05,CLI17032,LOJ0270,5,151.73,item_faltante,Não recebi todos os itens que estavam na nota.,1,59,0,5,1,,sem_resposta,autoaprovada,aprovada,121.17,1
CON02019,PED022527,2025-03-06,CLI03494,LOJ0085,2,91.76,qualidade,O produto estava com aparência ruim quando chegou.,1,753,1,2,0,,respondida,negada_ou_retirada,negada,0.00,0
CON02020,PED020033,2025-03-17,CLI10034,LOJ0429,7,93.77,nao_entregue,"Consta entrega concluída, porém nada foi recebido.",1,1811,0,3,1,,SEM RESPOSTA,autoaprovada,aprovada,77.20,0
CON02021,PED026447,2025-03-16,CLI02883,LOJ0175,6,111.97,item_faltante,Faltou um item do pedido e a loja não respondeu.,1,1189,0,2,0,GRP048,respondida,autoaprovada,aprovada,"87,99",1
CON02022,PED024989,2025-03-10,CLI13684,LOJ0379,4,90.66,nao_entregue,"O aplicativo marcou como entregue, mas não recebi o pedido.",1,478,1,1,0,,sem resposta,autoaprovada,aprovada,"R$ 79,12",0
CON02023,PED022251,10/03/2025,CLI10571,LOJ0181,5,62.34,qualidade,A comida chegou fria e com qualidade abaixo do esperado.,1,2102,2,4,0,,respondida,negada_ou_retirada,negada,0.00,0
CON02024,PED026264,2025-03-21,CLI01503,LOJ0151,2,"119,39",nao_entregue,"O aplicativo marcou como entregue, mas não recebi o pedido.",0,1545,0,1,0,,respondida,autoaprovada,aprovada,94.05,0
CON02025,PED023153,2025-03-03,CLI07009,LOJ0102,6,"R$ 153,84",ITEM FALTANTE,Não recebi todos os itens que estavam na nota.,1,2112,1,1,0,,respondida,autoaprovada,aprovada,125.74,0
CON02026,PED026417,2025-03-20,CLI07941,LOJ0434,2,141.13,item_faltante,Faltou um item do pedido e a loja não respondeu.,1,2069,1,1,0,,respondida,revisao_manual,aprovada,130.53,0
CON02027,PED029098,2025-03-10,CLI14229,LOJ0378,2,85.30,item_faltante,Faltou um item do pedido e a loja não respondeu.,1,45,0,1,0,,SEM RESPOSTA,autoaprovada,aprovada,50.79,0
CON02028,PED023676,2025-03-12,CLI12082,LOJ0156,6,112.74,produto_avariado,A embalagem chegou aberta e o produto estava avariado.,1,1233,1,3,0,,respondida,autoaprovada,aprovada,"81,24",0
CON02029,PED028391,29/03/2025,CLI02395,LOJ0119,3,82.31,pedido_incorreto,Recebi produtos diferentes do que selecionei.,0,1455,5,3,0,,respondida,autoaprovada,aprovada,47.11,1
CON02030,PED022911,2025-03-03,CLI06102,LOJ0161,5,114.20,item_faltante,Não recebi todos os itens que estavam na nota.,1,2297,0,3,0,,sem_resposta,autoaprovada,aprovada,80.67,0
CON02031,PED021448,2025-03-30,CLI01517,LOJ0256,7,"84,09",pedido_incorreto,O pedido veio errado e preciso corrigir a cobrança.,1,1786,1,3,0,,sem resposta,autoaprovada,aprovada,51.76,0
CON02032,PED021459,2025-03-03,CLI14618,LOJ0262,3,74.38,item_faltante,Faltou um item do pedido e a loja não respondeu.,1,1775,1,2,0,,sem_resposta,autoaprovada,aprovada,41.81,1
CON02033,PED023200,2025-03-03,CLI08325,LOJ0416,7,106.58,pedido_incorreto,Recebi produtos diferentes do que selecionei.,1,905,0,1,0,,respondida,autoaprovada,aprovada,"R$ 94,58",0
CON02034,PED020352,2025-03-24,CLI01008,LOJ0231,2,96.13,produto_avariado,O produto chegou danificado dentro da sacola.,0,2229,0,1,0,GRP101,respondida,autoaprovada,aprovada,60.69,0
CON02035,PED020510,25/03/2025,CLI11887,LOJ0025,6,137.49,pedido_incorreto,Entregaram outro item no lugar do que comprei.,0,1976,1,2,0,,respondida,autoaprovada,aprovada,"128,76",0
CON02036,PED026732,2025-03-06,CLI03366,LOJ0148,2,"R$ 40,97",qualidade,O produto estava com aparência ruim quando chegou.,0,1694,0,1,0,,respondida,negada_ou_retirada,negada,0.00,0
CON02037,PED026780,2025-03-01,CLI11007,LOJ0249,6,80.19,item_faltante,Não recebi todos os itens que estavam na nota.,0,935,0,1,1,,respondida,autoaprovada,aprovada,69.44,1
CON02038,PED021973,2025-03-02,CLI02270,LOJ0158,4,"102,72",item_faltante,"O pedido chegou incompleto, faltou parte da compra.",0,1035,1,4,0,,respondida,autoaprovada,aprovada,72.67,0
CON02039,PED028258,2025-03-03,CLI09419,LOJ0358,3,82.09,nao_entregue,"O aplicativo marcou como entregue, mas não recebi o pedido.",1,1641,0,2,0,,SEM RESPOSTA,autoaprovada,aprovada,59.53,0
CON02040,PED024064,2025-03-21,CLI03943,LOJ0172,2,78.09,qualidade,A qualidade não correspondeu ao que foi anunciado.,1,827,2,1,0,,sem resposta,revisao_manual,aprovada,47.06,0
CON02041,PED026990,11/03/2025,CLI15008,LOJ0163,2,86.07,produto_avariado,O item vazou durante a entrega e não dava para consumir.,1,1743,1,1,1,,respondida,autoaprovada,aprovada,81.92,0
CON02042,PED028071,2025-03-09,CLI16136,LOJ0146,4,111.30,pedido_incorreto,Recebi produtos diferentes do que selecionei.,0,1326,6,1,0,,respondida,autoaprovada,aprovada,"77,35",0
CON02043,PED028003,2025-03-18,CLI08532,LOJ0366,2,101.24,nao_entregue,"Consta entrega concluída, porém nada foi recebido.",0,99,1,2,0,,respondida,autoaprovada,aprovada,91.77,0
CON02044,PED026323,2025-03-03,CLI05233,LOJ0310,3,83.32,produto_avariado,A embalagem chegou aberta e o produto estava avariado.,1,672,0,2,0,,SEM RESPOSTA,autoaprovada,aprovada,"R$ 78,19",0
CON02045,PED023115,2025-03-31,CLI14075,LOJ0372,2,"72,66",item_faltante,Faltou um item do pedido e a loja não respondeu.,1,1769,1,1,1,,sem_resposta,autoaprovada,aprovada,53.38,1
CON02046,PED028835,2025-03-07,CLI11476,LOJ0388,5,111.64,item_faltante,Não recebi todos os itens que estavam na nota.,1,1996,0,4,0,,respondida,autoaprovada,aprovada,59.40,0
CON02047,PED027150,12/03/2025,CLI12279,LOJ0207,5,"R$ 115,95",produto_avariado,O item vazou durante a entrega e não dava para consumir.,1,1449,2,1,1,,sem resposta,autoaprovada,aprovada,90.11,0
CON02048,PED026654,2025-03-10,CLI09201,LOJ0447,5,80.25,ITEM FALTANTE,"O pedido chegou incompleto, faltou parte da compra.",0,1236,5,4,0,,sem_resposta,revisao_manual,aprovada,63.50,1
CON02049,PED020975,2025-03-05,CLI03906,LOJ0357,4,75.63,pedido_incorreto,Recebi produtos diferentes do que selecionei.,1,1698,2,3,0,,respondida,autoaprovada,aprovada,"43,02",0
CON02050,PED022864,2025-03-16,CLI09114,LOJ0371,2,91.21,produto_avariado,O item vazou durante a entrega e não dava para consumir.,1,1243,1,1,0,,respondida,autoaprovada,aprovada,67.23,0
CON02051,PED020612,2025-03-29,CLI06615,LOJ0413,5,98.43,qualidade,A comida chegou fria e com qualidade abaixo do esperado.,0,1323,2,3,1,,SEM RESPOSTA,autoaprovada,aprovada,84.50,1
CON02052,PED019209,2025-03-04,CLI01951,LOJ0225,7,"119,79",qualidade,A comida chegou fria e com qualidade abaixo do esperado.,0,1109,0,7,0,GRP068,respondida,autoaprovada,aprovada,94.34,0
CON02053,PED027935,27/03/2025,CLI01909,LOJ0258,4,71.10,pedido_incorreto,Recebi produtos diferentes do que selecionei.,0,1783,0,4,1,,respondida,autoaprovada,aprovada,53.13,1
CON02054,PED028842,2025-03-08,CLI01168,LOJ0369,6,65.82,produto_avariado,O produto chegou danificado dentro da sacola.,1,1236,1,4,1,,sem resposta,negada_ou_retirada,negada,0.00,0
CON02055,PED020254,2025-03-13,CLI00627,LOJ0090,6,84.51,pedido_incorreto,O pedido veio errado e preciso corrigir a cobrança.,1,1236,2,4,0,,SEM RESPOSTA,negada_ou_retirada,negada,"R$ 0,00",0
CON02056,PED025025,2025-03-13,CLI12432,LOJ0076,2,296.61,qualidade,A qualidade não correspondeu ao que foi anunciado.,1,1574,2,1,0,,respondida,autoaprovada,aprovada,"265,49",0
CON02057,PED027736,2025-03-09,CLI15215,LOJ0249,7,133.81,pedido_incorreto,Entregaram outro item no lugar do que comprei.,1,1653,1,2,0,,respondida,autoaprovada,aprovada,98.29,0
CON02058,PED026025,2025-03-02,CLI07649,LOJ0107,2,"R$ 72,60",produto_avariado,A embalagem chegou aberta e o produto estava avariado.,1,1629,0,2,1,,respondida,autoaprovada,aprovada,46.21,1
CON02059,PED026793,21/03/2025,CLI01290,LOJ0311,7,"76,16",item_faltante,"O pedido chegou incompleto, faltou parte da compra.",1,1468,0,1,0,,respondida,autoaprovada,aprovada,33.15,0
CON02060,PED028988,2025-03-02,CLI14839,LOJ0405,4,106.59,pedido_incorreto,Recebi produtos diferentes do que selecionei.,1,504,1,4,0,GRP120,respondida,autoaprovada,aprovada,69.54,0
CON02061,PED023692,2025-03-16,CLI17424,LOJ0307,3,167.77,item_faltante,Não recebi todos os itens que estavam na nota.,0,72,1,1,0,,sem_resposta,autoaprovada,aprovada,84.69,0
CON02062,PED027743,2025-03-17,CLI14703,LOJ0007,3,76.45,item_faltante,Faltou um item do pedido e a loja não respondeu.,0,752,2,1,0,,sem resposta,autoaprovada,aprovada,70.26,0
CON02063,PED025366,2025-03-20,CLI05643,LOJ0300,2,135.90,nao_entregue,"Consta entrega concluída, porém nada foi recebido.",1,2365,1,1,0,,respondida,autoaprovada,aprovada,"45,36",1
CON02064,PED022245,2025-03-11,CLI00834,LOJ0300,2,90.30,item_faltante,Não recebi todos os itens que estavam na nota.,0,1758,1,2,0,,sem_resposta,autoaprovada,aprovada,59.39,0
CON02065,PED023459,02/03/2025,CLI16560,LOJ0304,2,61.31,pedido_incorreto,O pedido veio errado e preciso corrigir a cobrança.,1,725,1,2,0,,respondida,autoaprovada,aprovada,56.24,1
CON02066,PED023788,2025-03-13,CLI03931,LOJ0085,5,"132,95",produto_avariado,O produto chegou danificado dentro da sacola.,1,626,0,2,0,,respondida,autoaprovada,aprovada,"R$ 113,00",1
CON02067,PED019877,2025-03-09,CLI14718,LOJ0400,5,49.82,produto_avariado,A embalagem chegou aberta e o produto estava avariado.,1,1579,1,2,1,,respondida,autoaprovada,aprovada,31.42,0
CON02068,PED019831,2025-03-19,CLI09203,LOJ0060,7,98.48,item_faltante,Não recebi todos os itens que estavam na nota.,1,600,2,6,0,,SEM RESPOSTA,autoaprovada,aprovada,62.70,0
CON02069,PED019802,2025-03-09,CLI01807,LOJ0273,4,"R$ 66,07",item_faltante,"O pedido chegou incompleto, faltou parte da compra.",1,487,1,3,0,,respondida,autoaprovada,aprovada,52.57,0
CON02070,PED025903,2025-03-13,CLI04199,LOJ0166,2,108.20,qualidade,O produto estava com aparência ruim quando chegou.,1,2055,1,1,0,,respondida,negada_ou_retirada,negada,"0,00",0
CON02071,PED022844,28/03/2025,CLI09061,LOJ0206,5,153.53,PEDIDO INCORRETO,Entregaram outro item no lugar do que comprei.,0,26,1,3,0,,sem resposta,autoaprovada,aprovada,135.08,0
CON02072,PED021010,2025-03-26,CLI00985,LOJ0373,2,114.52,pedido_incorreto,Recebi produtos diferentes do que selecionei.,0,707,1,1,0,,respondida,autoaprovada,aprovada,79.68,0
CON02073,PED020344,2025-03-27,CLI12939,LOJ0162,7,"40,34",qualidade,A comida chegou fria e com qualidade abaixo do esperado.,1,756,2,4,0,,SEM RESPOSTA,negada_ou_retirada,retirada,0.00,0
CON02074,PED023753,2025-03-01,CLI07505,LOJ0415,5,171.71,pedido_incorreto,O pedido veio errado e preciso corrigir a cobrança.,0,1008,0,1,0,GRP082,respondida,autoaprovada,aprovada,135.58,1
CON02075,PED019981,2025-03-27,CLI06334,LOJ0202,3,132.47,produto_avariado,A embalagem chegou aberta e o produto estava avariado.,1,2267,1,1,1,,sem_resposta,autoaprovada,aprovada,121.62,0
CON02076,PED024052,2025-03-02,CLI12810,LOJ0244,4,126.25,item_faltante,"O pedido chegou incompleto, faltou parte da compra.",1,1413,4,1,0,,sem resposta,autoaprovada,aprovada,89.38,0
CON02077,PED028832,24/03/2025,CLI11641,LOJ0102,7,123.10,item_faltante,"O pedido chegou incompleto, faltou parte da compra.",1,951,0,7,0,,respondida,revisao_manual,aprovada,"R$ 102,64",0
CON02078,PED026874,2025-03-17,CLI07648,LOJ0395,5,69.88,pedido_incorreto,Recebi produtos diferentes do que selecionei.,0,1956,0,2,0,,sem_resposta,negada_ou_retirada,negada,0.00,0
CON02079,PED019659,2025-03-13,CLI03392,LOJ0065,4,143.56,qualidade,A qualidade não correspondeu ao que foi anunciado.,1,1346,0,1,0,,SEM RESPOSTA,autoaprovada,aprovada,121.80,0
CON02080,PED020085,2025-03-14,CLI02360,LOJ0383,5,"R$ 89,16",qualidade,A qualidade não correspondeu ao que foi anunciado.,1,1853,1,5,0,,respondida,autoaprovada,aprovada,76.38,0
CON02081,PED024348,2025-03-16,CLI15570,LOJ0261,7,113.94,pedido_incorreto,Recebi produtos diferentes do que selecionei.,1,707,1,1,0,,sem resposta,autoaprovada,aprovada,91.95,0
CON02082,PED026592,2025-03-27,CLI00862,LOJ0304,6,118.58,item_faltante,Faltou um item do pedido e a loja não respondeu.,1,451,1,5,0,,SEM RESPOSTA,autoaprovada,aprovada,86.90,1
CON02083,PED024500,11/03/2025,CLI09178,LOJ0288,4,43.30,item_faltante,"O pedido chegou incompleto, faltou parte da compra.",1,211,0,3,0,,respondida,negada_ou_retirada,negada,0.00,0
CON02084,PED022000,2025-03-26,CLI16953,LOJ0246,6,91.33,pedido_incorreto,Entregaram outro item no lugar do que comprei.,0,1271,2,1,1,,respondida,autoaprovada,aprovada,"75,70",1
CON02085,PED022664,2025-03-28,CLI16149,LOJ0322,2,181.82,pedido_incorreto,Entregaram outro item no lugar do que comprei.,1,1883,1,1,0,,sem_resposta,autoaprovada,aprovada,68.36,0
CON02086,PED023800,2025-03-11,CLI01691,LOJ0272,6,100.49,item_faltante,"O pedido chegou incompleto, faltou parte da compra.",1,171,1,2,0,,respondida,autoaprovada,aprovada,65.16,0
CON02087,PED022627,2025-03-26,CLI03455,LOJ0269,3,"190,10",nao_entregue,"Consta entrega concluída, porém nada foi recebido.",0,877,1,2,0,,sem resposta,autoaprovada,aprovada,156.34,0
CON02088,PED020963,2025-03-15,CLI10821,LOJ0265,3,126.20,qualidade,O produto estava com aparência ruim quando chegou.,1,1360,0,1,0,,respondida,autoaprovada,aprovada,"R$ 90,23",0
CON02089,PED027891,20/03/2025,CLI08859,LOJ0125,3,110.05,qualidade,A qualidade não correspondeu ao que foi anunciado.,1,541,3,2,1,,respondida,negada_ou_retirada,retirada,0.00,0
CON02090,PED022077,2025-03-24,CLI06076,LOJ0009,6,59.44,item_faltante,Não recebi todos os itens que estavam na nota.,0,1736,0,1,0,,sem_resposta,autoaprovada,aprovada,23.74,1
CON02091,PED028896,2025-03-07,CLI07268,LOJ0138,2,"R$ 198,60",qualidade,O produto estava com aparência ruim quando chegou.,1,889,0,1,0,,respondida,autoaprovada,aprovada,"178,33",0
CON02092,PED021835,2025-03-27,CLI14022,LOJ0123,2,72.66,produto_avariado,O item vazou durante a entrega e não dava para consumir.,1,1667,2,1,0,,SEM RESPOSTA,negada_ou_retirada,negada,0.00,0
CON02093,PED019220,2025-03-16,CLI14812,LOJ0450,3,143.30,item_faltante,Faltou um item do pedido e a loja não respondeu.,1,287,1,1,0,,sem resposta,autoaprovada,aprovada,119.68,0
CON02094,PED026281,2025-03-30,CLI08930,LOJ0322,7,"85,45",QUALIDADE,A qualidade não correspondeu ao que foi anunciado.,1,179,0,7,0,,respondida,autoaprovada,aprovada,67.66,0
CON02095,PED027813,28/03/2025,CLI16315,LOJ0426,7,102.41,qualidade,A comida chegou fria e com qualidade abaixo do esperado.,0,453,4,4,0,,SEM RESPOSTA,autoaprovada,aprovada,70.56,0
CON02096,PED025044,2025-03-22,CLI10478,LOJ0146,7,86.74,item_faltante,Faltou um item do pedido e a loja não respondeu.,1,968,0,6,0,,sem_resposta,autoaprovada,aprovada,81.57,0
CON02097,PED020064,2025-03-13,CLI04287,LOJ0323,6,102.43,item_faltante,Não recebi todos os itens que estavam na nota.,1,1767,0,3,0,,respondida,revisao_manual,aprovada,91.21,0
CON02098,PED025105,2025-03-11,CLI17509,LOJ0086,5,198.63,pedido_incorreto,Recebi produtos diferentes do que selecionei.,0,1836,0,1,0,,respondida,autoaprovada,aprovada,"169,42",0
CON02099,PED020586,2025-03-31,CLI09837,LOJ0245,4,124.73,qualidade,A qualidade não correspondeu ao que foi anunciado.,1,2228,1,1,0,,respondida,autoaprovada,aprovada,"R$ 92,63",0
CON02100,PED025523,2025-03-06,CLI17947,LOJ0396,2,115.90,item_faltante,Não recebi todos os itens que estavam na nota.,1,266,0,1,0,,sem resposta,autoaprovada,aprovada,82.69,0
CON02101,PED026927,10/03/2025,CLI14470,LOJ0227,7,"168,35",pedido_incorreto,Entregaram outro item no lugar do que comprei.,1,2246,0,1,0,GRP034,respondida,autoaprovada,aprovada,136.08,0
CON02102,PED026683,2025-03-15,CLI02830,LOJ0446,2,"R$ 87,38",item_faltante,Não recebi todos os itens que estavam na nota.,0,371,0,1,0,,respondida,autoaprovada,aprovada,59.85,0
CON02103,PED024944,2025-03-09,CLI13291,LOJ0224,6,54.42,produto_avariado,O produto chegou danificado dentro da sacola.,1,615,0,5,0,,respondida,autoaprovada,aprovada,49.16,1
CON02104,PED026839,2025-03-30,CLI13856,LOJ0437,5,111.18,pedido_incorreto,O pedido veio errado e preciso corrigir a cobrança.,1,2383,1,4,0,,respondida,negada_ou_retirada,negada,0.00,0
CON02105,PED026455,2025-03-24,CLI17386,LOJ0151,5,79.29,qualidade,A comida chegou fria e com qualidade abaixo do esperado.,1,60,1,3,0,,respondida,autoaprovada,aprovada,"56,91",0
CON02106,PED028560,2025-03-08,CLI14444,LOJ0347,7,227.86,produto_avariado,O item vazou durante a entrega e não dava para consumir.,1,175,5,4,0,,sem_resposta,autoaprovada,aprovada,214.01,0
CON02107,PED023454,11/03/2025,CLI02007,LOJ0166,4,128.61,produto_avariado,A embalagem chegou aberta e o produto estava avariado.,1,1115,0,3,1,,respondida,autoaprovada,aprovada,93.76,1
CON02108,PED019230,2025-03-31,CLI10721,LOJ0313,6,"126,34",qualidade,O produto estava com aparência ruim quando chegou.,1,633,2,5,0,,SEM RESPOSTA,revisao_manual,aprovada,121.82,0
CON02109,PED026555,2025-03-10,CLI08229,LOJ0444,7,145.84,produto_avariado,O item vazou durante a entrega e não dava para consumir.,1,797,2,2,0,,sem resposta,autoaprovada,aprovada,100.18,0
CON02110,PED020839,2025-03-20,CLI13839,LOJ0309,5,75.91,item_faltante,Faltou um item do pedido e a loja não respondeu.,1,1061,2,5,0,,SEM RESPOSTA,negada_ou_retirada,retirada,"R$ 0,00",0
CON02111,PED021569,2025-03-22,CLI04198,LOJ0330,5,140.66,nao_entregue,"O aplicativo marcou como entregue, mas não recebi o pedido.",0,907,0,4,0,,respondida,revisao_manual,aprovada,119.40,0
CON02112,PED023564,2025-03-29,CLI17487,LOJ0281,6,119.83,item_faltante,Não recebi todos os itens que estavam na nota.,1,1180,0,6,0,,sem_resposta,autoaprovada,aprovada,"38,16",0
CON02113,PED027376,13/03/2025,CLI16233,LOJ0120,6,"R$ 114,84",pedido_incorreto,Recebi produtos diferentes do que selecionei.,0,442,0,5,0,,sem resposta,autoaprovada,aprovada,101.41,0
CON02114,PED027621,2025-03-07,CLI15847,LOJ0068,2,101.59,nao_entregue,O pedido não chegou no endereço informado.,1,1147,0,1,0,,respondida,autoaprovada,aprovada,87.16,0
CON02115,PED023796,2025-03-03,CLI16335,LOJ0220,6,"106,93",qualidade,A qualidade não correspondeu ao que foi anunciado.,0,37,0,5,0,,sem_resposta,autoaprovada,aprovada,82.91,0
CON02116,PED020884,2025-03-09,CLI12633,LOJ0331,2,76.58,nao_entregue,O pedido não chegou no endereço informado.,1,968,1,1,0,,respondida,autoaprovada,aprovada,42.66,0
CON02117,PED021847,2025-03-20,CLI00285,LOJ0201,6,81.72,PEDIDO INCORRETO,Entregaram outro item no lugar do que comprei.,1,1918,2,3,0,,SEM RESPOSTA,revisao_manual,aprovada,39.34,0
CON02118,PED024857,2025-03-05,CLI06258,LOJ0109,7,85.62,item_faltante,Faltou um item do pedido e a loja não respondeu.,1,1961,0,3,0,,respondida,autoaprovada,aprovada,63.40,0
CON02119,PED024075,07/03/2025,CLI01696,LOJ0362,5,83.47,item_faltante,Faltou um item do pedido e a loja não respondeu.,1,745,0,3,0,,respondida,autoaprovada,aprovada,"61,36",0
CON02120,PED019651,2025-03-26,CLI06007,LOJ0074,5,151.99,item_faltante,"O pedido chegou incompleto, faltou parte da compra.",1,438,2,1,1,,respondida,autoaprovada,aprovada,61.50,0
CON02121,PED025330,2025-03-07,CLI11801,LOJ0247,2,124.72,produto_avariado,A embalagem chegou aberta e o produto estava avariado.,1,2089,0,1,0,,respondida,autoaprovada,aprovada,"R$ 78,56",0
CON02122,PED025480,2025-03-29,CLI04081,LOJ0041,3,"108,32",item_faltante,Faltou um item do pedido e a loja não respondeu.,1,1154,0,3,0,,respondida,autoaprovada,aprovada,70.94,0
CON02123,PED026181,2025-03-24,CLI02275,LOJ0255,3,84.72,nao_entregue,"Consta entrega concluída, porém nada foi recebido.",1,925,1,1,0,,sem resposta,revisao_manual,negada,0.00,0
CON02124,PED028871,2025-03-23,CLI11685,LOJ0445,7,"R$ 87,35",item_faltante,"O pedido chegou incompleto, faltou parte da compra.",1,1153,0,7,0,,respondida,negada_ou_retirada,negada,0.00,0
CON02125,PED026036,04/03/2025,CLI15697,LOJ0102,7,84.83,pedido_incorreto,Entregaram outro item no lugar do que comprei.,1,1657,2,7,0,,respondida,negada_ou_retirada,negada,0.00,0
CON02126,PED024614,2025-03-19,CLI10939,LOJ0246,6,57.48,nao_entregue,"Consta entrega concluída, porém nada foi recebido.",1,83,0,5,0,GRP128,respondida,revisao_manual,negada,"0,00",0
CON02127,PED019649,2025-03-27,CLI06959,LOJ0259,2,121.63,qualidade,A qualidade não correspondeu ao que foi anunciado.,1,128,0,1,0,,SEM RESPOSTA,autoaprovada,aprovada,100.20,0
CON02128,PED023538,2025-03-13,CLI16535,LOJ0016,2,34.42,item_faltante,Não recebi todos os itens que estavam na nota.,1,1962,1,1,0,,respondida,negada_ou_retirada,retirada,0.00,0
CON02129,PED024076,2025-03-31,CLI01866,LOJ0087,3,"104,83",qualidade,O produto estava com aparência ruim quando chegou.,1,977,0,1,0,,respondida,autoaprovada,aprovada,49.05,0
CON02130,PED027819,2025-03-27,CLI02363,LOJ0132,6,139.10,nao_entregue,"Consta entrega concluída, porém nada foi recebido.",0,1130,0,4,0,,respondida,autoaprovada,aprovada,102.56,0
CON02131,PED025969,11/03/2025,CLI03456,LOJ0203,4,51.80,nao_entregue,O pedido não chegou no endereço informado.,0,290,2,3,0,,respondida,negada_ou_retirada,retirada,0.00,0
CON02132,PED020071,2025-03-22,CLI16291,LOJ0016,7,78.85,qualidade,O produto estava com aparência ruim quando chegou.,1,1367,1,1,1,,sem_resposta,autoaprovada,aprovada,"R$ 28,34",0
CON02133,PED028436,2025-03-31,CLI06742,LOJ0055,5,32.89,qualidade,O produto estava com aparência ruim quando chegou.,1,2019,1,5,0,,respondida,revisao_manual,negada,"0,00",0
CON02134,PED026183,2025-03-08,CLI07599,LOJ0360,2,57.83,produto_avariado,A embalagem chegou aberta e o produto estava avariado.,0,84,0,1,0,,sem resposta,negada_ou_retirada,negada,0.00,0
CON02135,PED024954,2025-03-10,CLI11546,LOJ0374,5,"R$ 122,70",produto_avariado,O produto chegou danificado dentro da sacola.,0,1314,0,5,0,,respondida,autoaprovada,aprovada,35.02,1
CON02136,PED028441,2025-03-31,CLI00426,LOJ0001,7,"123,06",pedido_incorreto,Recebi produtos diferentes do que selecionei.,1,2071,2,7,1,GRP118,sem_resposta,autoaprovada,aprovada,87.98,1
CON02137,PED021026,04/03/2025,CLI05475,LOJ0021,3,79.97,pedido_incorreto,O pedido veio errado e preciso corrigir a cobrança.,0,69,4,1,0,,SEM RESPOSTA,revisao_manual,negada,0.00,0
CON02138,PED022819,2025-03-10,CLI06209,LOJ0322,5,80.15,item_faltante,"O pedido chegou incompleto, faltou parte da compra.",0,415,2,4,1,,respondida,negada_ou_retirada,retirada,0.00,0
CON02139,PED023671,2025-03-13,CLI07097,LOJ0200,5,100.51,item_faltante,Não recebi todos os itens que estavam na nota.,1,1240,0,4,0,,sem resposta,autoaprovada,aprovada,90.54,0
CON02140,PED023488,2025-03-13,CLI05767,LOJ0025,6,94.10,ITEM FALTANTE,Faltou um item do pedido e a loja não respondeu.,0,2344,1,6,0,,respondida,negada_ou_retirada,negada,"0,00",0
CON02141,PED021750,2025-03-16,CLI11940,LOJ0332,4,129.04,qualidade,A qualidade não correspondeu ao que foi anunciado.,1,734,2,2,0,,respondida,autoaprovada,aprovada,49.53,0
CON02142,PED027751,2025-03-01,CLI14662,LOJ0261,6,206.93,pedido_incorreto,Entregaram outro item no lugar do que comprei.,0,1467,1,3,0,,SEM RESPOSTA,autoaprovada,aprovada,185.09,0
CON02143,PED023664,31/03/2025,CLI14390,LOJ0283,4,"60,50",item_faltante,Faltou um item do pedido e a loja não respondeu.,1,1257,4,4,0,,respondida,autoaprovada,aprovada,"R$ 43,89",0
CON02144,PED028868,2025-03-08,CLI02654,LOJ0098,7,86.62,item_faltante,"O pedido chegou incompleto, faltou parte da compra.",0,1209,1,3,0,,respondida,autoaprovada,aprovada,77.53,0
CON02145,PED024639,2025-03-09,CLI10696,LOJ0114,3,63.71,item_faltante,"O pedido chegou incompleto, faltou parte da compra.",1,1470,0,1,0,,respondida,autoaprovada,aprovada,51.62,0
CON02146,PED026026,2025-03-17,CLI11613,LOJ0365,2,"R$ 96,19",pedido_incorreto,O pedido veio errado e preciso corrigir a cobrança.,1,1143,2,1,0,GRP094,respondida,autoaprovada,aprovada,82.63,0
CON02147,PED023540,2025-03-10,CLI03832,LOJ0310,3,79.51,item_faltante,Faltou um item do pedido e a loja não respondeu.,1,124,0,2,0,,respondida,revisao_manual,aprovada,"70,26",0
CON02148,PED023220,2025-03-06,CLI15875,LOJ0189,2,93.85,pedido_incorreto,O pedido veio errado e preciso corrigir a cobrança.,1,1775,1,1,0,,respondida,revisao_manual,aprovada,67.69,0
CON02149,PED022127,11/03/2025,CLI03919,LOJ0421,5,65.27,item_faltante,"O pedido chegou incompleto, faltou parte da compra.",1,2393,0,4,1,,respondida,autoaprovada,aprovada,54.99,0
CON02150,PED021692,2025-03-17,CLI17562,LOJ0194,2,"122,64",pedido_incorreto,O pedido veio errado e preciso corrigir a cobrança.,1,874,2,2,0,,respondida,autoaprovada,aprovada,90.52,0
CON02151,PED022163,2025-03-01,CLI16312,LOJ0375,6,168.71,pedido_incorreto,Entregaram outro item no lugar do que comprei.,1,2070,1,5,0,,respondida,autoaprovada,aprovada,140.80,0
CON02152,PED027698,2025-03-16,CLI00846,LOJ0366,3,68.54,produto_avariado,O item vazou durante a entrega e não dava para consumir.,1,1461,1,1,0,GRP010,respondida,autoaprovada,aprovada,40.08,0
CON02153,PED023457,2025-03-01,CLI01663,LOJ0246,6,94.47,nao_entregue,O pedido não chegou no endereço informado.,0,2000,1,3,0,,respondida,revisao_manual,aprovada,83.30,0
CON02154,PED023135,2025-03-19,CLI07205,LOJ0167,4,129.45,item_faltante,Não recebi todos os itens que estavam na nota.,0,2193,2,4,0,,respondida,autoaprovada,aprovada,"R$ 107,10",0
CON02155,PED020751,14/03/2025,CLI06944,LOJ0340,5,83.06,item_faltante,Faltou um item do pedido e a loja não respondeu.,1,252,1,4,0,,respondida,revisao_manual,aprovada,63.25,0
CON02156,PED028193,2025-03-31,CLI13236,LOJ0423,2,98.56,qualidade,O produto estava com aparência ruim quando chegou.,0,1142,1,1,0,,respondida,autoaprovada,aprovada,76.58,0
CON02157,PED021371,2025-03-16,CLI09615,LOJ0046,2,"R$ 104,87",item_faltante,Faltou um item do pedido e a loja não respondeu.,1,1912,0,1,0,,respondida,revisao_manual,aprovada,75.93,0
CON02158,PED027185,2025-03-20,CLI17624,LOJ0151,6,106.13,produto_avariado,A embalagem chegou aberta e o produto estava avariado.,0,1862,1,1,0,,respondida,autoaprovada,aprovada,77.30,0
CON02159,PED019843,2025-03-05,CLI12088,LOJ0176,7,69.78,produto_avariado,O produto chegou danificado dentro da sacola.,1,204,0,6,0,GRP089,sem_resposta,autoaprovada,aprovada,56.51,1
CON02160,PED021826,2025-03-31,CLI05243,LOJ0228,3,119.92,qualidade,A qualidade não correspondeu ao que foi anunciado.,0,1883,1,2,0,,respondida,autoaprovada,aprovada,50.16,0
CON02161,PED027969,04/03/2025,CLI08292,LOJ0263,5,93.83,item_faltante,Faltou um item do pedido e a loja não respondeu.,1,865,1,3,0,,respondida,revisao_manual,aprovada,"61,80",1
CON02162,PED021269,2025-03-17,CLI16960,LOJ0109,7,143.09,item_faltante,"O pedido chegou incompleto, faltou parte da compra.",1,282,0,4,0,,sem resposta,autoaprovada,aprovada,111.67,1
CON02163,PED022459,2025-03-18,CLI03357,LOJ0288,2,95.73,ITEM FALTANTE,Faltou um item do pedido e a loja não respondeu.,1,1917,2,2,0,,respondida,autoaprovada,aprovada,75.80,0
CON02164,PED019224,2025-03-02,CLI01319,LOJ0036,6,"91,08",nao_entregue,"O aplicativo marcou como entregue, mas não recebi o pedido.",0,728,1,3,0,,respondida,autoaprovada,aprovada,66.34,0
CON02165,PED019547,2025-03-06,CLI09378,LOJ0266,3,106.04,qualidade,A comida chegou fria e com qualidade abaixo do esperado.,1,334,2,3,0,,sem_resposta,autoaprovada,aprovada,"R$ 79,81",1
CON02166,PED021938,2025-03-13,CLI07889,LOJ0309,4,68.54,pedido_incorreto,O pedido veio errado e preciso corrigir a cobrança.,0,504,2,3,0,,respondida,revisao_manual,negada,0.00,0
CON02167,PED028674,11/03/2025,CLI10850,LOJ0084,7,183.88,produto_avariado,O produto chegou danificado dentro da sacola.,0,102,0,7,0,,respondida,autoaprovada,aprovada,149.00,1
CON02168,PED026165,2025-03-12,CLI16711,LOJ0111,5,"R$ 71,70",item_faltante,Faltou um item do pedido e a loja não respondeu.,1,621,0,4,0,,respondida,autoaprovada,aprovada,"51,59",0
CON02169,PED028029,2025-03-11,CLI17477,LOJ0375,4,168.83,produto_avariado,O item vazou durante a entrega e não dava para consumir.,1,2301,0,2,0,,SEM RESPOSTA,autoaprovada,aprovada,141.81,0
CON02170,PED020507,2025-03-13,CLI06078,LOJ0135,7,71.49,nao_entregue,O pedido não chegou no endereço informado.,1,1810,1,1,1,,sem resposta,revisao_manual,aprovada,66.99,1
CON02171,PED026095,2025-03-12,CLI13792,LOJ0154,4,"117,46",item_faltante,Não recebi todos os itens que estavam na nota.,1,1361,1,2,0,,respondida,autoaprovada,aprovada,104.80,0
CON02172,PED027820,2025-03-30,CLI16946,LOJ0148,2,77.54,pedido_incorreto,Entregaram outro item no lugar do que comprei.,0,1331,2,2,0,,respondida,autoaprovada,aprovada,65.88,1
CON02173,PED027006,10/03/2025,CLI00097,LOJ0350,2,61.46,item_faltante,"O pedido chegou incompleto, faltou parte da compra.",0,2146,1,1,0,,respondida,revisao_manual,negada,0.00,0
CON02174,PED019882,2025-03-08,CLI06292,LOJ0022,2,29.03,qualidade,A qualidade não correspondeu ao que foi anunciado.,1,1940,0,1,0,,respondida,revisao_manual,negada,0.00,0
CON02175,PED021883,2025-03-21,CLI08799,LOJ0148,4,263.78,item_faltante,Não recebi todos os itens que estavam na nota.,1,2158,1,1,0,,respondida,autoaprovada,aprovada,"258,75",1
CON02176,PED025275,2025-03-23,CLI08903,LOJ0347,4,81.24,pedido_incorreto,Recebi produtos diferentes do que selecionei.,1,793,1,4,0,,respondida,autoaprovada,aprovada,"R$ 48,80",0
CON02177,PED022924,2025-03-22,CLI05165,LOJ0411,5,113.31,item_faltante,Faltou um item do pedido e a loja não respondeu.,0,1959,2,4,0,,SEM RESPOSTA,autoaprovada,aprovada,47.97,0
CON02178,PED020349,2025-03-24,CLI02828,LOJ0277,2,"115,47",pedido_incorreto,Entregaram outro item no lugar do que comprei.,1,583,0,1,0,,sem_resposta,revisao_manual,aprovada,78.79,0
CON02179,PED022519,05/03/2025,CLI08677,LOJ0268,2,"R$ 141,37",item_faltante,Faltou um item do pedido e a loja não respondeu.,0,676,0,2,0,,sem resposta,revisao_manual,aprovada,114.59,0
CON02180,PED023870,2025-03-10,CLI00410,LOJ0023,5,103.54,item_faltante,Não recebi todos os itens que estavam na nota.,1,1179,0,3,0,GRP102,respondida,autoaprovada,aprovada,37.76,0
CON02181,PED028507,2025-03-26,CLI05403,LOJ0354,3,58.22,item_faltante,Faltou um item do pedido e a loja não respondeu.,0,2150,0,1,0,,sem_resposta,negada_ou_retirada,negada,0.00,0
CON02182,PED023446,2025-03-22,CLI11939,LOJ0121,5,124.27,nao_entregue,"O aplicativo marcou como entregue, mas não recebi o pedido.",1,720,2,4,0,,respondida,autoaprovada,aprovada,"87,48",0
CON02183,PED022789,2025-03-15,CLI04300,LOJ0332,5,46.13,item_faltante,Faltou um item do pedido e a loja não respondeu.,0,333,0,2,0,,respondida,negada_ou_retirada,negada,0.00,0
CON02184,PED019734,2025-03-20,CLI09444,LOJ0105,7,164.01,item_faltante,"O pedido chegou incompleto, faltou parte da compra.",0,1010,0,7,0,,respondida,autoaprovada,aprovada,156.70,0
CON02185,PED027130,11/03/2025,CLI09440,LOJ0050,4,"88,71",nao_entregue,"O aplicativo marcou como entregue, mas não recebi o pedido.",1,1671,0,3,0,,SEM RESPOSTA,autoaprovada,aprovada,42.80,0
CON02186,PED020182,2025-03-30,CLI13541,LOJ0036,2,233.29,ITEM FALTANTE,Faltou um item do pedido e a loja não respondeu.,1,1483,0,1,0,,respondida,revisao_manual,aprovada,211.37,0
CON02187,PED025446,2025-03-08,CLI10344,LOJ0097,5,95.01,item_faltante,Não recebi todos os itens que estavam na nota.,0,1576,1,3,0,,respondida,negada_ou_retirada,negada,"R$ 0,00",0
CON02188,PED026150,2025-03-28,CLI14665,LOJ0266,2,179.33,item_faltante,"O pedido chegou incompleto, faltou parte da compra.",1,40,1,1,1,,respondida,autoaprovada,aprovada,170.77,1
CON02189,PED021725,2025-03-22,CLI05345,LOJ0012,7,148.94,item_faltante,Faltou um item do pedido e a loja não respondeu.,1,1907,1,1,0,,respondida,autoaprovada,aprovada,"140,87",0
CON02190,PED023662,2025-03-14,CLI11969,LOJ0378,7,"R$ 142,83",nao_entregue,"O aplicativo marcou como entregue, mas não recebi o pedido.",1,1990,0,4,0,,respondida,autoaprovada,aprovada,135.17,0
CON02191,PED024780,05/03/2025,CLI13571,LOJ0352,3,45.94,qualidade,A qualidade não correspondeu ao que foi anunciado.,1,1181,0,2,0,,respondida,negada_ou_retirada,negada,0.00,0
CON02192,PED024996,2025-03-12,CLI03355,LOJ0410,7,"142,99",qualidade,A comida chegou fria e com qualidade abaixo do esperado.,0,288,0,6,0,,sem resposta,autoaprovada,aprovada,87.36,1
CON02193,PED024060,2025-03-06,CLI07283,LOJ0088,4,115.12,item_faltante,Faltou um item do pedido e a loja não respondeu.,1,406,1,1,0,,respondida,autoaprovada,aprovada,89.68,0
CON02194,PED026911,2025-03-08,CLI14316,LOJ0110,2,130.51,item_faltante,Não recebi todos os itens que estavam na nota.,1,2098,0,1,0,,respondida,autoaprovada,aprovada,122.78,0
CON02195,PED022120,2025-03-06,CLI01649,LOJ0161,6,82.82,nao_entregue,O pedido não chegou no endereço informado.,1,345,0,2,0,,respondida,autoaprovada,aprovada,35.95,0
CON02196,PED024585,2025-03-16,CLI14457,LOJ0240,7,80.75,pedido_incorreto,Entregaram outro item no lugar do que comprei.,1,1078,1,2,1,,respondida,autoaprovada,aprovada,"50,15",0
CON02197,PED021156,30/03/2025,CLI05846,LOJ0119,5,64.39,pedido_incorreto,Recebi produtos diferentes do que selecionei.,1,2353,0,2,0,,respondida,negada_ou_retirada,negada,0.00,0
CON02198,PED026485,2025-03-25,CLI02904,LOJ0358,5,79.67,produto_avariado,O produto chegou danificado dentro da sacola.,0,2071,0,3,0,,respondida,autoaprovada,aprovada,"R$ 67,72",0
CON02199,PED019735,2025-03-28,CLI01786,LOJ0392,7,"62,09",item_faltante,"O pedido chegou incompleto, faltou parte da compra.",1,215,0,4,0,,respondida,negada_ou_retirada,negada,0.00,0
CON02200,PED024082,2025-03-27,CLI07407,LOJ0101,2,59.04,item_faltante,Faltou um item do pedido e a loja não respondeu.,1,963,0,1,0,,respondida,negada_ou_retirada,retirada,0.00,0
CON02201,PED025444,2025-03-28,CLI13244,LOJ0020,6,"R$ 64,26",item_faltante,Não recebi todos os itens que estavam na nota.,0,556,0,3,0,GRP053,SEM RESPOSTA,negada_ou_retirada,negada,0.00,0
CON02202,PED023717,2025-03-18,CLI17506,LOJ0289,4,122.04,item_faltante,Faltou um item do pedido e a loja não respondeu.,1,1825,1,1,0,,respondida,autoaprovada,aprovada,77.73,0
CON02203,PED022615,26/03/2025,CLI05500,LOJ0340,6,123.38,qualidade,O produto estava com aparência ruim quando chegou.,1,319,0,5,0,,respondida,revisao_manual,aprovada,"89,70",0
CON02204,PED028885,2025-03-14,CLI17513,LOJ0136,2,85.58,item_faltante,Não recebi todos os itens que estavam na nota.,1,265,0,1,0,,respondida,autoaprovada,aprovada,66.55,0
CON02205,PED022432,2025-03-23,CLI12144,LOJ0421,4,61.30,produto_avariado,O item vazou durante a entrega e não dava para consumir.,1,44,0,3,0,,respondida,autoaprovada,aprovada,35.29,0
CON02206,PED023158,2025-03-09,CLI03448,LOJ0264,2,"113,48",item_faltante,Não recebi todos os itens que estavam na nota.,1,1977,1,1,0,,respondida,autoaprovada,aprovada,49.87,0
CON02207,PED019176,2025-03-03,CLI11232,LOJ0255,7,123.89,item_faltante,Faltou um item do pedido e a loja não respondeu.,1,392,1,4,0,,respondida,negada_ou_retirada,negada,0.00,0
CON02208,PED022326,2025-03-09,CLI10194,LOJ0030,7,106.30,produto_avariado,O produto chegou danificado dentro da sacola.,0,2350,0,6,0,,respondida,negada_ou_retirada,negada,0.00,0
CON02209,PED019868,28/03/2025,CLI10381,LOJ0329,2,93.06,ITEM FALTANTE,Faltou um item do pedido e a loja não respondeu.,0,181,1,1,0,,sem_resposta,autoaprovada,aprovada,"R$ 63,59",0
CON02210,PED023409,2025-03-02,CLI10949,LOJ0095,5,171.81,nao_entregue,"O aplicativo marcou como entregue, mas não recebi o pedido.",1,880,1,3,0,,sem resposta,autoaprovada,aprovada,"145,15",0
CON02211,PED024576,2025-03-08,CLI13372,LOJ0037,6,125.84,nao_entregue,"O aplicativo marcou como entregue, mas não recebi o pedido.",1,1946,4,3,0,,respondida,autoaprovada,aprovada,100.12,0
CON02212,PED022172,2025-03-10,CLI17961,LOJ0241,4,"R$ 83,87",item_faltante,"O pedido chegou incompleto, faltou parte da compra.",0,281,0,2,0,GRP039,respondida,autoaprovada,aprovada,47.86,1
CON02213,PED027518,2025-03-03,CLI04126,LOJ0187,2,"68,42",pedido_incorreto,Recebi produtos diferentes do que selecionei.,0,1050,1,1,0,,sem_resposta,autoaprovada,aprovada,45.18,0
CON02214,PED023702,2025-03-24,CLI00080,LOJ0136,4,57.92,pedido_incorreto,O pedido veio errado e preciso corrigir a cobrança.,1,734,1,2,1,,respondida,autoaprovada,aprovada,46.87,0
CON02215,PED019438,19/03/2025,CLI10087,LOJ0075,4,85.95,qualidade,O produto estava com aparência ruim quando chegou.,0,805,5,1,0,,respondida,autoaprovada,aprovada,72.67,0
CON02216,PED019581,2025-03-30,CLI08428,LOJ0045,7,81.44,nao_entregue,"Consta entrega concluída, porém nada foi recebido.",0,915,0,7,0,,respondida,autoaprovada,aprovada,76.18,0
CON02217,PED028941,2025-03-22,CLI14391,LOJ0422,4,63.54,pedido_incorreto,Recebi produtos diferentes do que selecionei.,1,615,6,2,0,,SEM RESPOSTA,autoaprovada,aprovada,"50,27",0
CON02218,PED028802,2025-03-13,CLI10292,LOJ0122,3,93.90,produto_avariado,A embalagem chegou aberta e o produto estava avariado.,1,1690,1,1,0,,sem resposta,autoaprovada,aprovada,42.32,0
CON02219,PED026078,2025-03-25,CLI09933,LOJ0434,4,110.06,item_faltante,Não recebi todos os itens que estavam na nota.,0,630,1,2,0,,SEM RESPOSTA,autoaprovada,aprovada,89.33,1
CON02220,PED024455,2025-03-20,CLI16603,LOJ0235,6,"131,33",produto_avariado,O item vazou durante a entrega e não dava para consumir.,1,2172,0,6,0,,respondida,autoaprovada,aprovada,"R$ 116,20",0
CON02221,PED033491,21/04/2025,CLI16546,LOJ0001,7,68.16,qualidade,O produto estava com aparência ruim quando chegou.,1,1626,0,2,0,,sem_resposta,autoaprovada,aprovada,33.00,0
CON02222,PED037216,2025-04-02,CLI17819,LOJ0020,4,82.55,nao_entregue,"Consta entrega concluída, porém nada foi recebido.",1,1637,1,2,0,,sem resposta,autoaprovada,aprovada,34.83,0
CON02223,PED029109,2025-04-11,CLI04601,LOJ0198,2,"R$ 135,52",qualidade,A comida chegou fria e com qualidade abaixo do esperado.,1,1863,1,1,0,,respondida,autoaprovada,aprovada,69.93,0
CON02224,PED030488,2025-04-28,CLI16717,LOJ0087,6,160.10,qualidade,A comida chegou fria e com qualidade abaixo do esperado.,0,2371,4,3,0,,sem_resposta,autoaprovada,aprovada,"130,69",0
CON02225,PED035763,2025-04-05,CLI14041,LOJ0156,5,111.65,pedido_incorreto,O pedido veio errado e preciso corrigir a cobrança.,1,1328,1,1,0,,respondida,negada_ou_retirada,negada,0.00,0
CON02226,PED035655,2025-04-14,CLI14571,LOJ0099,5,154.44,nao_entregue,"Consta entrega concluída, porém nada foi recebido.",1,1361,0,5,0,,respondida,autoaprovada,aprovada,136.18,0
CON02227,PED031506,11/04/2025,CLI00449,LOJ0149,5,"56,61",item_faltante,Faltou um item do pedido e a loja não respondeu.,1,792,0,2,1,,respondida,revisao_manual,negada,0.00,0
CON02228,PED030069,2025-04-28,CLI03442,LOJ0006,2,86.43,qualidade,O produto estava com aparência ruim quando chegou.,1,308,0,2,0,,respondida,autoaprovada,aprovada,77.02,0
CON02229,PED031803,2025-04-21,CLI08825,LOJ0430,5,96.92,qualidade,A comida chegou fria e com qualidade abaixo do esperado.,1,2046,2,2,0,,SEM RESPOSTA,autoaprovada,aprovada,47.35,0
CON02230,PED036781,2025-04-21,CLI06487,LOJ0338,7,110.22,produto_avariado,A embalagem chegou aberta e o produto estava avariado.,0,1748,5,5,1,,sem resposta,autoaprovada,aprovada,90.91,0
CON02231,PED029601,2025-04-12,CLI05811,LOJ0020,7,86.06,item_faltante,Não recebi todos os itens que estavam na nota.,1,1474,0,5,0,,respondida,autoaprovada,aprovada,"R$ 43,53",0
CON02232,PED037484,2025-04-03,CLI00032,LOJ0426,5,84.19,PEDIDO INCORRETO,Entregaram outro item no lugar do que comprei.,0,459,1,2,0,,respondida,autoaprovada,aprovada,69.69,0
CON02233,PED030181,24/04/2025,CLI05737,LOJ0372,3,55.51,qualidade,A qualidade não correspondeu ao que foi anunciado.,0,2352,2,3,0,,respondida,negada_ou_retirada,retirada,0.00,0
CON02234,PED033090,2025-04-24,CLI14646,LOJ0016,5,"R$ 98,31",item_faltante,"O pedido chegou incompleto, faltou parte da compra.",0,831,0,5,0,,respondida,negada_ou_retirada,negada,0.00,0
CON02235,PED035100,2025-04-15,CLI09454,LOJ0015,2,84.97,pedido_incorreto,O pedido veio errado e preciso corrigir a cobrança.,0,2108,0,1,0,,SEM RESPOSTA,autoaprovada,aprovada,65.16,1
CON02236,PED032601,2025-04-20,CLI06658,LOJ0276,7,113.60,item_faltante,"O pedido chegou incompleto, faltou parte da compra.",1,2117,0,3,0,,sem_resposta,revisao_manual,aprovada,79.33,0
CON02237,PED030166,2025-04-28,CLI15460,LOJ0061,3,162.59,item_faltante,Não recebi todos os itens que estavam na nota.,1,1864,0,2,0,,respondida,revisao_manual,aprovada,126.51,0
CON02238,PED030661,2025-04-01,CLI10063,LOJ0017,2,188.89,produto_avariado,O item vazou durante a entrega e não dava para consumir.,1,2293,0,1,0,,respondida,autoaprovada,aprovada,"166,88",0
CON02239,PED037426,17/04/2025,CLI05055,LOJ0313,7,97.71,item_faltante,Não recebi todos os itens que estavam na nota.,1,2372,1,3,0,,respondida,autoaprovada,aprovada,62.57,0
CON02240,PED030095,2025-04-28,CLI13777,LOJ0303,2,86.78,item_faltante,"O pedido chegou incompleto, faltou parte da compra.",1,976,0,1,1,,sem resposta,autoaprovada,aprovada,61.95,0
CON02241,PED038078,2025-04-03,CLI10062,LOJ0253,7,"82,85",item_faltante,Faltou um item do pedido e a loja não respondeu.,0,1609,0,4,0,,sem_resposta,negada_ou_retirada,negada,0.00,0
CON02242,PED034265,2025-04-08,CLI05499,LOJ0287,3,88.00,pedido_incorreto,Entregaram outro item no lugar do que comprei.,1,1244,0,3,0,,SEM RESPOSTA,autoaprovada,aprovada,"R$ 47,91",0
CON02243,PED038099,2025-04-11,CLI02923,LOJ0040,2,57.88,item_faltante,Não recebi todos os itens que estavam na nota.,0,268,0,1,0,,respondida,autoaprovada,aprovada,47.21,0
CON02244,PED037368,2025-04-26,CLI04610,LOJ0314,5,104.61,item_faltante,Faltou um item do pedido e a loja não respondeu.,0,81,0,3,0,,sem resposta,autoaprovada,aprovada,68.72,0
CON02245,PED031355,07/04/2025,CLI10041,LOJ0408,6,"R$ 103,92",produto_avariado,O item vazou durante a entrega e não dava para consumir.,1,2229,0,1,0,,SEM RESPOSTA,autoaprovada,aprovada,"79,43",0
CON02246,PED037493,2025-04-23,CLI11155,LOJ0140,2,62.45,item_faltante,"O pedido chegou incompleto, faltou parte da compra.",1,1283,0,1,0,,respondida,autoaprovada,aprovada,20.77,0
CON02247,PED034534,2025-04-04,CLI00621,LOJ0312,5,107.63,item_faltante,Não recebi todos os itens que estavam na nota.,0,1102,0,3,0,,sem_resposta,autoaprovada,aprovada,70.39,1
CON02248,PED029810,2025-04-08,CLI11595,LOJ0227,5,"105,85",qualidade,A qualidade não correspondeu ao que foi anunciado.,0,2018,0,3,0,,sem resposta,autoaprovada,aprovada,71.17,0
CON02249,PED034812,2025-04-24,CLI03530,LOJ0344,6,115.88,item_faltante,Faltou um item do pedido e a loja não respondeu.,1,224,0,2,0,,sem_resposta,autoaprovada,aprovada,82.62,1
CON02250,PED035681,2025-04-05,CLI09005,LOJ0144,4,94.20,produto_avariado,O item vazou durante a entrega e não dava para consumir.,1,881,0,3,0,,respondida,revisao_manual,aprovada,67.11,0
CON02251,PED034219,01/04/2025,CLI03405,LOJ0120,5,106.44,item_faltante,"O pedido chegou incompleto, faltou parte da compra.",1,71,1,4,1,,respondida,negada_ou_retirada,negada,0.00,0
CON02252,PED032770,2025-04-14,CLI09070,LOJ0124,2,107.16,item_faltante,Faltou um item do pedido e a loja não respondeu.,1,2049,0,1,0,,SEM RESPOSTA,autoaprovada,aprovada,"85,71",0
CON02253,PED037777,2025-04-02,CLI04809,LOJ0249,7,79.40,produto_avariado,O produto chegou danificado dentro da sacola.,0,1884,2,5,0,,sem resposta,autoaprovada,aprovada,"R$ 72,31",0
CON02254,PED033409,2025-04-27,CLI17298,LOJ0386,6,88.64,item_faltante,"O pedido chegou incompleto, faltou parte da compra.",0,1454,6,5,0,,SEM RESPOSTA,autoaprovada,aprovada,82.44,1
CON02255,PED032571,2025-04-06,CLI02940,LOJ0313,2,"117,65",PEDIDO INCORRETO,Entregaram outro item no lugar do que comprei.,1,2135,0,1,0,,respondida,autoaprovada,aprovada,81.71,0
CON02256,PED029221,2025-04-07,CLI05503,LOJ0358,7,"R$ 94,39",nao_entregue,O pedido não chegou no endereço informado.,0,1244,1,3,0,,respondida,autoaprovada,aprovada,67.90,0
CON02257,PED034341,06/04/2025,CLI03088,LOJ0060,4,72.99,item_faltante,"O pedido chegou incompleto, faltou parte da compra.",1,1361,1,1,0,,respondida,autoaprovada,aprovada,44.28,0
CON02258,PED035798,2025-04-11,CLI12202,LOJ0058,4,71.21,pedido_incorreto,O pedido veio errado e preciso corrigir a cobrança.,1,31,1,3,0,,respondida,autoaprovada,aprovada,56.87,1
CON02259,PED029809,2025-04-03,CLI10646,LOJ0215,2,56.33,pedido_incorreto,Recebi produtos diferentes do que selecionei.,1,1106,0,1,0,,respondida,autoaprovada,aprovada,"44,66",0
CON02260,PED031331,2025-04-14,CLI01698,LOJ0248,2,131.10,pedido_incorreto,O pedido veio errado e preciso corrigir a cobrança.,1,1920,0,1,0,,respondida,negada_ou_retirada,negada,0.00,0
CON02261,PED029879,2025-04-28,CLI11577,LOJ0034,7,176.63,item_faltante,"O pedido chegou incompleto, faltou parte da compra.",1,1659,2,2,0,GRP050,sem_resposta,revisao_manual,aprovada,145.83,0
CON02262,PED037782,2025-04-04,CLI09302,LOJ0450,2,"180,17",nao_entregue,"O aplicativo marcou como entregue, mas não recebi o pedido.",1,817,0,1,0,,respondida,autoaprovada,aprovada,163.88,0
CON02263,PED038424,02/04/2025,CLI03233,LOJ0358,2,101.57,produto_avariado,A embalagem chegou aberta e o produto estava avariado.,1,2190,0,1,0,,respondida,revisao_manual,aprovada,71.56,0
CON02264,PED029731,2025-04-16,CLI16027,LOJ0197,6,57.68,produto_avariado,A embalagem chegou aberta e o produto estava avariado.,1,2148,0,6,0,,sem resposta,revisao_manual,aprovada,"R$ 43,75",0
CON02265,PED037294,2025-04-14,CLI11789,LOJ0376,7,141.01,qualidade,A comida chegou fria e com qualidade abaixo do esperado.,1,985,1,7,0,,respondida,autoaprovada,aprovada,68.14,0
CON02266,PED036962,2025-04-19,CLI17979,LOJ0445,3,77.94,nao_entregue,"O aplicativo marcou como entregue, mas não recebi o pedido.",1,1986,1,1,0,,sem_resposta,autoaprovada,aprovada,"62,74",1
CON02267,PED033771,2025-04-14,CLI17405,LOJ0296,5,"R$ 140,53",item_faltante,Não recebi todos os itens que estavam na nota.,1,430,1,4,0,,respondida,revisao_manual,negada,0.00,0
CON02268,PED030540,2025-04-05,CLI11927,LOJ0009,2,139.93,pedido_incorreto,Entregaram outro item no lugar do que comprei.,1,1650,0,2,0,,SEM RESPOSTA,autoaprovada,aprovada,108.74,0
CON02269,PED036876,07/04/2025,CLI10212,LOJ0272,7,"77,02",pedido_incorreto,O pedido veio errado e preciso corrigir a cobrança.,1,2352,6,7,0,,respondida,revisao_manual,negada,0.00,0
CON02270,PED036808,2025-04-08,CLI10295,LOJ0036,7,113.80,qualidade,A comida chegou fria e com qualidade abaixo do esperado.,1,2096,0,2,0,,sem resposta,autoaprovada,aprovada,85.15,0
CON02271,PED030412,2025-04-21,CLI05034,LOJ0238,2,183.69,item_faltante,Faltou um item do pedido e a loja não respondeu.,0,824,0,1,0,,respondida,autoaprovada,aprovada,161.53,1
CON02272,PED036466,2025-04-12,CLI10764,LOJ0232,5,100.74,item_faltante,Faltou um item do pedido e a loja não respondeu.,1,1638,3,5,0,,respondida,negada_ou_retirada,negada,0.00,0
CON02273,PED039032,2025-04-09,CLI03375,LOJ0383,6,72.60,produto_avariado,O item vazou durante a entrega e não dava para consumir.,1,900,0,1,0,,SEM RESPOSTA,revisao_manual,aprovada,"47,38",1
CON02274,PED037120,2025-04-07,CLI11414,LOJ0322,4,69.75,item_faltante,Faltou um item do pedido e a loja não respondeu.,1,985,0,3,1,,respondida,negada_ou_retirada,negada,0.00,0
CON02275,PED033647,30/04/2025,CLI00665,LOJ0187,6,101.26,pedido_incorreto,O pedido veio errado e preciso corrigir a cobrança.,1,321,0,6,0,,respondida,revisao_manual,aprovada,"R$ 81,62",0
CON02276,PED034506,2025-04-23,CLI05208,LOJ0101,2,"92,66",pedido_incorreto,O pedido veio errado e preciso corrigir a cobrança.,1,1313,2,1,0,GRP083,respondida,revisao_manual,aprovada,66.36,0
CON02277,PED039135,2025-04-04,CLI16888,LOJ0183,5,78.58,qualidade,A qualidade não correspondeu ao que foi anunciado.,1,219,0,3,0,,respondida,autoaprovada,aprovada,71.86,0
CON02278,PED033084,2025-04-03,CLI12309,LOJ0279,5,"R$ 93,04",NAO ENTREGUE,"O aplicativo marcou como entregue, mas não recebi o pedido.",0,146,0,4,1,,sem_resposta,autoaprovada,aprovada,61.35,0
CON02279,PED038577,2025-04-04,CLI08383,LOJ0030,2,102.70,nao_entregue,O pedido não chegou no endereço informado.,1,1013,1,1,0,,respondida,autoaprovada,aprovada,65.59,0
CON02280,PED038053,2025-04-16,CLI12389,LOJ0066,6,60.74,item_faltante,"O pedido chegou incompleto, faltou parte da compra.",0,2107,1,1,0,,respondida,autoaprovada,aprovada,"51,06",0
CON02281,PED037932,05/04/2025,CLI17497,LOJ0191,5,168.28,nao_entregue,"Consta entrega concluída, porém nada foi recebido.",1,605,1,2,0,,respondida,autoaprovada,aprovada,133.31,0
CON02282,PED034847,2025-04-16,CLI05596,LOJ0400,3,55.74,item_faltante,"O pedido chegou incompleto, faltou parte da compra.",0,1423,0,1,0,,respondida,negada_ou_retirada,negada,0.00,0
CON02283,PED033963,2025-04-28,CLI13032,LOJ0366,2,"111,96",qualidade,O produto estava com aparência ruim quando chegou.,1,749,0,1,0,,sem resposta,autoaprovada,aprovada,76.82,1
CON02284,PED037606,2025-04-12,CLI12926,LOJ0391,5,55.14,pedido_incorreto,Entregaram outro item no lugar do que comprei.,0,2030,2,3,0,,respondida,negada_ou_retirada,retirada,0.00,0
CON02285,PED034510,2025-04-04,CLI02188,LOJ0317,2,45.91,item_faltante,Faltou um item do pedido e a loja não respondeu.,1,2149,2,1,0,,sem_resposta,revisao_manual,negada,0.00,0
CON02286,PED038022,2025-04-17,CLI00500,LOJ0087,7,90.41,nao_entregue,"Consta entrega concluída, porém nada foi recebido.",1,1939,1,1,0,,SEM RESPOSTA,autoaprovada,aprovada,"R$ 74,08",0
CON02287,PED038155,25/04/2025,CLI14163,LOJ0447,4,211.48,nao_entregue,"Consta entrega concluída, porém nada foi recebido.",1,653,2,2,1,,respondida,revisao_manual,aprovada,"195,79",0
CON02288,PED033354,2025-04-14,CLI11987,LOJ0026,2,63.82,qualidade,O produto estava com aparência ruim quando chegou.,1,688,1,1,0,,sem resposta,autoaprovada,aprovada,35.89,0
CON02289,PED034072,2025-04-23,CLI07370,LOJ0235,7,"R$ 127,00",item_faltante,Não recebi todos os itens que estavam na nota.,1,780,1,3,0,,respondida,autoaprovada,aprovada,102.16,0
CON02290,PED030760,2025-04-17,CLI04516,LOJ0185,5,"57,92",qualidade,A qualidade não correspondeu ao que foi anunciado.,1,397,0,2,0,,respondida,revisao_manual,negada,0.00,0
CON02291,PED039072,2025-04-26,CLI12303,LOJ0083,4,116.74,item_faltante,"O pedido chegou incompleto, faltou parte da compra.",1,600,1,2,0,,SEM RESPOSTA,autoaprovada,aprovada,106.30,0
CON02292,PED038559,2025-04-05,CLI05345,LOJ0091,6,75.77,pedido_incorreto,Entregaram outro item no lugar do que comprei.,1,1011,0,6,0,,respondida,negada_ou_retirada,negada,0.00,0
CON02293,PED037403,06/04/2025,CLI04424,LOJ0069,4,135.11,produto_avariado,O produto chegou danificado dentro da sacola.,1,1776,2,2,0,,respondida,autoaprovada,aprovada,65.88,0
CON02294,PED031991,2025-04-25,CLI14741,LOJ0191,7,98.55,item_faltante,Faltou um item do pedido e a loja não respondeu.,0,577,1,6,1,,respondida,autoaprovada,aprovada,"93,61",0
CON02295,PED031241,2025-04-04,CLI11573,LOJ0283,2,92.64,item_faltante,Não recebi todos os itens que estavam na nota.,1,407,1,1,1,,respondida,autoaprovada,aprovada,70.63,1
CON02296,PED035916,2025-04-22,CLI11434,LOJ0264,7,97.90,produto_avariado,A embalagem chegou aberta e o produto estava avariado.,0,172,2,5,0,,respondida,autoaprovada,aprovada,67.01,0
CON02297,PED039268,2025-04-26,CLI02460,LOJ0063,4,"128,44",pedido_incorreto,O pedido veio errado e preciso corrigir a cobrança.,0,806,0,1,0,,respondida,autoaprovada,aprovada,"R$ 59,74",0
CON02298,PED031894,2025-04-20,CLI00191,LOJ0056,7,82.57,item_faltante,Não recebi todos os itens que estavam na nota.,1,2160,0,2,0,,respondida,negada_ou_retirada,negada,0.00,0
CON02299,PED034354,23/04/2025,CLI05639,LOJ0258,3,99.40,pedido_incorreto,O pedido veio errado e preciso corrigir a cobrança.,0,769,1,2,0,,sem_resposta,revisao_manual,negada,0.00,0
CON02300,PED035424,2025-04-15,CLI14820,LOJ0113,7,"R$ 197,78",nao_entregue,O pedido não chegou no endereço informado.,1,811,0,4,0,GRP030,respondida,autoaprovada,aprovada,167.81,1
CON02301,PED038499,2025-04-27,CLI02906,LOJ0354,4,84.01,PRODUTO AVARIADO,A embalagem chegou aberta e o produto estava avariado.,1,646,0,3,1,,respondida,autoaprovada,aprovada,"44,63",0
CON02302,PED029674,2025-04-02,CLI10155,LOJ0412,2,180.42,nao_entregue,O pedido não chegou no endereço informado.,1,925,0,1,0,,sem resposta,autoaprovada,aprovada,145.00,0
CON02303,PED036275,2025-04-17,CLI12328,LOJ0433,4,180.84,qualidade,A qualidade não correspondeu ao que foi anunciado.,1,550,0,3,0,,respondida,revisao_manual,aprovada,143.97,0
CON02304,PED034447,2025-04-21,CLI08792,LOJ0431,2,"85,27",produto_avariado,O item vazou durante a entrega e não dava para consumir.,1,548,2,1,0,,sem_resposta,autoaprovada,aprovada,57.91,0
CON02305,PED029794,06/04/2025,CLI02450,LOJ0385,3,78.39,produto_avariado,A embalagem chegou aberta e o produto estava avariado.,1,354,0,2,0,GRP051,respondida,autoaprovada,aprovada,47.63,0
CON02306,PED032689,2025-04-29,CLI01766,LOJ0404,3,158.75,produto_avariado,O item vazou durante a entrega e não dava para consumir.,0,112,1,2,0,GRP126,SEM RESPOSTA,revisao_manual,aprovada,71.25,0
CON02307,PED030424,2025-04-30,CLI11617,LOJ0204,2,93.09,produto_avariado,O produto chegou danificado dentro da sacola.,1,212,0,1,0,,respondida,autoaprovada,aprovada,81.39,0
CON02308,PED034802,2025-04-08,CLI01204,LOJ0167,4,135.90,item_faltante,Não recebi todos os itens que estavam na nota.,1,1179,1,3,0,,respondida,autoaprovada,aprovada,"R$ 109,22",0
CON02309,PED036264,2025-04-23,CLI13778,LOJ0173,2,86.03,produto_avariado,A embalagem chegou aberta e o produto estava avariado.,0,55,1,1,0,,sem resposta,autoaprovada,aprovada,40.50,0
CON02310,PED038394,2025-04-30,CLI06702,LOJ0434,5,147.65,pedido_incorreto,Entregaram outro item no lugar do que comprei.,1,1788,0,2,0,,respondida,autoaprovada,aprovada,140.95,0
CON02311,PED032508,20/04/2025,CLI14638,LOJ0175,5,"R$ 69,07",nao_entregue,"O aplicativo marcou como entregue, mas não recebi o pedido.",1,489,0,5,0,,respondida,negada_ou_retirada,negada,0.00,0
CON02312,PED035343,2025-04-02,CLI01190,LOJ0296,2,114.37,nao_entregue,O pedido não chegou no endereço informado.,0,2354,0,1,0,,SEM RESPOSTA,revisao_manual,aprovada,104.35,0
CON02313,PED033907,2025-04-14,CLI15660,LOJ0384,7,104.61,item_faltante,Faltou um item do pedido e a loja não respondeu.,1,1099,0,6,0,GRP093,respondida,autoaprovada,aprovada,71.87,0
CON02314,PED039364,2025-04-14,CLI13637,LOJ0352,4,103.60,nao_entregue,"Consta entrega concluída, porém nada foi recebido.",1,1893,0,3,0,,sem_resposta,autoaprovada,aprovada,66.40,0
CON02315,PED038092,2025-04-28,CLI01053,LOJ0172,4,78.81,qualidade,A qualidade não correspondeu ao que foi anunciado.,1,1894,0,2,0,,respondida,autoaprovada,aprovada,"43,90",0
CON02316,PED036415,2025-04-14,CLI15661,LOJ0110,5,96.79,pedido_incorreto,Recebi produtos diferentes do que selecionei.,1,611,1,3,0,GRP036,sem resposta,negada_ou_retirada,negada,0.00,0
CON02317,PED034703,30/04/2025,CLI09250,LOJ0171,2,121.31,qualidade,A qualidade não correspondeu ao que foi anunciado.,0,2048,0,1,0,,respondida,revisao_manual,aprovada,93.81,0
CON02318,PED039340,2025-04-13,CLI09788,LOJ0084,6,"87,60",item_faltante,"O pedido chegou incompleto, faltou parte da compra.",0,1996,0,4,0,,respondida,autoaprovada,aprovada,64.26,0
CON02319,PED038049,2025-04-13,CLI03998,LOJ0024,4,103.94,item_faltante,Faltou um item do pedido e a loja não respondeu.,0,1314,0,1,0,,sem_resposta,autoaprovada,aprovada,"R$ 74,23",0
CON02320,PED030790,2025-04-26,CLI16685,LOJ0294,2,98.44,produto_avariado,O item vazou durante a entrega e não dava para consumir.,1,1471,2,1,0,,respondida,negada_ou_retirada,negada,0.00,0
CON02321,PED029715,2025-04-06,CLI03385,LOJ0218,6,48.28,qualidade,A comida chegou fria e com qualidade abaixo do esperado.,1,1834,1,4,0,GRP073,SEM RESPOSTA,revisao_manual,negada,0.00,0
CON02322,PED029290,2025-04-19,CLI00418,LOJ0381,6,"R$ 81,83",produto_avariado,O produto chegou danificado dentro da sacola.,1,1663,1,1,0,,respondida,revisao_manual,aprovada,"44,42",0
CON02323,PED033346,13/04/2025,CLI17302,LOJ0125,3,146.83,nao_entregue,O pedido não chegou no endereço informado.,1,2302,0,1,0,GRP033,respondida,autoaprovada,aprovada,30.54,0
CON02324,PED034712,2025-04-29,CLI00400,LOJ0330,6,110.70,ITEM FALTANTE,Faltou um item do pedido e a loja não respondeu.,1,535,0,4,0,,sem resposta,autoaprovada,aprovada,79.49,0
CON02325,PED035160,2025-04-10,CLI13974,LOJ0341,5,"121,46",pedido_incorreto,Recebi produtos diferentes do que selecionei.,1,1642,1,1,0,,respondida,autoaprovada,aprovada,99.94,0
CON02326,PED035524,2025-04-30,CLI13167,LOJ0223,5,64.62,pedido_incorreto,Entregaram outro item no lugar do que comprei.,0,2226,1,2,0,GRP095,respondida,negada_ou_retirada,negada,0.00,0
CON02327,PED031206,2025-04-01,CLI13389,LOJ0303,5,64.58,qualidade,O produto estava com aparência ruim quando chegou.,0,2173,6,1,1,,respondida,autoaprovada,aprovada,52.96,1
CON02328,PED034173,2025-04-02,CLI06759,LOJ0125,3,103.67,qualidade,O produto estava com aparência ruim quando chegou.,1,187,0,2,1,,SEM RESPOSTA,autoaprovada,aprovada,93.95,1
CON02329,PED031247,01/04/2025,CLI06797,LOJ0347,7,70.75,item_faltante,Não recebi todos os itens que estavam na nota.,0,1467,1,3,0,,sem_resposta,revisao_manual,negada,"0,00",0
CON02330,PED031163,2025-04-06,CLI10861,LOJ0132,6,128.33,pedido_incorreto,Recebi produtos diferentes do que selecionei.,0,75,0,3,0,,respondida,revisao_manual,aprovada,"R$ 101,87",0
CON02331,PED034548,2025-04-04,CLI05066,LOJ0110,3,65.03,pedido_incorreto,Recebi produtos diferentes do que selecionei.,1,1755,2,1,0,GRP006,respondida,negada_ou_retirada,retirada,0.00,0
CON02332,PED037195,2025-04-27,CLI08646,LOJ0040,2,"82,46",item_faltante,Não recebi todos os itens que estavam na nota.,1,1913,1,1,0,,respondida,autoaprovada,aprovada,51.37,0
CON02333,PED029449,2025-04-29,CLI11194,LOJ0291,2,"R$ 83,15",produto_avariado,O item vazou durante a entrega e não dava para consumir.,1,1028,1,2,0,,sem resposta,revisao_manual,negada,0.00,0
CON02334,PED037309,2025-04-25,CLI11470,LOJ0394,2,81.16,item_faltante,Faltou um item do pedido e a loja não respondeu.,0,2117,0,1,0,,respondida,autoaprovada,aprovada,41.76,0
CON02335,PED035954,30/04/2025,CLI01036,LOJ0012,3,200.24,pedido_incorreto,Entregaram outro item no lugar do que comprei.,1,55,1,1,0,,respondida,revisao_manual,aprovada,183.01,0
CON02336,PED030262,2025-04-22,CLI07230,LOJ0162,2,141.69,qualidade,A qualidade não correspondeu ao que foi anunciado.,1,2128,1,1,0,,sem_resposta,revisao_manual,aprovada,"125,71",0
CON02337,PED037614,2025-04-15,CLI14421,LOJ0436,5,109.89,pedido_incorreto,Entregaram outro item no lugar do que comprei.,1,1679,1,3,0,,respondida,negada_ou_retirada,negada,0.00,0
CON02338,PED029958,2025-04-17,CLI12273,LOJ0282,6,148.51,item_faltante,Faltou um item do pedido e a loja não respondeu.,1,1413,0,3,0,,respondida,autoaprovada,aprovada,142.82,1
CON02339,PED033103,2025-04-08,CLI09047,LOJ0282,3,"104,90",pedido_incorreto,Entregaram outro item no lugar do que comprei.,1,1344,1,1,0,,respondida,autoaprovada,aprovada,82.15,0
CON02340,PED029102,2025-04-18,CLI17894,LOJ0056,2,94.84,nao_entregue,"Consta entrega concluída, porém nada foi recebido.",0,608,0,1,1,,respondida,negada_ou_retirada,negada,0.00,0
CON02341,PED031623,11/04/2025,CLI01940,LOJ0097,6,122.27,nao_entregue,"Consta entrega concluída, porém nada foi recebido.",1,1012,1,3,0,GRP070,SEM RESPOSTA,revisao_manual,aprovada,"R$ 84,78",0
CON02342,PED032462,2025-04-23,CLI17754,LOJ0117,7,149.31,qualidade,A comida chegou fria e com qualidade abaixo do esperado.,1,1227,0,3,1,,respondida,autoaprovada,aprovada,121.53,1
CON02343,PED036829,2025-04-01,CLI03643,LOJ0285,2,89.92,nao_entregue,"Consta entrega concluída, porém nada foi recebido.",0,2077,1,1,0,,sem resposta,autoaprovada,aprovada,"69,23",0
CON02344,PED029949,2025-04-14,CLI08349,LOJ0083,3,"R$ 150,89",qualidade,A comida chegou fria e com qualidade abaixo do esperado.,1,1479,0,1,0,,respondida,revisao_manual,aprovada,122.07,0
CON02345,PED038240,2025-04-17,CLI17350,LOJ0405,4,140.73,pedido_incorreto,O pedido veio errado e preciso corrigir a cobrança.,0,1968,0,2,0,,SEM RESPOSTA,autoaprovada,aprovada,118.58,0
CON02346,PED034909,2025-04-22,CLI04538,LOJ0054,4,"91,74",item_faltante,"O pedido chegou incompleto, faltou parte da compra.",1,348,0,2,1,,sem_resposta,autoaprovada,aprovada,71.91,0
CON02347,PED035905,07/04/2025,CLI01601,LOJ0317,6,57.75,PEDIDO INCORRETO,Recebi produtos diferentes do que selecionei.,1,2091,0,4,0,,respondida,negada_ou_retirada,negada,0.00,0
CON02348,PED039110,2025-04-08,CLI11497,LOJ0154,3,105.07,nao_entregue,"O aplicativo marcou como entregue, mas não recebi o pedido.",0,867,2,1,0,,respondida,autoaprovada,aprovada,69.71,0
CON02349,PED031262,2025-04-24,CLI10115,LOJ0222,3,137.93,item_faltante,"O pedido chegou incompleto, faltou parte da compra.",1,2212,0,1,0,GRP029,sem resposta,revisao_manual,aprovada,116.34,1
CON02350,PED036432,2025-04-25,CLI12857,LOJ0149,2,114.26,produto_avariado,O produto chegou danificado dentro da sacola.,1,477,0,1,0,GRP096,respondida,negada_ou_retirada,negada,"0,00",0
CON02351,PED037410,2025-04-23,CLI01296,LOJ0299,7,73.48,item_faltante,Não recebi todos os itens que estavam na nota.,0,1541,0,7,0,GRP062,respondida,autoaprovada,aprovada,40.77,0
CON02352,PED030318,2025-04-18,CLI04494,LOJ0099,3,82.72,nao_entregue,O pedido não chegou no endereço informado.,1,1973,1,1,0,,respondida,autoaprovada,aprovada,"R$ 77,36",0
CON02353,PED032016,01/04/2025,CLI08497,LOJ0134,6,"134,79",nao_entregue,"O aplicativo marcou como entregue, mas não recebi o pedido.",1,908,2,3,0,GRP035,sem_resposta,autoaprovada,aprovada,119.50,0
CON02354,PED031464,2025-04-19,CLI01831,LOJ0439,6,105.18,qualidade,A comida chegou fria e com qualidade abaixo do esperado.,1,1794,0,1,0,,respondida,revisao_manual,aprovada,37.57,0
CON02355,PED038698,2025-04-17,CLI13061,LOJ0319,7,"R$ 132,42",item_faltante,Não recebi todos os itens que estavam na nota.,1,1463,1,1,0,,SEM RESPOSTA,revisao_manual,negada,0.00,0
CON02356,PED033619,2025-04-02,CLI12559,LOJ0113,2,82.93,item_faltante,Faltou um item do pedido e a loja não respondeu.,1,1084,1,1,0,,respondida,negada_ou_retirada,retirada,0.00,0
CON02357,PED034097,2025-04-10,CLI14986,LOJ0298,2,50.22,produto_avariado,A embalagem chegou aberta e o produto estava avariado.,0,1900,1,1,0,,sem resposta,revisao_manual,aprovada,"31,50",1
CON02358,PED030523,2025-04-11,CLI06924,LOJ0428,2,94.90,pedido_incorreto,O pedido veio errado e preciso corrigir a cobrança.,0,994,1,2,0,,respondida,negada_ou_retirada,negada,0.00,0
CON02359,PED031279,13/04/2025,CLI07307,LOJ0342,6,172.96,qualidade,A qualidade não correspondeu ao que foi anunciado.,1,294,0,2,0,,respondida,autoaprovada,aprovada,145.68,1
CON02360,PED034674,2025-04-14,CLI11899,LOJ0002,7,"86,30",qualidade,A comida chegou fria e com qualidade abaixo do esperado.,1,1121,0,2,0,,respondida,autoaprovada,aprovada,58.39,0
CON02361,PED030089,2025-04-20,CLI02804,LOJ0360,3,112.98,item_faltante,Não recebi todos os itens que estavam na nota.,0,45,0,1,0,,SEM RESPOSTA,autoaprovada,aprovada,55.36,0
CON02362,PED035492,2025-04-29,CLI02808,LOJ0055,2,26.73,produto_avariado,O item vazou durante a entrega e não dava para consumir.,0,2083,1,2,0,,respondida,negada_ou_retirada,negada,0.00,0
CON02363,PED030242,2025-04-28,CLI00769,LOJ0121,6,116.35,nao_entregue,O pedido não chegou no endereço informado.,1,1083,0,4,0,,sem_resposta,revisao_manual,aprovada,"R$ 81,69",0
CON02364,PED038229,2025-04-18,CLI08811,LOJ0027,2,70.10,item_faltante,"O pedido chegou incompleto, faltou parte da compra.",1,2386,0,1,0,,respondida,autoaprovada,aprovada,"44,48",0
CON02365,PED038485,02/04/2025,CLI01272,LOJ0273,2,86.64,qualidade,A qualidade não correspondeu ao que foi anunciado.,1,687,0,1,0,,respondida,autoaprovada,aprovada,55.76,0
CON02366,PED030532,2025-04-07,CLI17268,LOJ0414,4,"R$ 77,73",item_faltante,Não recebi todos os itens que estavam na nota.,0,82,0,4,1,,respondida,negada_ou_retirada,retirada,0.00,0
CON02367,PED037007,2025-04-08,CLI05015,LOJ0344,2,"109,78",item_faltante,Faltou um item do pedido e a loja não respondeu.,0,696,0,2,0,,respondida,autoaprovada,aprovada,62.66,0
CON02368,PED029657,2025-04-12,CLI11631,LOJ0345,4,107.96,nao_entregue,O pedido não chegou no endereço informado.,1,807,4,3,0,,respondida,autoaprovada,aprovada,80.53,0
CON02369,PED033297,2025-04-09,CLI09375,LOJ0085,7,81.75,nao_entregue,O pedido não chegou no endereço informado.,1,385,1,1,0,,sem resposta,autoaprovada,aprovada,61.55,1
CON02370,PED029291,2025-04-22,CLI10383,LOJ0295,2,185.60,PEDIDO INCORRETO,Recebi produtos diferentes do que selecionei.,0,318,0,1,0,,sem_resposta,autoaprovada,aprovada,29.63,0
CON02371,PED037089,13/04/2025,CLI05953,LOJ0315,4,101.20,item_faltante,Não recebi todos os itens que estavam na nota.,0,2271,2,3,0,,SEM RESPOSTA,autoaprovada,aprovada,"97,13",0
CON02372,PED032219,2025-04-29,CLI11152,LOJ0381,2,89.28,qualidade,A qualidade não correspondeu ao que foi anunciado.,0,2094,0,1,0,,sem resposta,autoaprovada,aprovada,33.95,0
CON02373,PED031604,2025-04-16,CLI16089,LOJ0249,6,103.50,qualidade,A qualidade não correspondeu ao que foi anunciado.,1,735,1,2,1,,respondida,autoaprovada,aprovada,69.58,0
CON02374,PED031815,2025-04-14,CLI05351,LOJ0123,6,"84,18",item_faltante,Faltou um item do pedido e a loja não respondeu.,1,1076,1,3,0,,SEM RESPOSTA,autoaprovada,aprovada,"R$ 30,57",0
CON02375,PED029606,2025-04-02,CLI01281,LOJ0181,4,91.34,pedido_incorreto,Entregaram outro item no lugar do que comprei.,1,1648,0,3,0,,sem_resposta,autoaprovada,aprovada,55.49,1
CON02376,PED036462,2025-04-14,CLI04793,LOJ0043,5,248.27,qualidade,A qualidade não correspondeu ao que foi anunciado.,1,111,0,2,0,,respondida,negada_ou_retirada,negada,0.00,0
CON02377,PED033349,22/04/2025,CLI12779,LOJ0337,6,"R$ 46,69",item_faltante,Não recebi todos os itens que estavam na nota.,1,1629,1,6,0,,respondida,negada_ou_retirada,negada,0.00,0
CON02378,PED029468,2025-04-13,CLI10944,LOJ0377,2,188.54,item_faltante,Faltou um item do pedido e a loja não respondeu.,0,313,1,1,1,,sem resposta,autoaprovada,aprovada,"158,70",1
CON02379,PED037239,2025-04-17,CLI11385,LOJ0423,4,70.03,item_faltante,Faltou um item do pedido e a loja não respondeu.,1,1560,0,4,0,,sem_resposta,autoaprovada,aprovada,46.01,0
CON02380,PED031540,2025-04-01,CLI12534,LOJ0438,6,94.52,pedido_incorreto,Entregaram outro item no lugar do que comprei.,1,1365,2,5,1,,respondida,negada_ou_retirada,retirada,0.00,0
CON02381,PED033827,2025-04-10,CLI01680,LOJ0129,2,"181,94",item_faltante,"O pedido chegou incompleto, faltou parte da compra.",0,89,2,1,0,,respondida,autoaprovada,aprovada,154.50,0
CON02382,PED039186,2025-04-13,CLI07675,LOJ0129,3,91.93,item_faltante,Não recebi todos os itens que estavam na nota.,1,2100,0,3,0,,SEM RESPOSTA,negada_ou_retirada,negada,0.00,0
CON02383,PED032885,09/04/2025,CLI03391,LOJ0320,3,80.50,pedido_incorreto,O pedido veio errado e preciso corrigir a cobrança.,0,1254,0,2,0,GRP123,sem resposta,autoaprovada,aprovada,53.42,1
CON02384,PED032714,2025-04-28,CLI14561,LOJ0051,7,223.84,produto_avariado,O produto chegou danificado dentro da sacola.,1,2358,0,1,0,GRP113,SEM RESPOSTA,revisao_manual,aprovada,97.67,0
CON02385,PED037077,2025-04-26,CLI11977,LOJ0039,4,117.42,qualidade,A qualidade não correspondeu ao que foi anunciado.,1,2159,0,4,0,,sem_resposta,autoaprovada,aprovada,"R$ 88,27",0
CON02386,PED035421,2025-04-26,CLI09138,LOJ0191,4,111.71,item_faltante,"O pedido chegou incompleto, faltou parte da compra.",1,287,2,1,0,,respondida,autoaprovada,aprovada,94.48,0
CON02387,PED030857,2025-04-25,CLI05126,LOJ0397,4,76.54,item_faltante,Não recebi todos os itens que estavam na nota.,1,355,0,3,0,GRP117,sem resposta,autoaprovada,aprovada,59.85,0
CON02388,PED036445,2025-04-13,CLI11434,LOJ0218,7,"R$ 126,68",qualidade,A comida chegou fria e com qualidade abaixo do esperado.,1,2396,4,7,0,,respondida,autoaprovada,aprovada,90.24,1
CON02389,PED035373,19/04/2025,CLI15914,LOJ0106,2,101.29,qualidade,A comida chegou fria e com qualidade abaixo do esperado.,1,1978,2,2,0,,sem_resposta,autoaprovada,aprovada,62.01,1
CON02390,PED034215,2025-04-15,CLI02252,LOJ0105,6,172.10,pedido_incorreto,Recebi produtos diferentes do que selecionei.,1,298,0,3,0,,SEM RESPOSTA,autoaprovada,aprovada,135.94,0
CON02391,PED036709,2025-04-18,CLI03440,LOJ0295,7,132.06,item_faltante,Não recebi todos os itens que estavam na nota.,1,228,2,4,0,,sem resposta,autoaprovada,aprovada,111.21,0
CON02392,PED032551,2025-04-13,CLI12698,LOJ0260,3,90.91,pedido_incorreto,O pedido veio errado e preciso corrigir a cobrança.,1,994,0,1,0,,SEM RESPOSTA,autoaprovada,aprovada,"39,49",1
CON02393,PED032465,2025-04-05,CLI17903,LOJ0244,5,122.90,PEDIDO INCORRETO,O pedido veio errado e preciso corrigir a cobrança.,0,1705,6,2,0,,respondida,autoaprovada,aprovada,93.52,0
CON02394,PED032955,2025-04-26,CLI00926,LOJ0273,2,98.09,pedido_incorreto,O pedido veio errado e preciso corrigir a cobrança.,1,1269,2,1,0,,respondida,negada_ou_retirada,negada,0.00,0
CON02395,PED029870,20/04/2025,CLI04339,LOJ0285,7,"94,47",pedido_incorreto,Recebi produtos diferentes do que selecionei.,0,2252,1,3,0,,respondida,autoaprovada,aprovada,52.32,0
CON02396,PED030251,2025-04-19,CLI03336,LOJ0137,3,58.06,item_faltante,Não recebi todos os itens que estavam na nota.,1,1123,1,2,0,,sem_resposta,negada_ou_retirada,negada,"R$ 0,00",0
CON02397,PED033287,2025-04-11,CLI10512,LOJ0280,4,103.67,item_faltante,Faltou um item do pedido e a loja não respondeu.,0,125,0,3,0,,sem resposta,revisao_manual,negada,0.00,0
CON02398,PED037996,2025-04-08,CLI09482,LOJ0043,7,94.53,nao_entregue,O pedido não chegou no endereço informado.,1,338,0,4,0,,respondida,autoaprovada,aprovada,25.52,0
CON02399,PED034178,2025-04-14,CLI12309,LOJ0371,2,"R$ 75,82",pedido_incorreto,Entregaram outro item no lugar do que comprei.,1,1591,0,1,0,,respondida,revisao_manual,aprovada,"42,24",0
CON02400,PED037504,2025-04-10,CLI14061,LOJ0332,6,123.52,produto_avariado,A embalagem chegou aberta e o produto estava avariado.,1,1797,0,2,0,,sem_resposta,autoaprovada,aprovada,111.26,0
CON02401,PED038856,26/04/2025,CLI14168,LOJ0167,5,88.11,pedido_incorreto,O pedido veio errado e preciso corrigir a cobrança.,1,2061,1,2,0,,respondida,revisao_manual,aprovada,54.42,1
CON02402,PED037144,2025-04-18,CLI03928,LOJ0375,2,"89,41",pedido_incorreto,O pedido veio errado e preciso corrigir a cobrança.,1,173,0,1,1,,respondida,autoaprovada,aprovada,72.42,0
CON02403,PED033605,2025-04-06,CLI15416,LOJ0366,5,137.85,item_faltante,Não recebi todos os itens que estavam na nota.,1,2185,0,5,0,GRP104,respondida,autoaprovada,aprovada,75.29,1
CON02404,PED029516,2025-04-29,CLI12854,LOJ0320,7,60.57,item_faltante,"O pedido chegou incompleto, faltou parte da compra.",1,1617,2,2,0,,respondida,negada_ou_retirada,retirada,0.00,0
CON02405,PED038315,2025-04-15,CLI08327,LOJ0101,5,100.52,pedido_incorreto,Entregaram outro item no lugar do que comprei.,0,2045,1,1,0,GRP123,SEM RESPOSTA,revisao_manual,aprovada,71.80,0
CON02406,PED033466,2025-04-19,CLI05335,LOJ0435,2,115.81,item_faltante,Faltou um item do pedido e a loja não respondeu.,0,384,1,2,0,,sem resposta,autoaprovada,aprovada,"32,35",0
CON02407,PED034390,20/04/2025,CLI04396,LOJ0437,6,87.81,item_faltante,,0,847,0,4,0,,respondida,revisao_manual,aprovada,"R$ 57,83",0
CON02408,PED034410,2025-04-05,CLI04207,LOJ0390,5,156.81,item_faltante,Faltou um item do pedido e a loja não respondeu.,1,160,2,3,0,,respondida,autoaprovada,aprovada,125.36,1
CON02409,PED029919,2025-04-16,CLI07973,LOJ0002,5,"90,05",item_faltante,Não recebi todos os itens que estavam na nota.,1,1908,0,2,0,,SEM RESPOSTA,autoaprovada,aprovada,32.38,0
CON02410,PED033430,2025-04-27,CLI02524,LOJ0433,2,"R$ 164,37",qualidade,A comida chegou fria e com qualidade abaixo do esperado.,1,1620,2,1,0,,sem_resposta,autoaprovada,aprovada,135.83,0
CON02411,PED038941,2025-04-30,CLI17917,LOJ0024,5,114.86,pedido_incorreto,Recebi produtos diferentes do que selecionei.,1,697,1,5,0,,respondida,revisao_manual,aprovada,80.81,1
CON02412,PED036425,2025-04-26,CLI12728,LOJ0285,5,104.74,item_faltante,Não recebi todos os itens que estavam na nota.,0,167,1,5,1,,sem resposta,autoaprovada,aprovada,91.62,1
CON02413,PED039003,18/04/2025,CLI03614,LOJ0180,5,104.39,qualidade,A comida chegou fria e com qualidade abaixo do esperado.,1,730,2,1,1,,sem_resposta,autoaprovada,aprovada,"53,00",1
CON02414,PED030584,2025-04-16,CLI13628,LOJ0137,2,113.62,pedido_incorreto,O pedido veio errado e preciso corrigir a cobrança.,1,813,1,2,0,,SEM RESPOSTA,autoaprovada,aprovada,86.13,0
CON02415,PED034634,2025-04-29,CLI08405,LOJ0299,3,90.01,pedido_incorreto,Entregaram outro item no lugar do que comprei.,1,327,2,1,0,GRP005,respondida,negada_ou_retirada,negada,0.00,0
CON02416,PED031013,2025-04-23,CLI08017,LOJ0153,3,"88,07",ITEM FALTANTE,"O pedido chegou incompleto, faltou parte da compra.",1,773,1,1,0,GRP037,sem resposta,autoaprovada,aprovada,42.59,0
CON02417,PED038435,2025-04-24,CLI05671,LOJ0449,6,61.28,item_faltante,Faltou um item do pedido e a loja não respondeu.,1,222,0,6,0,,respondida,autoaprovada,aprovada,27.45,0
CON02418,PED036010,2025-04-11,CLI01587,LOJ0010,2,218.86,pedido_incorreto,Entregaram outro item no lugar do que comprei.,1,1574,0,1,0,,respondida,autoaprovada,aprovada,"R$ 196,56",0
CON02419,PED033145,25/04/2025,CLI17329,LOJ0007,3,60.53,pedido_incorreto,O pedido veio errado e preciso corrigir a cobrança.,0,1921,2,2,0,,SEM RESPOSTA,negada_ou_retirada,retirada,0.00,0
CON02420,PED034359,2025-04-18,CLI00749,LOJ0405,2,98.58,pedido_incorreto,Entregaram outro item no lugar do que comprei.,0,1380,0,1,0,,sem_resposta,revisao_manual,negada,"0,00",0
CON02421,PED032723,2025-04-21,CLI07438,LOJ0148,2,"R$ 223,32",nao_entregue,"O aplicativo marcou como entregue, mas não recebi o pedido.",1,1826,0,1,0,,respondida,autoaprovada,aprovada,193.87,0
CON02422,PED033450,2025-04-20,CLI14771,LOJ0311,3,119.02,item_faltante,Faltou um item do pedido e a loja não respondeu.,1,2194,0,1,0,,respondida,autoaprovada,aprovada,98.73,0
CON02423,PED037217,2025-04-25,CLI12562,LOJ0299,2,"62,41",qualidade,O produto estava com aparência ruim quando chegou.,1,355,1,1,0,,sem resposta,revisao_manual,negada,0.00,0
CON02424,PED031767,2025-04-23,CLI13977,LOJ0240,2,77.69,pedido_incorreto,Recebi produtos diferentes do que selecionei.,1,1517,0,2,0,,respondida,autoaprovada,aprovada,67.75,1
CON02425,PED037459,09/04/2025,CLI03840,LOJ0022,6,108.18,pedido_incorreto,O pedido veio errado e preciso corrigir a cobrança.,0,1111,0,4,0,,sem_resposta,autoaprovada,aprovada,99.19,0
CON02426,PED029930,2025-04-09,CLI02444,LOJ0287,2,88.10,qualidade,A qualidade não correspondeu ao que foi anunciado.,1,655,0,1,0,,respondida,autoaprovada,aprovada,56.16,0
CON02427,PED032398,2025-04-02,CLI01344,LOJ0107,7,135.93,nao_entregue,"O aplicativo marcou como entregue, mas não recebi o pedido.",0,556,2,6,0,,respondida,revisao_manual,aprovada,"100,91",0
CON02428,PED035882,2025-04-23,CLI06793,LOJ0272,2,88.97,item_faltante,"O pedido chegou incompleto, faltou parte da compra.",1,475,0,1,0,,SEM RESPOSTA,autoaprovada,aprovada,28.75,0
CON02429,PED037333,2025-04-30,CLI08391,LOJ0073,6,89.69,produto_avariado,O produto chegou danificado dentro da sacola.,1,2046,2,4,0,,respondida,autoaprovada,aprovada,"R$ 78,90",0
CON02430,PED033148,2025-04-22,CLI08513,LOJ0380,7,"106,69",produto_avariado,O produto chegou danificado dentro da sacola.,1,1401,0,6,0,,sem resposta,autoaprovada,aprovada,72.84,0
CON02431,PED030256,07/04/2025,CLI00409,LOJ0213,7,135.53,item_faltante,"O pedido chegou incompleto, faltou parte da compra.",1,900,3,3,0,GRP026,SEM RESPOSTA,autoaprovada,aprovada,129.24,1
CON02432,PED036041,2025-04-17,CLI05704,LOJ0384,5,"R$ 89,76",pedido_incorreto,O pedido veio errado e preciso corrigir a cobrança.,1,919,1,2,0,,sem_resposta,autoaprovada,aprovada,40.80,0
CON02433,PED037013,2025-04-03,CLI01705,LOJ0218,6,109.59,item_faltante,"O pedido chegou incompleto, faltou parte da compra.",0,2285,2,6,0,,respondida,autoaprovada,aprovada,91.72,1
CON02434,PED033969,2025-04-24,CLI02878,LOJ0205,2,164.58,produto_avariado,O produto chegou danificado dentro da sacola.,1,1606,2,1,0,,respondida,revisao_manual,aprovada,"54,66",0
CON02435,PED034977,2025-04-21,CLI10195,LOJ0051,2,125.93,pedido_incorreto,O pedido veio errado e preciso corrigir a cobrança.,1,1442,0,2,0,,respondida,autoaprovada,aprovada,94.31,0
CON02436,PED030751,2025-04-30,CLI13189,LOJ0131,2,66.29,item_faltante,"O pedido chegou incompleto, faltou parte da compra.",0,2225,0,1,0,,respondida,negada_ou_retirada,negada,0.00,0
CON02437,PED030556,07/04/2025,CLI14425,LOJ0399,2,"74,12",qualidade,O produto estava com aparência ruim quando chegou.,1,2028,1,1,0,,sem resposta,revisao_manual,aprovada,69.11,0
CON02438,PED038819,2025-04-12,CLI02544,LOJ0057,5,120.93,qualidade,A comida chegou fria e com qualidade abaixo do esperado.,1,1220,1,4,0,GRP095,respondida,autoaprovada,aprovada,95.08,1
CON02439,PED037586,2025-04-04,CLI05655,LOJ0028,2,137.97,PRODUTO AVARIADO,A embalagem chegou aberta e o produto estava avariado.,1,1616,0,2,0,,sem_resposta,autoaprovada,aprovada,123.79,0
CON02440,PED030547,2025-04-24,CLI06816,LOJ0105,5,115.75,item_faltante,"O pedido chegou incompleto, faltou parte da compra.",0,626,0,3,0,,SEM RESPOSTA,autoaprovada,aprovada,"R$ 73,06",0
CON02441,PED036194,2025-04-14,CLI09277,LOJ0229,5,73.09,pedido_incorreto,Recebi produtos diferentes do que selecionei.,1,245,1,1,0,,respondida,autoaprovada,aprovada,"44,16",0
CON02442,PED031975,2025-04-23,CLI16640,LOJ0212,7,132.80,nao_entregue,O pedido não chegou no endereço informado.,1,2115,5,6,0,,respondida,autoaprovada,aprovada,102.83,0
CON02443,PED037791,13/04/2025,CLI10687,LOJ0282,3,"R$ 85,06",item_faltante,Não recebi todos os itens que estavam na nota.,1,1263,0,1,0,,sem resposta,revisao_manual,negada,0.00,0
CON02444,PED030821,2025-04-03,CLI03975,LOJ0174,3,"83,01",item_faltante,"O pedido chegou incompleto, faltou parte da compra.",1,2037,2,1,0,,respondida,revisao_manual,aprovada,47.30,0
CON02445,PED029281,2025-04-05,CLI12521,LOJ0010,7,99.60,item_faltante,Não recebi todos os itens que estavam na nota.,1,1531,0,4,0,,SEM RESPOSTA,autoaprovada,aprovada,79.54,0
CON02446,PED035448,2025-04-22,CLI12922,LOJ0279,2,158.08,item_faltante,Não recebi todos os itens que estavam na nota.,1,1923,0,1,0,,sem_resposta,autoaprovada,aprovada,150.16,0
CON02447,PED037147,2025-04-26,CLI14867,LOJ0291,4,113.68,item_faltante,Não recebi todos os itens que estavam na nota.,1,2315,2,1,0,,sem resposta,negada_ou_retirada,negada,0.00,0
CON02448,PED032188,2025-04-21,CLI15169,LOJ0398,4,82.01,pedido_incorreto,Recebi produtos diferentes do que selecionei.,1,222,1,1,0,,respondida,autoaprovada,aprovada,"52,01",0
CON02449,PED034079,07/04/2025,CLI07200,LOJ0304,6,138.56,pedido_incorreto,Recebi produtos diferentes do que selecionei.,0,779,0,3,0,,sem_resposta,autoaprovada,aprovada,121.30,0
CON02450,PED033724,2025-04-30,CLI01354,LOJ0268,6,72.02,produto_avariado,O item vazou durante a entrega e não dava para consumir.,0,1744,1,5,0,,respondida,autoaprovada,aprovada,38.99,0
CON02451,PED039045,2025-04-09,CLI17581,LOJ0329,7,"125,84",item_faltante,Não recebi todos os itens que estavam na nota.,1,2095,1,6,0,GRP099,SEM RESPOSTA,negada_ou_retirada,retirada,"R$ 0,00",0
CON02452,PED030338,2025-04-21,CLI17131,LOJ0013,3,149.28,pedido_incorreto,O pedido veio errado e preciso corrigir a cobrança.,1,653,1,1,0,,respondida,autoaprovada,aprovada,55.99,0
CON02453,PED035026,2025-04-01,CLI13210,LOJ0216,2,83.02,nao_entregue,O pedido não chegou no endereço informado.,0,1742,0,1,0,,respondida,autoaprovada,aprovada,66.18,1
CON02454,PED030483,2025-04-21,CLI04384,LOJ0415,3,"R$ 106,92",item_faltante,Não recebi todos os itens que estavam na nota.,1,1838,1,3,0,,sem resposta,autoaprovada,aprovada,75.61,0
CON02455,PED031063,07/04/2025,CLI08085,LOJ0021,3,74.42,item_faltante,Não recebi todos os itens que estavam na nota.,1,881,1,1,0,,SEM RESPOSTA,autoaprovada,aprovada,"36,54",1
CON02456,PED037379,2025-04-30,CLI10161,LOJ0032,4,123.33,pedido_incorreto,Entregaram outro item no lugar do que comprei.,1,1516,0,4,0,,sem_resposta,autoaprovada,aprovada,113.35,1
CON02457,PED031883,2025-04-05,CLI08204,LOJ0291,7,70.83,produto_avariado,O produto chegou danificado dentro da sacola.,1,493,2,4,0,,sem resposta,autoaprovada,aprovada,17.11,0
CON02458,PED033596,2025-04-30,CLI00783,LOJ0431,3,"95,04",pedido_incorreto,Recebi produtos diferentes do que selecionei.,1,1227,1,3,0,,respondida,autoaprovada,aprovada,77.28,0
CON02459,PED037533,2025-04-10,CLI00713,LOJ0181,7,99.41,produto_avariado,A embalagem chegou aberta e o produto estava avariado.,1,1227,1,2,0,,sem_resposta,autoaprovada,aprovada,79.74,0
CON02460,PED035912,2025-04-07,CLI10162,LOJ0095,3,130.94,pedido_incorreto,Recebi produtos diferentes do que selecionei.,0,78,0,2,0,,respondida,revisao_manual,aprovada,42.18,0
CON02461,PED029146,15/04/2025,CLI05939,LOJ0052,2,101.58,pedido_incorreto,O pedido veio errado e preciso corrigir a cobrança.,1,58,1,1,0,,respondida,autoaprovada,aprovada,68.22,0
CON02462,PED034704,2025-04-29,CLI09590,LOJ0384,7,153.75,QUALIDADE,A qualidade não correspondeu ao que foi anunciado.,1,65,2,7,0,,SEM RESPOSTA,autoaprovada,aprovada,"R$ 88,91",1
CON02463,PED038711,2025-04-24,CLI03499,LOJ0395,3,92.16,nao_entregue,O pedido não chegou no endereço informado.,1,1097,0,1,0,,respondida,autoaprovada,aprovada,68.59,0
CON02464,PED029445,2025-04-18,CLI17901,LOJ0331,2,63.84,qualidade,O produto estava com aparência ruim quando chegou.,1,792,0,1,0,GRP067,respondida,negada_ou_retirada,negada,0.00,0
CON02465,PED029544,2025-04-14,CLI13836,LOJ0264,5,"R$ 152,72",pedido_incorreto,Entregaram outro item no lugar do que comprei.,1,567,0,4,0,,respondida,autoaprovada,aprovada,131.90,0
CON02466,PED029223,2025-04-17,CLI00540,LOJ0151,7,191.09,item_faltante,"O pedido chegou incompleto, faltou parte da compra.",1,1068,1,5,0,,respondida,autoaprovada,aprovada,158.01,0
CON02467,PED035914,17/04/2025,CLI16987,LOJ0173,5,140.47,pedido_incorreto,O pedido veio errado e preciso corrigir a cobrança.,1,1034,1,3,0,,sem resposta,autoaprovada,aprovada,108.92,0
CON02468,PED036250,2025-04-12,CLI06553,LOJ0376,2,40.34,nao_entregue,"Consta entrega concluída, porém nada foi recebido.",1,1926,0,1,0,GRP049,respondida,revisao_manual,negada,0.00,0
CON02469,PED029323,2025-04-02,CLI06959,LOJ0002,2,171.55,item_faltante,Não recebi todos os itens que estavam na nota.,1,2079,0,1,0,,respondida,autoaprovada,aprovada,"148,97",0
CON02470,PED036367,2025-04-05,CLI12761,LOJ0039,5,129.05,pedido_incorreto,O pedido veio errado e preciso corrigir a cobrança.,1,918,1,5,0,,respondida,autoaprovada,aprovada,97.60,1
CON02471,PED035329,2025-04-11,CLI10819,LOJ0374,3,115.67,produto_avariado,O item vazou durante a entrega e não dava para consumir.,1,2297,2,3,0,,respondida,autoaprovada,aprovada,91.92,0
CON02472,PED030413,2025-04-26,CLI03418,LOJ0035,2,"71,20",item_faltante,"O pedido chegou incompleto, faltou parte da compra.",0,135,0,1,0,,respondida,autoaprovada,aprovada,39.73,1
CON02473,PED034277,17/04/2025,CLI04143,LOJ0205,7,86.35,item_faltante,"O pedido chegou incompleto, faltou parte da compra.",0,1027,2,2,0,,respondida,autoaprovada,aprovada,"R$ 52,03",0
CON02474,PED034976,2025-04-28,CLI12421,LOJ0057,4,59.66,produto_avariado,O item vazou durante a entrega e não dava para consumir.,0,1484,1,1,0,,SEM RESPOSTA,negada_ou_retirada,retirada,0.00,0
CON02475,PED034641,2025-04-03,CLI12600,LOJ0336,7,75.87,pedido_incorreto,Recebi produtos diferentes do que selecionei.,1,2069,1,2,0,,respondida,autoaprovada,aprovada,51.70,0
CON02476,PED031057,2025-04-26,CLI14942,LOJ0448,2,"R$ 193,19",pedido_incorreto,Entregaram outro item no lugar do que comprei.,0,469,3,1,0,,respondida,autoaprovada,aprovada,"161,91",1
CON02477,PED031607,2025-04-04,CLI08913,LOJ0407,3,71.22,produto_avariado,O item vazou durante a entrega e não dava para consumir.,1,1553,1,2,0,,respondida,negada_ou_retirada,retirada,0.00,0
CON02478,PED036355,2025-04-26,CLI04231,LOJ0145,5,86.41,pedido_incorreto,Entregaram outro item no lugar do que comprei.,1,2360,0,3,0,,sem_resposta,autoaprovada,aprovada,76.05,0
CON02479,PED032300,30/04/2025,CLI06657,LOJ0368,6,"80,64",item_faltante,"O pedido chegou incompleto, faltou parte da compra.",1,1615,1,5,0,,sem resposta,autoaprovada,aprovada,53.45,0
CON02480,PED031757,2025-04-30,CLI17582,LOJ0022,4,131.67,item_faltante,Faltou um item do pedido e a loja não respondeu.,1,339,1,3,0,,respondida,autoaprovada,aprovada,102.94,0
CON02481,PED030480,2025-04-28,CLI02825,LOJ0142,2,163.69,item_faltante,"O pedido chegou incompleto, faltou parte da compra.",1,1991,0,1,0,,respondida,revisao_manual,aprovada,155.25,0
CON02482,PED037979,2025-04-14,CLI03205,LOJ0347,7,81.35,qualidade,O produto estava com aparência ruim quando chegou.,1,1019,0,1,1,,sem_resposta,revisao_manual,aprovada,50.30,0
CON02483,PED029603,2025-04-03,CLI03251,LOJ0078,5,144.72,pedido_incorreto,Recebi produtos diferentes do que selecionei.,0,741,0,1,0,,respondida,autoaprovada,aprovada,"107,13",0
CON02484,PED029186,2025-04-20,CLI00741,LOJ0310,7,70.22,pedido_incorreto,Recebi produtos diferentes do que selecionei.,1,2397,1,6,0,,respondida,autoaprovada,aprovada,"R$ 63,07",0
CON02485,PED035706,11/04/2025,CLI14880,LOJ0332,7,115.76,ITEM FALTANTE,Faltou um item do pedido e a loja não respondeu.,1,2081,2,7,1,,SEM RESPOSTA,autoaprovada,aprovada,104.86,0
CON02486,PED031449,2025-04-20,CLI15517,LOJ0191,7,"82,47",nao_entregue,"O aplicativo marcou como entregue, mas não recebi o pedido.",0,1638,0,4,0,,respondida,autoaprovada,aprovada,49.38,0
CON02487,PED032862,2025-04-10,CLI09637,LOJ0096,3,"R$ 128,12",pedido_incorreto,Recebi produtos diferentes do que selecionei.,1,1593,2,1,0,,respondida,autoaprovada,aprovada,119.54,0
CON02488,PED035795,2025-04-29,CLI04313,LOJ0158,2,118.55,nao_entregue,"O aplicativo marcou como entregue, mas não recebi o pedido.",1,227,2,1,0,,respondida,revisao_manual,aprovada,104.53,0
CON02489,PED039222,2025-04-18,CLI17712,LOJ0214,2,83.08,pedido_incorreto,Entregaram outro item no lugar do que comprei.,1,1033,1,1,0,,sem resposta,autoaprovada,aprovada,63.06,0
CON02490,PED034757,2025-04-14,CLI13059,LOJ0320,2,95.32,item_faltante,Não recebi todos os itens que estavam na nota.,1,345,5,1,0,,SEM RESPOSTA,autoaprovada,aprovada,"65,75",0
CON02491,PED031688,04/04/2025,CLI01589,LOJ0436,4,75.13,pedido_incorreto,Entregaram outro item no lugar do que comprei.,1,873,0,3,0,,sem_resposta,autoaprovada,aprovada,65.74,1
CON02492,PED038389,2025-04-17,CLI04404,LOJ0371,2,41.75,item_faltante,Faltou um item do pedido e a loja não respondeu.,0,90,0,1,0,,respondida,negada_ou_retirada,negada,0.00,0
CON02493,PED031718,2025-04-10,CLI01092,LOJ0341,2,"121,88",nao_entregue,"Consta entrega concluída, porém nada foi recebido.",0,2205,0,1,0,,respondida,autoaprovada,aprovada,90.31,0
CON02494,PED035225,2025-04-14,CLI05026,LOJ0292,4,103.67,item_faltante,Faltou um item do pedido e a loja não respondeu.,1,393,0,3,0,,respondida,autoaprovada,aprovada,66.34,1
CON02495,PED033509,2025-04-10,CLI09259,LOJ0382,6,104.33,qualidade,A comida chegou fria e com qualidade abaixo do esperado.,0,1128,0,1,0,,sem resposta,revisao_manual,negada,"R$ 0,00",0
CON02496,PED029877,2025-04-24,CLI14971,LOJ0096,7,77.94,pedido_incorreto,Recebi produtos diferentes do que selecionei.,1,1130,0,2,0,,respondida,autoaprovada,aprovada,55.82,0
CON02497,PED037752,28/04/2025,CLI02058,LOJ0324,5,100.27,pedido_incorreto,Entregaram outro item no lugar do que comprei.,0,2387,4,5,0,,sem_resposta,autoaprovada,aprovada,"80,23",1
CON02498,PED030399,2025-04-05,CLI03796,LOJ0143,4,"R$ 81,40",nao_entregue,"Consta entrega concluída, porém nada foi recebido.",0,1528,0,1,0,,SEM RESPOSTA,autoaprovada,aprovada,62.36,0
CON02499,PED034346,2025-04-25,CLI12412,LOJ0179,2,149.67,pedido_incorreto,Recebi produtos diferentes do que selecionei.,1,629,0,1,0,,respondida,autoaprovada,aprovada,64.62,0
CON02500,PED032774,2025-04-25,CLI02347,LOJ0151,2,"76,45",pedido_incorreto,Recebi produtos diferentes do que selecionei.,1,589,0,1,0,,sem resposta,autoaprovada,aprovada,69.78,1
CON02501,PED030963,2025-04-02,CLI10597,LOJ0387,4,49.77,nao_entregue,"Consta entrega concluída, porém nada foi recebido.",1,1959,1,3,0,,SEM RESPOSTA,revisao_manual,aprovada,38.42,0
CON02502,PED034483,2025-04-03,CLI08095,LOJ0361,4,81.62,item_faltante,"O pedido chegou incompleto, faltou parte da compra.",1,1789,0,1,0,,sem_resposta,autoaprovada,aprovada,58.17,0
CON02503,PED036699,09/04/2025,CLI05328,LOJ0393,4,116.60,produto_avariado,O item vazou durante a entrega e não dava para consumir.,1,1832,5,2,0,,respondida,autoaprovada,aprovada,97.25,0
CON02504,PED037588,2025-04-13,CLI16848,LOJ0278,5,55.29,nao_entregue,"Consta entrega concluída, porém nada foi recebido.",0,1810,5,4,0,,sem resposta,revisao_manual,aprovada,"32,00",0
CON02505,PED034905,2025-04-11,CLI01762,LOJ0352,7,110.85,qualidade,O produto estava com aparência ruim quando chegou.,1,499,2,7,0,,respondida,autoaprovada,aprovada,99.39,0
CON02506,PED032298,2025-04-04,CLI01943,LOJ0100,2,79.44,pedido_incorreto,Entregaram outro item no lugar do que comprei.,0,1095,2,1,0,,respondida,revisao_manual,aprovada,"R$ 65,11",0
CON02507,PED034385,2025-04-18,CLI03636,LOJ0171,5,"77,64",item_faltante,"O pedido chegou incompleto, faltou parte da compra.",0,1545,0,1,0,GRP016,respondida,autoaprovada,aprovada,21.94,0
CON02508,PED035942,2025-04-14,CLI14961,LOJ0394,2,79.40,QUALIDADE,A comida chegou fria e com qualidade abaixo do esperado.,1,1353,1,1,0,,sem_resposta,negada_ou_retirada,negada,0.00,0
CON02509,PED035603,26/04/2025,CLI15086,LOJ0368,3,"R$ 117,69",produto_avariado,O produto chegou danificado dentro da sacola.,1,823,0,1,1,GRP078,respondida,autoaprovada,aprovada,85.06,1
CON02510,PED034477,2025-04-25,CLI12237,LOJ0210,2,74.51,item_faltante,Faltou um item do pedido e a loja não respondeu.,1,1827,0,1,0,,respondida,autoaprovada,aprovada,40.75,0
CON02511,PED039423,2025-04-26,CLI17898,LOJ0035,7,110.43,item_faltante,Faltou um item do pedido e a loja não respondeu.,0,649,0,1,0,GRP092,SEM RESPOSTA,autoaprovada,aprovada,"85,11",0
CON02512,PED037477,2025-04-22,CLI09306,LOJ0378,6,63.30,item_faltante,"O pedido chegou incompleto, faltou parte da compra.",1,1837,0,3,0,GRP006,sem resposta,negada_ou_retirada,negada,0.00,0
CON02513,PED039179,2025-04-02,CLI10385,LOJ0117,5,82.33,item_faltante,Não recebi todos os itens que estavam na nota.,0,635,2,2,0,,SEM RESPOSTA,autoaprovada,aprovada,39.29,0
CON02514,PED032652,2025-04-30,CLI13479,LOJ0067,4,"95,91",item_faltante,"O pedido chegou incompleto, faltou parte da compra.",1,2316,1,3,0,,respondida,autoaprovada,aprovada,87.55,0
CON02515,PED036917,13/04/2025,CLI13092,LOJ0390,3,122.47,qualidade,A comida chegou fria e com qualidade abaixo do esperado.,1,293,0,1,0,,respondida,revisao_manual,negada,0.00,0
CON02516,PED037796,2025-04-02,CLI15080,LOJ0101,6,89.80,item_faltante,"O pedido chegou incompleto, faltou parte da compra.",1,708,2,5,1,,respondida,autoaprovada,aprovada,54.63,0
CON02517,PED036360,2025-04-08,CLI12141,LOJ0089,6,122.18,pedido_incorreto,Recebi produtos diferentes do que selecionei.,1,196,1,6,0,,respondida,autoaprovada,aprovada,"R$ 85,08",1
CON02518,PED037386,2025-04-08,CLI13982,LOJ0065,6,100.67,produto_avariado,O item vazou durante a entrega e não dava para consumir.,1,686,2,2,1,,respondida,autoaprovada,aprovada,"76,93",0
CON02519,PED036551,2025-04-13,CLI05696,LOJ0434,7,160.49,qualidade,A qualidade não correspondeu ao que foi anunciado.,1,1212,0,4,0,,sem_resposta,autoaprovada,aprovada,145.40,0
CON02520,PED032999,2025-04-27,CLI15178,LOJ0414,2,"R$ 74,40",nao_entregue,"O aplicativo marcou como entregue, mas não recebi o pedido.",1,1329,1,1,0,,respondida,autoaprovada,aprovada,33.23,0
CON02521,PED034830,14/04/2025,CLI17572,LOJ0423,3,"98,76",item_faltante,"O pedido chegou incompleto, faltou parte da compra.",1,1820,2,1,0,,respondida,autoaprovada,aprovada,76.05,0
CON02522,PED033638,2025-04-14,CLI06100,LOJ0093,2,130.83,qualidade,A qualidade não correspondeu ao que foi anunciado.,1,838,1,1,0,,respondida,autoaprovada,aprovada,101.01,0
CON02523,PED039105,2025-04-22,CLI06558,LOJ0217,3,93.48,produto_avariado,O item vazou durante a entrega e não dava para consumir.,0,1577,0,1,0,,respondida,autoaprovada,aprovada,89.48,0
CON02524,PED033530,2025-04-02,CLI04679,LOJ0316,7,88.65,nao_entregue,"Consta entrega concluída, porém nada foi recebido.",1,217,1,1,0,,respondida,autoaprovada,aprovada,58.52,0
CON02525,PED032204,2025-04-04,CLI10782,LOJ0050,2,136.31,item_faltante,Faltou um item do pedido e a loja não respondeu.,1,265,1,1,0,,respondida,autoaprovada,aprovada,"122,98",1
CON02526,PED032390,2025-04-19,CLI15922,LOJ0135,2,66.02,produto_avariado,O produto chegou danificado dentro da sacola.,1,972,2,1,0,,sem resposta,revisao_manual,negada,0.00,0
CON02527,PED030623,23/04/2025,CLI08399,LOJ0203,7,42.95,produto_avariado,A embalagem chegou aberta e o produto estava avariado.,1,1775,5,4,1,,respondida,negada_ou_retirada,negada,0.00,0
CON02528,PED031612,2025-04-27,CLI04668,LOJ0169,2,"131,45",pedido_incorreto,Entregaram outro item no lugar do que comprei.,0,1792,0,1,0,,sem_resposta,autoaprovada,aprovada,"R$ 96,23",0
CON02529,PED031793,2025-04-05,CLI11599,LOJ0073,6,105.47,produto_avariado,O produto chegou danificado dentro da sacola.,1,1363,0,1,0,,respondida,autoaprovada,aprovada,79.82,0
CON02530,PED037189,2025-04-04,CLI08287,LOJ0380,2,84.41,qualidade,A comida chegou fria e com qualidade abaixo do esperado.,1,1680,1,1,0,GRP122,SEM RESPOSTA,autoaprovada,aprovada,46.65,0
CON02531,PED038496,2025-04-17,CLI08901,LOJ0209,6,"R$ 97,69",QUALIDADE,A comida chegou fria e com qualidade abaixo do esperado.,1,507,0,1,0,,sem resposta,revisao_manual,aprovada,74.52,0
CON02532,PED031199,2025-04-09,CLI03125,LOJ0094,3,100.55,nao_entregue,"O aplicativo marcou como entregue, mas não recebi o pedido.",1,1101,1,3,0,,SEM RESPOSTA,autoaprovada,aprovada,"52,70",0
CON02533,PED031901,21/04/2025,CLI03887,LOJ0160,2,270.35,qualidade,A comida chegou fria e com qualidade abaixo do esperado.,1,1252,5,1,0,,respondida,autoaprovada,aprovada,251.54,0
CON02534,PED038370,2025-04-24,CLI17724,LOJ0164,2,195.75,pedido_incorreto,Recebi produtos diferentes do que selecionei.,1,1471,0,1,0,,sem_resposta,autoaprovada,aprovada,58.46,0
CON02535,PED032567,2025-04-26,CLI02206,LOJ0336,7,"77,32",pedido_incorreto,Recebi produtos diferentes do que selecionei.,1,1146,1,5,0,,respondida,autoaprovada,aprovada,51.20,0
CON02536,PED031189,2025-04-09,CLI13356,LOJ0073,3,86.70,item_faltante,Não recebi todos os itens que estavam na nota.,1,115,1,1,0,,sem resposta,revisao_manual,aprovada,61.81,0
CON02537,PED038290,2025-04-02,CLI13743,LOJ0175,6,78.06,qualidade,O produto estava com aparência ruim quando chegou.,0,538,1,3,0,GRP112,respondida,revisao_manual,negada,0.00,0
CON02538,PED039380,2025-04-27,CLI16145,LOJ0113,3,117.85,nao_entregue,"O aplicativo marcou como entregue, mas não recebi o pedido.",1,501,1,3,0,,respondida,autoaprovada,aprovada,106.59,0
CON02539,PED033743,02/04/2025,CLI06094,LOJ0071,3,117.70,qualidade,O produto estava com aparência ruim quando chegou.,0,223,3,3,0,,sem_resposta,autoaprovada,aprovada,"R$ 90,63",1
CON02540,PED031387,2025-04-27,CLI07626,LOJ0077,7,142.17,qualidade,A comida chegou fria e com qualidade abaixo do esperado.,0,2339,1,5,0,,SEM RESPOSTA,autoaprovada,aprovada,113.20,0
CON02541,PED034209,2025-04-21,CLI02914,LOJ0237,4,90.00,item_faltante,Faltou um item do pedido e a loja não respondeu.,1,1724,2,1,0,,sem resposta,negada_ou_retirada,negada,0.00,0
CON02542,PED033413,2025-04-12,CLI02371,LOJ0037,6,"R$ 32,78",produto_avariado,O item vazou durante a entrega e não dava para consumir.,1,609,1,5,0,,respondida,negada_ou_retirada,negada,0.00,0
CON02543,PED037043,2025-04-21,CLI01132,LOJ0053,7,172.77,qualidade,A comida chegou fria e com qualidade abaixo do esperado.,1,1462,1,3,0,,respondida,autoaprovada,aprovada,142.91,0
CON02544,PED030205,2025-04-15,CLI00170,LOJ0149,2,150.90,nao_entregue,O pedido não chegou no endereço informado.,1,1571,0,1,0,,respondida,autoaprovada,aprovada,126.65,0
CON02545,PED030775,24/04/2025,CLI14966,LOJ0162,2,115.30,item_faltante,Não recebi todos os itens que estavam na nota.,0,1240,0,1,1,,respondida,revisao_manual,aprovada,87.05,0
CON02546,PED031123,2025-04-23,CLI06881,LOJ0153,2,164.93,item_faltante,"O pedido chegou incompleto, faltou parte da compra.",0,1257,0,2,0,,SEM RESPOSTA,autoaprovada,aprovada,"78,36",1
CON02547,PED029278,2025-04-17,CLI17534,LOJ0176,6,83.77,item_faltante,Não recebi todos os itens que estavam na nota.,1,1113,1,2,0,GRP033,respondida,autoaprovada,aprovada,38.44,1
CON02548,PED029878,2025-04-29,CLI10264,LOJ0221,3,122.15,nao_entregue,O pedido não chegou no endereço informado.,1,1076,0,2,0,,sem_resposta,autoaprovada,aprovada,36.32,0
CON02549,PED033902,2025-04-29,CLI16152,LOJ0222,2,"142,81",pedido_incorreto,Recebi produtos diferentes do que selecionei.,1,2252,5,1,0,,respondida,autoaprovada,aprovada,125.59,1
CON02550,PED031865,2025-04-03,CLI13765,LOJ0025,2,169.71,item_faltante,Faltou um item do pedido e a loja não respondeu.,0,2022,0,1,0,,respondida,revisao_manual,aprovada,"R$ 145,39",0
CON02551,PED034816,14/04/2025,CLI02420,LOJ0269,6,110.27,item_faltante,"O pedido chegou incompleto, faltou parte da compra.",1,1611,0,5,0,,respondida,autoaprovada,aprovada,90.99,0
CON02552,PED037929,2025-04-25,CLI15421,LOJ0397,2,138.07,pedido_incorreto,Recebi produtos diferentes do que selecionei.,0,1790,0,2,0,,respondida,autoaprovada,aprovada,131.40,1
CON02553,PED030905,2025-04-24,CLI05233,LOJ0067,3,"R$ 90,34",produto_avariado,O produto chegou danificado dentro da sacola.,0,1263,1,1,0,,respondida,revisao_manual,aprovada,"74,81",0
CON02554,PED035867,2025-04-09,CLI00906,LOJ0109,3,82.47,NAO ENTREGUE,O pedido não chegou no endereço informado.,1,2214,1,1,0,,sem resposta,autoaprovada,aprovada,70.92,0
CON02555,PED034743,2025-04-11,CLI14397,LOJ0371,3,134.83,item_faltante,"O pedido chegou incompleto, faltou parte da compra.",1,337,0,3,0,,respondida,autoaprovada,aprovada,105.66,1
CON02556,PED034082,2025-04-13,CLI08743,LOJ0436,2,"103,05",nao_entregue,"Consta entrega concluída, porém nada foi recebido.",1,2282,1,1,0,,sem_resposta,autoaprovada,aprovada,95.54,0
CON02557,PED035550,15/04/2025,CLI07727,LOJ0134,4,97.56,qualidade,A comida chegou fria e com qualidade abaixo do esperado.,1,1276,1,2,0,,SEM RESPOSTA,autoaprovada,aprovada,83.81,0
CON02558,PED033974,2025-04-02,CLI16492,LOJ0150,5,112.36,pedido_incorreto,O pedido veio errado e preciso corrigir a cobrança.,1,259,0,5,0,,respondida,autoaprovada,aprovada,88.45,0
CON02559,PED039282,2025-04-03,CLI05246,LOJ0140,5,104.97,qualidade,A qualidade não correspondeu ao que foi anunciado.,1,758,0,1,0,,respondida,negada_ou_retirada,negada,0.00,0
CON02560,PED037116,2025-04-20,CLI14236,LOJ0247,4,92.39,qualidade,A qualidade não correspondeu ao que foi anunciado.,1,2061,4,4,0,,sem resposta,negada_ou_retirada,negada,"0,00",0
CON02561,PED031259,2025-04-28,CLI09221,LOJ0246,3,153.15,item_faltante,Faltou um item do pedido e a loja não respondeu.,0,764,1,3,0,,respondida,autoaprovada,aprovada,"R$ 138,33",0
CON02562,PED034318,2025-04-03,CLI09825,LOJ0342,6,75.52,qualidade,A comida chegou fria e com qualidade abaixo do esperado.,1,665,1,4,0,,respondida,autoaprovada,aprovada,51.49,0
CON02563,PED030737,28/04/2025,CLI09132,LOJ0425,6,"102,01",produto_avariado,A embalagem chegou aberta e o produto estava avariado.,1,941,0,5,0,,SEM RESPOSTA,autoaprovada,aprovada,84.45,0
CON02564,PED031703,2025-04-14,CLI01146,LOJ0258,4,"R$ 59,51",item_faltante,Faltou um item do pedido e a loja não respondeu.,0,2176,1,4,0,,respondida,autoaprovada,aprovada,47.99,1
CON02565,PED036975,2025-04-15,CLI03458,LOJ0214,3,103.25,pedido_incorreto,Entregaram outro item no lugar do que comprei.,1,2172,1,2,0,,respondida,negada_ou_retirada,negada,0.00,0
CON02566,PED035779,2025-04-21,CLI14229,LOJ0427,7,90.38,produto_avariado,O produto chegou danificado dentro da sacola.,1,1952,1,5,0,,respondida,autoaprovada,aprovada,50.83,0
CON02567,PED032531,2025-04-03,CLI09891,LOJ0093,3,62.22,qualidade,A comida chegou fria e com qualidade abaixo do esperado.,1,1237,1,2,0,,respondida,revisao_manual,negada,"0,00",0
CON02568,PED029388,2025-04-29,CLI12677,LOJ0077,2,132.97,qualidade,A qualidade não correspondeu ao que foi anunciado.,1,1055,0,2,0,,respondida,revisao_manual,aprovada,121.61,0
CON02569,PED030801,08/04/2025,CLI02299,LOJ0106,5,191.62,qualidade,A comida chegou fria e com qualidade abaixo do esperado.,1,1352,1,2,0,,sem_resposta,autoaprovada,aprovada,84.22,1
CON02570,PED035852,2025-04-11,CLI16348,LOJ0018,7,"99,90",produto_avariado,O item vazou durante a entrega e não dava para consumir.,0,1237,2,7,1,,respondida,autoaprovada,aprovada,93.59,1
CON02571,PED038838,2025-04-08,CLI02328,LOJ0379,7,58.04,item_faltante,"O pedido chegou incompleto, faltou parte da compra.",1,451,0,5,0,,respondida,negada_ou_retirada,retirada,0.00,0
CON02572,PED033200,2025-04-08,CLI04429,LOJ0346,3,170.42,pedido_incorreto,Recebi produtos diferentes do que selecionei.,0,1045,0,1,0,,respondida,autoaprovada,aprovada,"R$ 147,37",0
CON02573,PED032624,2025-04-22,CLI10348,LOJ0336,7,128.20,item_faltante,Faltou um item do pedido e a loja não respondeu.,1,1826,0,1,1,,respondida,autoaprovada,aprovada,90.39,1
CON02574,PED038325,2025-04-09,CLI00167,LOJ0288,6,101.09,item_faltante,Não recebi todos os itens que estavam na nota.,1,250,2,3,0,,sem resposta,negada_ou_retirada,negada,"0,00",0
CON02575,PED038097,19/04/2025,CLI15342,LOJ0369,2,"R$ 102,03",pedido_incorreto,Recebi produtos diferentes do que selecionei.,0,1461,0,1,0,,sem_resposta,autoaprovada,aprovada,80.86,0
CON02576,PED035755,2025-04-10,CLI12293,LOJ0212,3,165.53,nao_entregue,"O aplicativo marcou como entregue, mas não recebi o pedido.",1,460,0,2,0,,respondida,autoaprovada,aprovada,114.16,0
CON02577,PED036672,2025-04-25,CLI13290,LOJ0156,4,"50,53",ITEM FALTANTE,Não recebi todos os itens que estavam na nota.,1,153,0,4,0,,SEM RESPOSTA,autoaprovada,aprovada,29.98,1
CON02578,PED035889,2025-04-23,CLI05209,LOJ0072,7,96.31,produto_avariado,O item vazou durante a entrega e não dava para consumir.,1,1001,5,4,0,,respondida,autoaprovada,aprovada,78.15,1
CON02579,PED030955,2025-04-14,CLI17431,LOJ0069,2,148.37,nao_entregue,"Consta entrega concluída, porém nada foi recebido.",0,452,0,1,1,,respondida,autoaprovada,aprovada,111.70,0
CON02580,PED032418,2025-04-01,CLI10561,LOJ0263,2,106.51,qualidade,A qualidade não correspondeu ao que foi anunciado.,1,2330,0,1,1,,sem resposta,autoaprovada,aprovada,98.29,0
CON02581,PED039239,07/04/2025,CLI04298,LOJ0087,6,132.10,item_faltante,"O pedido chegou incompleto, faltou parte da compra.",1,2336,1,3,0,,SEM RESPOSTA,revisao_manual,negada,"0,00",0
CON02582,PED034897,2025-04-07,CLI04831,LOJ0187,5,62.05,nao_entregue,"Consta entrega concluída, porém nada foi recebido.",1,776,2,3,0,,respondida,negada_ou_retirada,retirada,0.00,0
CON02583,PED029596,2025-04-07,CLI01654,LOJ0418,3,75.70,pedido_incorreto,Recebi produtos diferentes do que selecionei.,1,2327,1,1,0,,respondida,negada_ou_retirada,retirada,"R$ 0,00",0
CON02584,PED034783,2025-04-01,CLI00572,LOJ0217,2,"156,85",pedido_incorreto,Entregaram outro item no lugar do que comprei.,1,1643,2,1,0,,sem_resposta,autoaprovada,aprovada,124.37,1
CON02585,PED029621,2025-04-17,CLI13284,LOJ0234,2,82.17,qualidade,O produto estava com aparência ruim quando chegou.,0,1513,5,1,0,,sem resposta,revisao_manual,aprovada,53.17,0
CON02586,PED037215,2025-04-21,CLI04850,LOJ0163,3,"R$ 126,14",qualidade,A comida chegou fria e com qualidade abaixo do esperado.,1,1879,3,3,0,,sem_resposta,autoaprovada,aprovada,112.05,0
CON02587,PED038102,29/04/2025,CLI02232,LOJ0366,7,74.15,nao_entregue,"Consta entrega concluída, porém nada foi recebido.",1,437,1,6,0,,respondida,autoaprovada,aprovada,57.65,0
CON02588,PED031390,2025-04-30,CLI00020,LOJ0408,6,103.03,produto_avariado,O item vazou durante a entrega e não dava para consumir.,1,1515,0,4,0,,SEM RESPOSTA,autoaprovada,aprovada,"36,33",0
CON02589,PED038184,2025-04-06,CLI08497,LOJ0278,4,83.57,pedido_incorreto,Recebi produtos diferentes do que selecionei.,1,27,0,2,0,,respondida,negada_ou_retirada,negada,0.00,0
CON02590,PED031515,2025-04-29,CLI05918,LOJ0059,5,136.24,nao_entregue,"O aplicativo marcou como entregue, mas não recebi o pedido.",1,418,1,3,0,,sem resposta,autoaprovada,aprovada,108.86,0
CON02591,PED030885,2025-04-12,CLI01119,LOJ0122,2,"45,50",item_faltante,Não recebi todos os itens que estavam na nota.,0,1376,0,1,0,,respondida,autoaprovada,aprovada,36.55,0
CON02592,PED033212,2025-04-04,CLI07364,LOJ0277,7,62.26,item_faltante,Não recebi todos os itens que estavam na nota.,1,455,1,4,0,,respondida,autoaprovada,aprovada,43.09,0
CON02593,PED029326,10/04/2025,CLI13198,LOJ0125,6,79.53,pedido_incorreto,Entregaram outro item no lugar do que comprei.,1,2061,1,5,0,,SEM RESPOSTA,autoaprovada,aprovada,70.72,0
CON02594,PED031510,2025-04-28,CLI09709,LOJ0062,6,109.49,qualidade,A comida chegou fria e com qualidade abaixo do esperado.,1,24,2,2,0,,sem_resposta,autoaprovada,aprovada,"R$ 97,12",0
CON02595,PED032614,2025-04-17,CLI13020,LOJ0041,2,108.39,item_faltante,"O pedido chegou incompleto, faltou parte da compra.",0,704,0,1,1,,respondida,autoaprovada,aprovada,"69,54",0
CON02596,PED032156,2025-04-07,CLI14868,LOJ0062,5,70.47,item_faltante,"O pedido chegou incompleto, faltou parte da compra.",1,2391,1,2,0,GRP014,sem resposta,autoaprovada,aprovada,47.63,1
CON02597,PED038873,2025-04-19,CLI03103,LOJ0423,6,"R$ 106,04",item_faltante,"O pedido chegou incompleto, faltou parte da compra.",1,1364,0,3,0,,respondida,autoaprovada,aprovada,83.73,0
CON02598,PED038075,2025-04-29,CLI12526,LOJ0211,4,"109,86",item_faltante,Faltou um item do pedido e a loja não respondeu.,0,1978,0,1,0,,respondida,autoaprovada,aprovada,78.14,0
CON02599,PED034169,12/04/2025,CLI05575,LOJ0233,4,107.06,pedido_incorreto,Recebi produtos diferentes do que selecionei.,1,333,1,3,0,,sem_resposta,autoaprovada,aprovada,98.92,0
CON02600,PED034723,2025-04-26,CLI07595,LOJ0161,6,100.92,PEDIDO INCORRETO,Entregaram outro item no lugar do que comprei.,0,102,2,4,0,,SEM RESPOSTA,revisao_manual,negada,0.00,0
CON02601,PED030519,2025-04-12,CLI04595,LOJ0426,3,158.94,nao_entregue,O pedido não chegou no endereço informado.,1,845,0,1,0,,respondida,autoaprovada,aprovada,145.93,0
CON02602,PED036557,2025-04-03,CLI02171,LOJ0354,4,52.87,item_faltante,"O pedido chegou incompleto, faltou parte da compra.",1,1532,0,4,0,,sem resposta,autoaprovada,aprovada,"30,71",1
CON02603,PED034338,2025-04-05,CLI03783,LOJ0250,6,229.26,produto_avariado,O produto chegou danificado dentro da sacola.,0,1708,0,1,0,,respondida,autoaprovada,aprovada,193.09,0
CON02604,PED038087,2025-04-01,CLI12036,LOJ0048,2,159.05,item_faltante,Faltou um item do pedido e a loja não respondeu.,1,1344,0,2,0,,respondida,autoaprovada,aprovada,133.53,0
CON02605,PED034644,16/04/2025,CLI10763,LOJ0347,6,"159,60",item_faltante,Faltou um item do pedido e a loja não respondeu.,0,103,0,1,0,,SEM RESPOSTA,autoaprovada,aprovada,"R$ 125,65",0
CON02606,PED030228,2025-04-12,CLI17380,LOJ0283,6,111.88,pedido_incorreto,Recebi produtos diferentes do que selecionei.,0,1465,1,5,0,GRP121,sem_resposta,revisao_manual,aprovada,99.41,0
CON02607,PED034180,2025-04-13,CLI11777,LOJ0175,4,112.74,pedido_incorreto,O pedido veio errado e preciso corrigir a cobrança.,1,1384,1,4,0,,sem resposta,autoaprovada,aprovada,85.16,1
CON02608,PED032948,2025-04-04,CLI17053,LOJ0309,6,"R$ 86,02",item_faltante,Não recebi todos os itens que estavam na nota.,1,2187,2,3,0,,sem_resposta,autoaprovada,aprovada,59.72,0
CON02609,PED032713,2025-04-25,CLI06667,LOJ0450,2,73.15,produto_avariado,A embalagem chegou aberta e o produto estava avariado.,0,723,4,1,0,,SEM RESPOSTA,autoaprovada,aprovada,"63,85",0
CON02610,PED038573,2025-04-05,CLI13407,LOJ0245,4,103.86,item_faltante,Faltou um item do pedido e a loja não respondeu.,0,1874,0,3,0,,sem resposta,negada_ou_retirada,negada,0.00,0
CON02611,PED034829,09/04/2025,CLI14021,LOJ0177,5,91.18,produto_avariado,O item vazou durante a entrega e não dava para consumir.,0,1714,1,1,0,,respondida,autoaprovada,aprovada,35.38,0
CON02612,PED037066,2025-04-14,CLI11318,LOJ0110,2,"86,27",pedido_incorreto,Recebi produtos diferentes do que selecionei.,0,1549,0,1,0,,respondida,autoaprovada,aprovada,47.42,0
CON02613,PED037926,2025-04-24,CLI09721,LOJ0429,2,97.49,item_faltante,"O pedido chegou incompleto, faltou parte da compra.",0,2301,0,1,0,,SEM RESPOSTA,autoaprovada,aprovada,79.05,0
CON02614,PED032852,2025-04-24,CLI16871,LOJ0059,2,74.69,item_faltante,"O pedido chegou incompleto, faltou parte da compra.",1,2318,0,2,0,,respondida,autoaprovada,aprovada,37.28,1
CON02615,PED033424,2025-04-13,CLI07958,LOJ0047,2,88.13,item_faltante,Faltou um item do pedido e a loja não respondeu.,0,422,0,1,0,GRP089,respondida,autoaprovada,aprovada,81.72,1
CON02616,PED038286,2025-04-22,CLI13659,LOJ0340,2,109.32,pedido_incorreto,Entregaram outro item no lugar do que comprei.,1,701,0,1,0,,respondida,revisao_manual,aprovada,"R$ 94,05",0
CON02617,PED035476,17/04/2025,CLI09837,LOJ0431,7,175.33,item_faltante,Faltou um item do pedido e a loja não respondeu.,1,749,1,1,0,,respondida,autoaprovada,aprovada,107.16,0
CON02618,PED036474,2025-04-20,CLI06781,LOJ0162,2,136.05,item_faltante,Não recebi todos os itens que estavam na nota.,1,390,0,1,0,,respondida,autoaprovada,aprovada,54.20,0
CON02619,PED031640,2025-04-10,CLI02434,LOJ0046,2,"R$ 94,32",item_faltante,Faltou um item do pedido e a loja não respondeu.,1,584,0,1,0,,sem_resposta,negada_ou_retirada,retirada,0.00,0
CON02620,PED033174,2025-04-09,CLI06685,LOJ0252,7,167.23,item_faltante,Faltou um item do pedido e a loja não respondeu.,0,671,0,2,0,,respondida,revisao_manual,aprovada,55.48,0
CON02621,PED033693,2025-04-29,CLI17844,LOJ0059,6,77.66,pedido_incorreto,Entregaram outro item no lugar do que comprei.,0,151,1,5,0,,respondida,autoaprovada,aprovada,29.40,0
CON02622,PED036931,2025-04-18,CLI15658,LOJ0149,3,200.30,qualidade,O produto estava com aparência ruim quando chegou.,1,2312,0,1,0,,sem resposta,autoaprovada,aprovada,47.26,0
CON02623,PED036698,22/04/2025,CLI07692,LOJ0019,6,131.03,PEDIDO INCORRETO,O pedido veio errado e preciso corrigir a cobrança.,1,1079,0,4,1,,sem_resposta,autoaprovada,aprovada,"98,02",0
CON02624,PED031002,2025-04-15,CLI01837,LOJ0439,7,93.50,pedido_incorreto,Recebi produtos diferentes do que selecionei.,0,1464,1,2,0,,SEM RESPOSTA,autoaprovada,aprovada,86.56,0
CON02625,PED033958,2025-04-13,CLI09553,LOJ0442,2,60.54,pedido_incorreto,Recebi produtos diferentes do que selecionei.,1,32,1,1,0,,sem resposta,autoaprovada,aprovada,40.36,0
CON02626,PED038564,2025-04-13,CLI05586,LOJ0239,5,"137,56",item_faltante,"O pedido chegou incompleto, faltou parte da compra.",1,1079,1,5,0,,SEM RESPOSTA,autoaprovada,aprovada,66.92,1
CON02627,PED030124,2025-04-19,CLI02429,LOJ0025,6,78.38,qualidade,A comida chegou fria e com qualidade abaixo do esperado.,1,933,0,1,0,,sem_resposta,autoaprovada,aprovada,"R$ 20,94",0
CON02628,PED039174,2025-04-18,CLI05762,LOJ0132,4,95.98,pedido_incorreto,Recebi produtos diferentes do que selecionei.,1,497,1,1,0,,respondida,autoaprovada,aprovada,84.71,0
CON02629,PED031583,18/04/2025,CLI04329,LOJ0198,5,102.06,produto_avariado,O item vazou durante a entrega e não dava para consumir.,1,610,1,2,0,,sem resposta,autoaprovada,aprovada,60.20,0
CON02630,PED034393,2025-04-09,CLI02839,LOJ0217,2,"R$ 154,47",produto_avariado,O item vazou durante a entrega e não dava para consumir.,1,1249,1,1,0,GRP056,sem_resposta,revisao_manual,aprovada,"120,48",1
CON02631,PED038338,2025-04-20,CLI06990,LOJ0303,5,177.62,item_faltante,"O pedido chegou incompleto, faltou parte da compra.",1,522,2,3,0,,respondida,autoaprovada,aprovada,172.36,0
CON02632,PED033460,2025-04-13,CLI08173,LOJ0098,4,104.88,item_faltante,"O pedido chegou incompleto, faltou parte da compra.",1,2013,0,1,0,,SEM RESPOSTA,autoaprovada,aprovada,76.93,0
CON02633,PED032399,2025-04-08,CLI14069,LOJ0194,4,"82,29",qualidade,O produto estava com aparência ruim quando chegou.,1,510,0,2,0,,respondida,autoaprovada,aprovada,59.70,0
CON02634,PED032837,2025-04-11,CLI11955,LOJ0118,2,96.70,qualidade,A comida chegou fria e com qualidade abaixo do esperado.,1,2012,1,1,0,,respondida,autoaprovada,aprovada,66.72,0
CON02635,PED039263,29/04/2025,CLI08450,LOJ0197,3,79.60,item_faltante,Faltou um item do pedido e a loja não respondeu.,1,1063,1,1,0,,respondida,autoaprovada,aprovada,66.34,0
CON02636,PED037090,2025-04-18,CLI12990,LOJ0359,5,115.07,pedido_incorreto,O pedido veio errado e preciso corrigir a cobrança.,1,1983,0,5,0,,respondida,autoaprovada,aprovada,89.92,1
CON02637,PED032680,2025-04-12,CLI03455,LOJ0319,7,105.09,qualidade,A qualidade não correspondeu ao que foi anunciado.,0,2277,1,6,0,,respondida,autoaprovada,aprovada,"94,53",0
CON02638,PED034854,2025-04-19,CLI10633,LOJ0406,2,82.68,nao_entregue,"Consta entrega concluída, porém nada foi recebido.",0,2058,3,1,0,,sem resposta,revisao_manual,negada,"R$ 0,00",0
CON02639,PED036523,2025-04-12,CLI06007,LOJ0251,4,108.06,item_faltante,Faltou um item do pedido e a loja não respondeu.,1,1267,0,2,1,,SEM RESPOSTA,autoaprovada,aprovada,99.48,1
CON02640,PED036511,2025-04-11,CLI04008,LOJ0106,4,"213,54",produto_avariado,O produto chegou danificado dentro da sacola.,1,1853,0,4,0,,respondida,autoaprovada,aprovada,184.67,0
CON02641,PED039059,16/04/2025,CLI01362,LOJ0030,7,"R$ 103,94",item_faltante,Não recebi todos os itens que estavam na nota.,1,109,1,5,0,,respondida,autoaprovada,aprovada,99.74,0
CON02642,PED036037,2025-04-30,CLI13709,LOJ0236,5,118.69,item_faltante,"O pedido chegou incompleto, faltou parte da compra.",0,1656,0,3,0,,sem_resposta,autoaprovada,aprovada,99.68,0
CON02643,PED032524,2025-04-04,CLI13185,LOJ0335,4,96.10,pedido_incorreto,Recebi produtos diferentes do que selecionei.,0,681,0,2,0,,sem resposta,revisao_manual,aprovada,92.06,1
CON02644,PED033580,2025-04-30,CLI15928,LOJ0254,6,63.43,pedido_incorreto,Entregaram outro item no lugar do que comprei.,1,2057,1,6,0,,respondida,negada_ou_retirada,negada,"0,00",0
CON02645,PED038977,2025-04-17,CLI07270,LOJ0370,3,108.55,qualidade,A comida chegou fria e com qualidade abaixo do esperado.,1,1900,0,2,1,,respondida,autoaprovada,aprovada,84.17,0
CON02646,PED036938,2025-04-10,CLI02867,LOJ0435,5,106.70,ITEM FALTANTE,"O pedido chegou incompleto, faltou parte da compra.",1,736,0,3,0,,respondida,autoaprovada,aprovada,77.29,0
CON02647,PED032679,02/04/2025,CLI08948,LOJ0366,6,"104,16",pedido_incorreto,Entregaram outro item no lugar do que comprei.,1,485,2,3,0,,respondida,autoaprovada,aprovada,93.44,0
CON02648,PED031961,2025-04-20,CLI14702,LOJ0338,2,49.64,produto_avariado,O item vazou durante a entrega e não dava para consumir.,0,424,4,1,0,,respondida,revisao_manual,aprovada,45.59,1
CON02649,PED038810,2025-04-20,CLI03038,LOJ0239,5,116.74,produto_avariado,A embalagem chegou aberta e o produto estava avariado.,1,862,1,5,0,,sem_resposta,autoaprovada,aprovada,"R$ 98,40",0
CON02650,PED033727,2025-04-07,CLI03014,LOJ0337,5,152.46,item_faltante,"O pedido chegou incompleto, faltou parte da compra.",1,1235,3,3,0,,SEM RESPOSTA,autoaprovada,aprovada,136.81,1
CON02651,PED034083,2025-04-15,CLI16079,LOJ0006,2,171.13,pedido_incorreto,O pedido veio errado e preciso corrigir a cobrança.,1,1163,0,2,0,,sem resposta,autoaprovada,aprovada,"138,53",0
CON02652,PED033548,2025-04-10,CLI07361,LOJ0073,4,"R$ 174,20",item_faltante,Faltou um item do pedido e a loja não respondeu.,1,1883,0,3,0,,respondida,autoaprovada,aprovada,136.79,0
CON02653,PED035925,23/04/2025,CLI04135,LOJ0023,7,145.71,nao_entregue,"Consta entrega concluída, porém nada foi recebido.",1,1718,1,7,0,,SEM RESPOSTA,autoaprovada,aprovada,109.03,0
CON02654,PED033231,2025-04-02,CLI13644,LOJ0142,7,"114,84",pedido_incorreto,Recebi produtos diferentes do que selecionei.,1,2336,0,3,0,,respondida,autoaprovada,aprovada,97.29,0
CON02655,PED034515,2025-04-05,CLI09972,LOJ0320,5,185.44,pedido_incorreto,Recebi produtos diferentes do que selecionei.,1,1645,0,5,0,,sem_resposta,autoaprovada,aprovada,153.68,1
CON02656,PED032320,2025-04-04,CLI09787,LOJ0249,3,169.45,qualidade,O produto estava com aparência ruim quando chegou.,1,1032,0,2,0,,sem resposta,autoaprovada,aprovada,148.67,0
CON02657,PED035353,2025-04-08,CLI07375,LOJ0201,4,131.75,produto_avariado,O produto chegou danificado dentro da sacola.,0,2275,1,1,0,,sem_resposta,autoaprovada,aprovada,94.01,0
CON02658,PED036148,2025-04-06,CLI06567,LOJ0261,4,117.75,produto_avariado,O item vazou durante a entrega e não dava para consumir.,0,421,1,3,0,,respondida,autoaprovada,aprovada,"88,12",0
CON02659,PED037738,23/04/2025,CLI08690,LOJ0307,2,54.71,pedido_incorreto,O pedido veio errado e preciso corrigir a cobrança.,1,2251,6,1,0,,respondida,autoaprovada,aprovada,33.67,0
CON02660,PED033873,2025-04-24,CLI01573,LOJ0201,2,81.70,item_faltante,"O pedido chegou incompleto, faltou parte da compra.",0,876,0,1,0,,SEM RESPOSTA,autoaprovada,aprovada,"R$ 61,02",0
CON02661,PED030844,2025-04-12,CLI01329,LOJ0080,2,"131,73",pedido_incorreto,Recebi produtos diferentes do que selecionei.,1,1219,1,1,0,GRP128,respondida,autoaprovada,aprovada,118.94,0
CON02662,PED036780,2025-04-07,CLI08457,LOJ0427,3,94.28,pedido_incorreto,O pedido veio errado e preciso corrigir a cobrança.,1,948,0,2,0,GRP126,respondida,autoaprovada,aprovada,67.96,1
CON02663,PED033476,2025-04-11,CLI01799,LOJ0288,2,"R$ 123,86",pedido_incorreto,Entregaram outro item no lugar do que comprei.,1,984,2,1,0,,sem resposta,autoaprovada,aprovada,107.70,0
CON02664,PED029321,2025-04-18,CLI10157,LOJ0364,2,39.95,nao_entregue,"O aplicativo marcou como entregue, mas não recebi o pedido.",1,2094,1,1,0,,SEM RESPOSTA,revisao_manual,negada,0.00,0
CON02665,PED032134,23/04/2025,CLI15796,LOJ0078,2,87.24,nao_entregue,"O aplicativo marcou como entregue, mas não recebi o pedido.",0,1385,0,1,0,,sem_resposta,revisao_manual,aprovada,"49,79",0
CON02666,PED034520,2025-04-04,CLI00022,LOJ0327,2,112.60,produto_avariado,A embalagem chegou aberta e o produto estava avariado.,1,1073,0,1,0,,sem resposta,autoaprovada,aprovada,89.36,1
CON02667,PED036987,2025-04-06,CLI03623,LOJ0123,2,130.16,item_faltante,Faltou um item do pedido e a loja não respondeu.,1,322,1,1,0,GRP019,sem_resposta,autoaprovada,aprovada,90.00,0
CON02668,PED029689,2025-04-27,CLI01005,LOJ0174,3,"140,10",pedido_incorreto,O pedido veio errado e preciso corrigir a cobrança.,1,155,0,2,0,,respondida,autoaprovada,aprovada,107.36,0
CON02669,PED029825,2025-04-05,CLI13019,LOJ0222,3,69.33,PEDIDO INCORRETO,Recebi produtos diferentes do que selecionei.,1,2264,0,1,0,,respondida,negada_ou_retirada,negada,0.00,0
CON02670,PED029797,2025-04-01,CLI16332,LOJ0380,2,137.81,qualidade,A qualidade não correspondeu ao que foi anunciado.,1,666,0,1,0,,SEM RESPOSTA,revisao_manual,aprovada,85.12,0
CON02671,PED033475,10/04/2025,CLI04580,LOJ0439,5,86.70,pedido_incorreto,O pedido veio errado e preciso corrigir a cobrança.,1,2181,0,4,0,,sem resposta,autoaprovada,aprovada,"R$ 51,80",0
CON02672,PED035002,2025-04-03,CLI09989,LOJ0035,3,138.21,item_faltante,Não recebi todos os itens que estavam na nota.,1,1528,0,3,0,,respondida,autoaprovada,aprovada,"115,44",0
CON02673,PED035597,2025-04-07,CLI04557,LOJ0357,6,95.19,pedido_incorreto,Recebi produtos diferentes do que selecionei.,1,2212,1,3,0,,SEM RESPOSTA,revisao_manual,aprovada,70.52,1
CON02674,PED034291,2025-04-03,CLI09026,LOJ0027,3,"R$ 68,47",nao_entregue,"Consta entrega concluída, porém nada foi recebido.",1,257,0,1,0,,respondida,autoaprovada,aprovada,63.00,1
CON02675,PED034524,2025-04-14,CLI10674,LOJ0248,2,"71,40",produto_avariado,O produto chegou danificado dentro da sacola.,1,2000,0,1,0,,respondida,autoaprovada,aprovada,57.19,1
CON02676,PED029151,2025-04-21,CLI13269,LOJ0033,3,83.74,pedido_incorreto,Recebi produtos diferentes do que selecionei.,0,2060,0,1,1,,respondida,negada_ou_retirada,retirada,0.00,0
CON02677,PED033010,13/04/2025,CLI09306,LOJ0241,3,110.87,item_faltante,Não recebi todos os itens que estavam na nota.,1,814,0,1,1,,sem_resposta,autoaprovada,aprovada,95.73,1
CON02678,PED039406,2025-04-19,CLI08283,LOJ0065,2,60.96,nao_entregue,"Consta entrega concluída, porém nada foi recebido.",1,326,0,1,0,,respondida,negada_ou_retirada,negada,0.00,0
CON02679,PED031821,2025-04-21,CLI17723,LOJ0015,2,209.94,produto_avariado,O item vazou durante a entrega e não dava para consumir.,1,2380,1,2,0,,sem resposta,revisao_manual,negada,"0,00",0
CON02680,PED032901,2025-04-21,CLI12304,LOJ0093,5,115.82,produto_avariado,O item vazou durante a entrega e não dava para consumir.,0,365,0,1,0,,sem_resposta,autoaprovada,aprovada,87.20,0
CON02681,PED038696,2025-04-03,CLI03247,LOJ0193,6,108.76,produto_avariado,O item vazou durante a entrega e não dava para consumir.,1,520,0,6,0,,SEM RESPOSTA,autoaprovada,aprovada,74.32,1
CON02682,PED039038,2025-04-28,CLI12330,LOJ0028,7,"96,68",nao_entregue,"O aplicativo marcou como entregue, mas não recebi o pedido.",0,325,1,5,0,,respondida,autoaprovada,aprovada,"R$ 63,95",0
CON02683,PED034302,06/04/2025,CLI06294,LOJ0428,2,114.90,pedido_incorreto,Recebi produtos diferentes do que selecionei.,1,2097,0,1,0,,sem resposta,autoaprovada,aprovada,51.60,0
CON02684,PED029681,2025-04-29,CLI04816,LOJ0394,4,216.83,nao_entregue,"Consta entrega concluída, porém nada foi recebido.",1,1857,1,2,0,,respondida,autoaprovada,aprovada,191.68,0
CON02685,PED029360,2025-04-08,CLI01289,LOJ0417,4,"R$ 79,66",pedido_incorreto,Recebi produtos diferentes do que selecionei.,0,1100,2,1,0,,SEM RESPOSTA,revisao_manual,negada,0.00,0
CON02686,PED031382,2025-04-12,CLI11400,LOJ0397,2,79.11,produto_avariado,O item vazou durante a entrega e não dava para consumir.,1,517,0,1,0,,respondida,negada_ou_retirada,negada,"0,00",0
CON02687,PED038021,2025-04-17,CLI17039,LOJ0185,2,102.12,pedido_incorreto,Entregaram outro item no lugar do que comprei.,1,2039,0,1,1,,respondida,revisao_manual,aprovada,78.68,0
CON02688,PED032252,2025-04-29,CLI09699,LOJ0336,7,103.86,nao_entregue,"O aplicativo marcou como entregue, mas não recebi o pedido.",1,1225,0,6,0,,respondida,autoaprovada,aprovada,79.24,0
CON02689,PED033075,28/04/2025,CLI06216,LOJ0398,5,"58,15",nao_entregue,"O aplicativo marcou como entregue, mas não recebi o pedido.",1,648,2,4,0,,respondida,autoaprovada,aprovada,35.33,0
CON02690,PED029882,2025-04-13,CLI01139,LOJ0281,5,122.09,qualidade,A comida chegou fria e com qualidade abaixo do esperado.,1,2246,2,5,0,,sem_resposta,revisao_manual,aprovada,106.41,1
CON02691,PED038126,2025-04-15,CLI04598,LOJ0430,3,41.68,produto_avariado,O item vazou durante a entrega e não dava para consumir.,0,2225,0,2,0,,sem resposta,revisao_manual,negada,0.00,0
CON02692,PED038775,2025-04-11,CLI02043,LOJ0213,2,67.98,ITEM FALTANTE,Não recebi todos os itens que estavam na nota.,1,1278,0,1,0,,sem_resposta,autoaprovada,aprovada,48.13,0
CON02693,PED036115,2025-04-11,CLI14304,LOJ0374,4,78.54,pedido_incorreto,Recebi produtos diferentes do que selecionei.,1,1668,2,2,0,,respondida,revisao_manual,negada,"R$ 0,00",0
CON02694,PED033062,2025-04-12,CLI17842,LOJ0390,2,120.67,item_faltante,Não recebi todos os itens que estavam na nota.,1,1820,1,1,1,,respondida,autoaprovada,aprovada,106.34,0
CON02695,PED038547,11/04/2025,CLI06924,LOJ0135,5,295.77,pedido_incorreto,Entregaram outro item no lugar do que comprei.,0,917,6,1,0,,SEM RESPOSTA,revisao_manual,aprovada,271.53,1
CON02696,PED031036,2025-04-01,CLI01260,LOJ0431,4,"R$ 102,38",produto_avariado,O item vazou durante a entrega e não dava para consumir.,1,718,0,4,0,,sem resposta,autoaprovada,aprovada,81.13,0
CON02697,PED033379,2025-04-18,CLI06621,LOJ0450,3,70.27,qualidade,O produto estava com aparência ruim quando chegou.,1,2060,0,1,0,,SEM RESPOSTA,autoaprovada,aprovada,39.39,0
CON02698,PED030268,2025-04-20,CLI01605,LOJ0357,2,63.34,item_faltante,Não recebi todos os itens que estavam na nota.,0,1642,0,2,0,,respondida,negada_ou_retirada,retirada,0.00,0
CON02699,PED035199,2025-04-24,CLI13555,LOJ0371,2,174.82,nao_entregue,"O aplicativo marcou como entregue, mas não recebi o pedido.",1,1394,0,1,0,,respondida,autoaprovada,aprovada,53.99,0
CON02700,PED030175,2025-04-10,CLI10685,LOJ0364,3,187.01,pedido_incorreto,Entregaram outro item no lugar do que comprei.,1,383,0,1,0,,respondida,autoaprovada,aprovada,"166,43",0
CON02701,PED029189,21/04/2025,CLI00665,LOJ0146,7,121.47,item_faltante,Faltou um item do pedido e a loja não respondeu.,0,788,0,6,0,,sem_resposta,revisao_manual,aprovada,71.03,1
CON02702,PED036424,2025-04-15,CLI05589,LOJ0135,4,73.73,pedido_incorreto,Recebi produtos diferentes do que selecionei.,1,1601,1,2,1,,sem resposta,negada_ou_retirada,negada,0.00,0
CON02703,PED031418,2025-04-28,CLI16661,LOJ0247,2,"134,56",item_faltante,Não recebi todos os itens que estavam na nota.,1,1533,4,1,0,,respondida,autoaprovada,aprovada,102.65,1
CON02704,PED029394,2025-04-19,CLI15875,LOJ0334,4,132.28,produto_avariado,A embalagem chegou aberta e o produto estava avariado.,1,1402,3,2,0,,respondida,autoaprovada,aprovada,"R$ 101,33",1
CON02705,PED034051,2025-04-21,CLI12862,LOJ0229,2,160.09,item_faltante,Não recebi todos os itens que estavam na nota.,1,36,0,2,0,,sem_resposta,autoaprovada,aprovada,124.43,1
CON02706,PED030635,2025-04-21,CLI00154,LOJ0206,3,113.60,nao_entregue,"Consta entrega concluída, porém nada foi recebido.",1,1392,0,2,0,,respondida,autoaprovada,aprovada,108.17,0
CON02707,PED033738,09/04/2025,CLI08844,LOJ0406,4,"R$ 76,99",pedido_incorreto,O pedido veio errado e preciso corrigir a cobrança.,1,436,0,1,0,,SEM RESPOSTA,autoaprovada,aprovada,"44,92",0
CON02708,PED030709,2025-04-25,CLI15523,LOJ0449,3,66.03,item_faltante,Faltou um item do pedido e a loja não respondeu.,0,2073,1,1,0,,sem resposta,autoaprovada,aprovada,56.15,0
CON02709,PED037571,2025-04-18,CLI14105,LOJ0243,7,77.21,produto_avariado,O produto chegou danificado dentro da sacola.,1,454,0,1,0,,respondida,autoaprovada,aprovada,69.24,0
CON02710,PED036326,2025-04-22,CLI10550,LOJ0162,2,"110,80",pedido_incorreto,Recebi produtos diferentes do que selecionei.,1,1437,0,1,0,,respondida,autoaprovada,aprovada,86.58,0
CON02711,PED033452,2025-04-28,CLI12395,LOJ0258,2,131.12,pedido_incorreto,O pedido veio errado e preciso corrigir a cobrança.,1,472,0,2,0,,SEM RESPOSTA,autoaprovada,aprovada,105.64,1
CON02712,PED038104,2025-04-22,CLI00357,LOJ0292,6,86.64,nao_entregue,"O aplicativo marcou como entregue, mas não recebi o pedido.",1,681,1,5,0,,respondida,revisao_manual,negada,0.00,0
CON02713,PED030803,15/04/2025,CLI06618,LOJ0076,4,141.41,pedido_incorreto,Recebi produtos diferentes do que selecionei.,0,1775,5,4,0,,sem_resposta,autoaprovada,aprovada,32.28,1
CON02714,PED036218,2025-04-23,CLI17134,LOJ0366,6,70.48,nao_entregue,O pedido não chegou no endereço informado.,0,1812,6,6,0,,respondida,autoaprovada,aprovada,"52,37",1
CON02715,PED036615,2025-04-30,CLI11787,LOJ0429,3,182.52,PRODUTO AVARIADO,A embalagem chegou aberta e o produto estava avariado.,1,1879,0,3,0,,sem resposta,revisao_manual,aprovada,"R$ 157,94",0
CON02716,PED029172,2025-04-29,CLI05643,LOJ0429,5,73.77,produto_avariado,A embalagem chegou aberta e o produto estava avariado.,1,2299,1,1,0,,respondida,autoaprovada,aprovada,52.97,0
CON02717,PED038090,2025-04-17,CLI00545,LOJ0192,7,"147,66",item_faltante,"O pedido chegou incompleto, faltou parte da compra.",0,448,0,6,0,,respondida,autoaprovada,aprovada,97.24,1
CON02718,PED039363,2025-04-26,CLI11650,LOJ0424,3,"R$ 65,53",pedido_incorreto,Recebi produtos diferentes do que selecionei.,1,1028,1,2,0,,sem_resposta,revisao_manual,negada,0.00,0
CON02719,PED032281,01/04/2025,CLI00810,LOJ0309,7,108.19,qualidade,O produto estava com aparência ruim quando chegou.,1,56,1,6,0,,respondida,autoaprovada,aprovada,77.10,1
CON02720,PED033670,2025-04-21,CLI08459,LOJ0240,4,98.40,qualidade,O produto estava com aparência ruim quando chegou.,1,551,1,1,1,,respondida,autoaprovada,aprovada,56.14,0
CON02721,PED029346,2025-04-05,CLI13697,LOJ0444,2,40.23,pedido_incorreto,Recebi produtos diferentes do que selecionei.,0,2229,1,1,1,,respondida,autoaprovada,aprovada,"28,24",0
CON02722,PED039145,2025-04-24,CLI00508,LOJ0078,3,129.80,item_faltante,"O pedido chegou incompleto, faltou parte da compra.",1,303,0,1,0,,respondida,autoaprovada,aprovada,93.43,0
CON02723,PED032538,2025-04-16,CLI13646,LOJ0174,7,68.31,item_faltante,"O pedido chegou incompleto, faltou parte da compra.",1,1482,1,1,0,,SEM RESPOSTA,revisao_manual,negada,0.00,0
CON02724,PED032726,2025-04-14,CLI00974,LOJ0047,3,"170,19",item_faltante,Não recebi todos os itens que estavam na nota.,1,1123,2,2,0,,sem resposta,autoaprovada,aprovada,155.33,0
CON02725,PED031869,30/04/2025,CLI13682,LOJ0352,6,224.90,produto_avariado,A embalagem chegou aberta e o produto estava avariado.,1,457,1,4,0,,respondida,autoaprovada,aprovada,63.67,0
CON02726,PED034257,2025-04-28,CLI14407,LOJ0107,7,134.26,item_faltante,"O pedido chegou incompleto, faltou parte da compra.",1,1500,1,1,0,,SEM RESPOSTA,autoaprovada,aprovada,"R$ 114,43",0
CON02727,PED038527,2025-04-21,CLI01590,LOJ0103,6,114.26,nao_entregue,O pedido não chegou no endereço informado.,0,1847,2,5,0,,respondida,autoaprovada,aprovada,80.09,0
CON02728,PED039357,2025-04-04,CLI05275,LOJ0057,2,115.04,pedido_incorreto,O pedido veio errado e preciso corrigir a cobrança.,0,216,1,2,0,,sem_resposta,negada_ou_retirada,retirada,"0,00",0
CON02729,PED036007,2025-04-03,CLI03952,LOJ0077,3,"R$ 73,64",item_faltante,Faltou um item do pedido e a loja não respondeu.,0,620,4,1,0,,sem resposta,autoaprovada,aprovada,67.18,0
CON02730,PED038620,2025-04-11,CLI14850,LOJ0401,2,112.36,produto_avariado,O produto chegou danificado dentro da sacola.,1,325,0,1,0,,sem_resposta,autoaprovada,aprovada,97.50,0
CON02731,PED031788,09/04/2025,CLI03951,LOJ0068,4,"153,45",item_faltante,Faltou um item do pedido e a loja não respondeu.,1,877,0,1,0,,respondida,autoaprovada,aprovada,146.05,0
CON02732,PED031769,2025-04-18,CLI02267,LOJ0293,4,101.47,item_faltante,Faltou um item do pedido e a loja não respondeu.,1,603,0,3,0,,respondida,autoaprovada,aprovada,68.41,0
CON02733,PED036198,2025-04-03,CLI13589,LOJ0410,4,95.89,item_faltante,Não recebi todos os itens que estavam na nota.,1,2128,1,1,0,,respondida,autoaprovada,aprovada,44.06,0
CON02734,PED038247,2025-04-05,CLI00164,LOJ0022,2,131.80,item_faltante,Faltou um item do pedido e a loja não respondeu.,0,2069,1,1,0,,respondida,revisao_manual,aprovada,88.24,0
CON02735,PED036794,2025-04-29,CLI05534,LOJ0022,2,110.80,pedido_incorreto,Recebi produtos diferentes do que selecionei.,0,1427,0,1,0,,SEM RESPOSTA,autoaprovada,aprovada,"86,22",0
CON02736,PED032417,2025-04-07,CLI17926,LOJ0130,4,202.08,pedido_incorreto,Entregaram outro item no lugar do que comprei.,0,1390,2,2,0,GRP100,sem resposta,autoaprovada,aprovada,194.26,0
CON02737,PED030221,06/04/2025,CLI13239,LOJ0447,6,174.48,pedido_incorreto,Entregaram outro item no lugar do que comprei.,1,1247,2,6,1,,respondida,autoaprovada,aprovada,"R$ 151,47",0
CON02738,PED029114,2025-04-04,CLI12261,LOJ0310,2,"95,24",PEDIDO INCORRETO,Entregaram outro item no lugar do que comprei.,1,1082,1,2,0,,respondida,autoaprovada,aprovada,45.70,0
CON02739,PED036068,2025-04-19,CLI06892,LOJ0097,4,37.73,produto_avariado,O item vazou durante a entrega e não dava para consumir.,0,1283,1,2,0,,respondida,negada_ou_retirada,retirada,0.00,0
CON02740,PED029923,2025-04-05,CLI03612,LOJ0088,3,"R$ 118,75",item_faltante,Não recebi todos os itens que estavam na nota.,1,121,1,2,0,,respondida,revisao_manual,aprovada,94.20,0
CON02741,PED029563,2025-04-19,CLI13035,LOJ0080,5,90.16,nao_entregue,O pedido não chegou no endereço informado.,1,1758,2,1,0,,SEM RESPOSTA,revisao_manual,aprovada,55.67,0
CON02742,PED034938,2025-04-18,CLI15704,LOJ0382,5,121.70,nao_entregue,O pedido não chegou no endereço informado.,1,799,1,1,0,,sem_resposta,autoaprovada,aprovada,"102,36",0
CON02743,PED031263,26/04/2025,CLI13894,LOJ0411,7,103.73,qualidade,A qualidade não correspondeu ao que foi anunciado.,1,2070,1,3,0,,respondida,autoaprovada,aprovada,66.35,0
CON02744,PED035120,2025-04-01,CLI17486,LOJ0329,5,104.33,item_faltante,Não recebi todos os itens que estavam na nota.,0,1808,1,1,0,GRP043,respondida,autoaprovada,aprovada,76.36,0
CON02745,PED030257,2025-04-18,CLI07257,LOJ0070,4,"85,82",qualidade,O produto estava com aparência ruim quando chegou.,1,2238,0,3,0,,respondida,negada_ou_retirada,retirada,0.00,0
CON02746,PED034136,2025-04-26,CLI16115,LOJ0316,5,130.92,qualidade,A qualidade não correspondeu ao que foi anunciado.,1,1544,6,1,0,,respondida,autoaprovada,aprovada,99.75,0
CON02747,PED029811,2025-04-20,CLI08958,LOJ0314,6,81.75,nao_entregue,"O aplicativo marcou como entregue, mas não recebi o pedido.",0,1558,0,2,0,,sem resposta,autoaprovada,aprovada,50.69,0
CON02748,PED034612,2025-04-10,CLI05724,LOJ0206,4,37.62,item_faltante,Faltou um item do pedido e a loja não respondeu.,0,365,0,3,0,,respondida,revisao_manual,negada,"R$ 0,00",0
CON02749,PED032848,24/04/2025,CLI17540,LOJ0133,2,114.23,pedido_incorreto,Recebi produtos diferentes do que selecionei.,0,831,0,1,0,,respondida,revisao_manual,aprovada,"92,61",0
CON02750,PED036082,2025-04-04,CLI10344,LOJ0301,4,60.70,pedido_incorreto,O pedido veio errado e preciso corrigir a cobrança.,1,2345,2,3,0,,respondida,autoaprovada,aprovada,55.99,0
CON02751,PED036517,2025-04-14,CLI00529,LOJ0174,7,"R$ 90,47",nao_entregue,"O aplicativo marcou como entregue, mas não recebi o pedido.",1,2221,0,2,1,,sem_resposta,autoaprovada,aprovada,68.65,1
CON02752,PED033262,2025-04-29,CLI13091,LOJ0409,2,"108,61",item_faltante,Faltou um item do pedido e a loja não respondeu.,1,1491,2,1,0,,SEM RESPOSTA,autoaprovada,aprovada,58.27,0
CON02753,PED030781,2025-04-04,CLI03426,LOJ0026,7,97.76,qualidade,A comida chegou fria e com qualidade abaixo do esperado.,1,1747,1,5,0,,respondida,autoaprovada,aprovada,88.54,0
CON02754,PED035873,2025-04-21,CLI01882,LOJ0228,3,85.03,qualidade,A comida chegou fria e com qualidade abaixo do esperado.,1,2398,1,2,0,,respondida,negada_ou_retirada,negada,0.00,0
CON02755,PED031471,14/04/2025,CLI16004,LOJ0125,5,118.36,item_faltante,Faltou um item do pedido e a loja não respondeu.,0,1459,0,3,0,,sem resposta,autoaprovada,aprovada,62.41,0
CON02756,PED033092,2025-04-04,CLI10865,LOJ0307,5,42.20,pedido_incorreto,Entregaram outro item no lugar do que comprei.,1,1125,1,1,0,,respondida,revisao_manual,negada,"0,00",0
CON02757,PED035946,2025-04-28,CLI15577,LOJ0387,4,114.87,produto_avariado,O item vazou durante a entrega e não dava para consumir.,1,2043,2,2,0,,SEM RESPOSTA,autoaprovada,aprovada,60.39,0
CON02758,PED033382,2025-04-02,CLI13645,LOJ0384,3,107.93,item_faltante,"O pedido chegou incompleto, faltou parte da compra.",0,954,2,2,0,GRP039,respondida,autoaprovada,aprovada,101.01,1
CON02759,PED039500,2025-04-08,CLI02439,LOJ0443,3,"74,72",item_faltante,"O pedido chegou incompleto, faltou parte da compra.",0,1406,2,2,0,,sem_resposta,negada_ou_retirada,retirada,"R$ 0,00",0
CON02760,PED030649,2025-04-06,CLI05650,LOJ0321,2,90.88,pedido_incorreto,Recebi produtos diferentes do que selecionei.,0,1888,0,1,0,,sem resposta,autoaprovada,aprovada,53.51,1
CON02761,PED035126,23/04/2025,CLI15740,LOJ0010,2,89.06,ITEM FALTANTE,"O pedido chegou incompleto, faltou parte da compra.",1,116,1,1,0,,respondida,autoaprovada,aprovada,84.16,0
CON02762,PED033975,2025-04-14,CLI06545,LOJ0254,2,"R$ 109,62",pedido_incorreto,Recebi produtos diferentes do que selecionei.,1,2392,0,2,0,,sem_resposta,autoaprovada,aprovada,74.93,1
CON02763,PED033950,2025-04-08,CLI00496,LOJ0200,7,109.98,item_faltante,"O pedido chegou incompleto, faltou parte da compra.",0,2195,1,5,0,,SEM RESPOSTA,autoaprovada,aprovada,"47,47",0
CON02764,PED037568,2025-04-04,CLI01012,LOJ0160,5,60.42,pedido_incorreto,O pedido veio errado e preciso corrigir a cobrança.,1,2008,0,5,0,,sem resposta,negada_ou_retirada,negada,0.00,0
CON02765,PED030618,2025-04-08,CLI09799,LOJ0421,6,126.54,pedido_incorreto,Recebi produtos diferentes do que selecionei.,1,1660,0,3,0,,SEM RESPOSTA,autoaprovada,aprovada,104.88,0
CON02766,PED031710,2025-04-17,CLI07004,LOJ0245,5,"117,35",produto_avariado,O item vazou durante a entrega e não dava para consumir.,1,562,0,5,0,,respondida,autoaprovada,aprovada,90.43,1
CON02767,PED034526,14/04/2025,CLI17376,LOJ0304,2,89.48,qualidade,A qualidade não correspondeu ao que foi anunciado.,1,811,0,1,0,,sem_resposta,autoaprovada,aprovada,82.32,1
CON02768,PED036763,2025-04-03,CLI02210,LOJ0073,2,118.27,produto_avariado,A embalagem chegou aberta e o produto estava avariado.,1,1123,1,1,0,,respondida,autoaprovada,aprovada,103.77,0
CON02769,PED039374,2025-04-29,CLI17275,LOJ0331,2,107.17,item_faltante,Não recebi todos os itens que estavam na nota.,1,718,0,2,0,,sem resposta,autoaprovada,aprovada,80.90,1
CON02770,PED034013,2025-04-14,CLI08720,LOJ0355,2,87.59,pedido_incorreto,Entregaram outro item no lugar do que comprei.,1,1658,0,2,1,,respondida,autoaprovada,aprovada,"R$ 58,58",1
CON02771,PED039452,2025-04-03,CLI11047,LOJ0194,5,128.25,pedido_incorreto,O pedido veio errado e preciso corrigir a cobrança.,1,1906,2,2,0,,respondida,autoaprovada,aprovada,114.43,0
CON02772,PED031974,2025-04-11,CLI04789,LOJ0253,2,135.27,item_faltante,Não recebi todos os itens que estavam na nota.,0,1167,1,2,0,,sem_resposta,autoaprovada,aprovada,80.52,0
CON02773,PED035339,07/04/2025,CLI07452,LOJ0261,6,"R$ 120,56",qualidade,A comida chegou fria e com qualidade abaixo do esperado.,1,621,0,2,0,,respondida,autoaprovada,aprovada,85.78,0
CON02774,PED035878,2025-04-04,CLI14417,LOJ0231,2,109.22,pedido_incorreto,Entregaram outro item no lugar do que comprei.,1,1278,0,1,0,,respondida,autoaprovada,aprovada,56.85,0
CON02775,PED031733,2025-04-24,CLI16287,LOJ0347,3,119.65,item_faltante,"O pedido chegou incompleto, faltou parte da compra.",1,1253,0,2,0,,SEM RESPOSTA,autoaprovada,aprovada,111.83,1
CON02776,PED030462,2025-04-07,CLI07839,LOJ0139,3,88.20,qualidade,A comida chegou fria e com qualidade abaixo do esperado.,1,1053,0,1,0,,respondida,revisao_manual,aprovada,56.81,0
CON02777,PED032020,2025-04-16,CLI06069,LOJ0304,6,128.87,pedido_incorreto,Recebi produtos diferentes do que selecionei.,1,1741,0,4,0,,respondida,autoaprovada,aprovada,"95,61",0
CON02778,PED031641,2025-04-12,CLI15068,LOJ0019,2,63.80,produto_avariado,A embalagem chegou aberta e o produto estava avariado.,0,2181,2,1,0,,sem resposta,revisao_manual,negada,0.00,0
CON02779,PED038352,28/04/2025,CLI11780,LOJ0316,2,132.32,qualidade,O produto estava com aparência ruim quando chegou.,1,547,3,1,1,,respondida,autoaprovada,aprovada,110.20,0
CON02780,PED037719,2025-04-24,CLI07059,LOJ0318,6,"111,04",pedido_incorreto,Entregaram outro item no lugar do que comprei.,1,1777,0,1,0,,SEM RESPOSTA,autoaprovada,aprovada,94.91,0
CON02781,PED030062,2025-04-15,CLI08230,LOJ0408,4,88.92,pedido_incorreto,Recebi produtos diferentes do que selecionei.,1,1771,1,2,0,,sem_resposta,autoaprovada,aprovada,"R$ 73,72",0
CON02782,PED034111,2025-04-02,CLI17322,LOJ0188,2,62.39,produto_avariado,A embalagem chegou aberta e o produto estava avariado.,1,1451,3,2,1,,sem resposta,negada_ou_retirada,negada,0.00,0
CON02783,PED031432,2025-04-12,CLI17858,LOJ0255,2,210.38,item_faltante,Não recebi todos os itens que estavam na nota.,1,2012,0,1,0,,respondida,negada_ou_retirada,retirada,0.00,0
CON02784,PED031082,2025-04-14,CLI02919,LOJ0345,2,"R$ 84,12",ITEM FALTANTE,Não recebi todos os itens que estavam na nota.,1,327,1,2,0,,respondida,autoaprovada,aprovada,"50,54",0
CON02785,PED037297,05/04/2025,CLI00416,LOJ0436,5,121.49,qualidade,A qualidade não correspondeu ao que foi anunciado.,0,421,2,1,0,,respondida,revisao_manual,aprovada,86.13,1
CON02786,PED029994,2025-04-25,CLI04749,LOJ0299,2,70.48,pedido_incorreto,O pedido veio errado e preciso corrigir a cobrança.,1,637,2,1,0,,respondida,negada_ou_retirada,retirada,0.00,0
CON02787,PED029405,2025-04-30,CLI07058,LOJ0379,4,"54,84",item_faltante,Faltou um item do pedido e a loja não respondeu.,1,305,0,1,0,,respondida,autoaprovada,aprovada,49.75,0
CON02788,PED034396,2025-04-04,CLI16030,LOJ0046,3,108.42,item_faltante,Faltou um item do pedido e a loja não respondeu.,1,349,1,3,0,,respondida,autoaprovada,aprovada,83.63,0
CON02789,PED036830,2025-04-12,CLI13401,LOJ0256,5,97.55,qualidade,O produto estava com aparência ruim quando chegou.,0,720,1,4,0,,sem_resposta,revisao_manual,aprovada,92.07,0
CON02790,PED030362,2025-04-05,CLI16172,LOJ0309,3,83.40,qualidade,A comida chegou fria e com qualidade abaixo do esperado.,0,1921,0,3,0,,SEM RESPOSTA,autoaprovada,aprovada,44.08,0
CON02791,PED038647,28/04/2025,CLI15146,LOJ0383,2,196.71,item_faltante,Faltou um item do pedido e a loja não respondeu.,1,888,1,1,0,,respondida,autoaprovada,aprovada,"161,93",0
CON02792,PED034918,2025-04-26,CLI06055,LOJ0140,3,98.98,qualidade,O produto estava com aparência ruim quando chegou.,1,1647,0,2,0,,respondida,revisao_manual,aprovada,"R$ 71,96",0
CON02793,PED039449,2025-04-27,CLI06416,LOJ0422,2,101.91,produto_avariado,A embalagem chegou aberta e o produto estava avariado.,1,1376,2,2,0,,respondida,autoaprovada,aprovada,82.43,1
CON02794,PED035144,2025-04-10,CLI06417,LOJ0072,3,"111,35",item_faltante,Faltou um item do pedido e a loja não respondeu.,1,971,0,2,0,,respondida,autoaprovada,aprovada,68.76,0
CON02795,PED032337,2025-04-18,CLI11796,LOJ0325,2,"R$ 82,00",nao_entregue,"O aplicativo marcou como entregue, mas não recebi o pedido.",1,997,1,2,0,,sem resposta,negada_ou_retirada,retirada,0.00,0
CON02796,PED036340,2025-04-19,CLI13127,LOJ0072,5,81.15,item_faltante,"O pedido chegou incompleto, faltou parte da compra.",1,2184,4,3,0,GRP051,SEM RESPOSTA,autoaprovada,aprovada,48.33,0
CON02797,PED034741,16/04/2025,CLI09265,LOJ0129,7,103.38,item_faltante,"O pedido chegou incompleto, faltou parte da compra.",1,578,0,7,0,,respondida,autoaprovada,aprovada,75.79,1
CON02798,PED034655,2025-04-17,CLI05130,LOJ0361,7,57.47,produto_avariado,A embalagem chegou aberta e o produto estava avariado.,0,449,0,7,0,,respondida,autoaprovada,aprovada,"43,32",1
CON02799,PED037539,2025-04-16,CLI01536,LOJ0326,2,142.87,pedido_incorreto,O pedido veio errado e preciso corrigir a cobrança.,1,2087,0,1,0,,respondida,revisao_manual,aprovada,122.67,0
CON02800,PED034044,2025-04-28,CLI09135,LOJ0385,3,249.96,qualidade,A qualidade não correspondeu ao que foi anunciado.,1,582,1,2,0,GRP087,sem_resposta,autoaprovada,aprovada,212.42,0
CON02801,PED038139,2025-04-23,CLI09840,LOJ0327,3,"48,73",item_faltante,"O pedido chegou incompleto, faltou parte da compra.",1,446,2,2,0,,respondida,autoaprovada,aprovada,40.10,0
CON02802,PED030173,2025-04-10,CLI08035,LOJ0196,6,165.53,item_faltante,Não recebi todos os itens que estavam na nota.,0,726,2,1,0,,sem resposta,autoaprovada,aprovada,140.06,0
CON02803,PED033441,30/04/2025,CLI05608,LOJ0201,2,112.68,nao_entregue,"Consta entrega concluída, porém nada foi recebido.",1,1690,0,1,1,,respondida,revisao_manual,aprovada,"R$ 96,98",0
CON02804,PED030158,2025-04-17,CLI16565,LOJ0312,2,146.94,item_faltante,Não recebi todos os itens que estavam na nota.,1,928,0,1,0,,respondida,autoaprovada,aprovada,110.10,0
CON02805,PED029296,2025-04-03,CLI00316,LOJ0340,3,62.90,pedido_incorreto,Recebi produtos diferentes do que selecionei.,1,414,1,2,0,,respondida,negada_ou_retirada,retirada,"0,00",0
CON02806,PED030643,2025-04-22,CLI15226,LOJ0422,6,"R$ 46,38",produto_avariado,O item vazou durante a entrega e não dava para consumir.,1,1966,0,5,0,,sem_resposta,negada_ou_retirada,negada,0.00,0
CON02807,PED038708,2025-04-10,CLI14249,LOJ0131,5,132.07,ITEM FALTANTE,Não recebi todos os itens que estavam na nota.,1,2112,1,4,0,,respondida,autoaprovada,aprovada,98.13,0
CON02808,PED030464,2025-04-29,CLI02866,LOJ0441,5,"96,56",pedido_incorreto,,1,1606,0,3,0,,respondida,autoaprovada,aprovada,65.63,0
CON02809,PED036066,30/04/2025,CLI05014,LOJ0437,6,66.91,produto_avariado,O produto chegou danificado dentro da sacola.,1,703,0,5,0,,SEM RESPOSTA,autoaprovada,aprovada,42.76,1
CON02810,PED032335,2025-04-08,CLI00359,LOJ0158,3,114.74,pedido_incorreto,O pedido veio errado e preciso corrigir a cobrança.,1,1054,0,3,0,,respondida,autoaprovada,aprovada,87.14,0
CON02811,PED030239,2025-04-23,CLI07425,LOJ0114,5,137.40,nao_entregue,O pedido não chegou no endereço informado.,0,1231,2,3,0,,respondida,autoaprovada,aprovada,103.59,0
CON02812,PED031483,2025-04-27,CLI05894,LOJ0198,3,122.26,item_faltante,Não recebi todos os itens que estavam na nota.,1,842,2,2,0,,respondida,revisao_manual,aprovada,"73,79",0
CON02813,PED035464,2025-04-28,CLI13576,LOJ0306,2,89.92,item_faltante,Faltou um item do pedido e a loja não respondeu.,1,262,5,1,0,,respondida,autoaprovada,aprovada,74.63,0
CON02814,PED037095,2025-04-25,CLI07193,LOJ0221,2,96.85,nao_entregue,O pedido não chegou no endereço informado.,1,1935,0,2,0,,respondida,revisao_manual,aprovada,"R$ 62,04",0
CON02815,PED030678,11/04/2025,CLI14584,LOJ0407,2,"94,86",qualidade,A comida chegou fria e com qualidade abaixo do esperado.,1,824,1,1,0,,respondida,autoaprovada,aprovada,76.59,0
CON02816,PED031797,2025-04-25,CLI02737,LOJ0321,4,90.42,pedido_incorreto,O pedido veio errado e preciso corrigir a cobrança.,1,748,0,3,0,,respondida,revisao_manual,aprovada,74.69,0
CON02817,PED038300,2025-04-08,CLI08884,LOJ0098,7,"R$ 74,15",item_faltante,Não recebi todos os itens que estavam na nota.,1,581,1,2,0,,respondida,autoaprovada,aprovada,61.82,0
CON02818,PED035899,2025-04-17,CLI17993,LOJ0289,6,52.17,item_faltante,Faltou um item do pedido e a loja não respondeu.,1,386,0,3,0,,respondida,negada_ou_retirada,retirada,0.00,0
CON02819,PED037768,2025-04-06,CLI10382,LOJ0007,4,89.63,pedido_incorreto,Recebi produtos diferentes do que selecionei.,0,1672,0,2,0,,respondida,autoaprovada,aprovada,"76,90",0
CON02820,PED038948,2025-04-14,CLI04985,LOJ0264,3,93.97,qualidade,A comida chegou fria e com qualidade abaixo do esperado.,1,2375,0,1,0,,respondida,autoaprovada,aprovada,81.41,0
CON02821,PED035759,16/04/2025,CLI09028,LOJ0353,4,119.02,pedido_incorreto,Entregaram outro item no lugar do que comprei.,1,1461,0,3,0,,respondida,autoaprovada,aprovada,95.58,0
CON02822,PED030179,2025-04-03,CLI03454,LOJ0324,3,"44,44",item_faltante,Faltou um item do pedido e a loja não respondeu.,1,232,0,2,0,,sem resposta,negada_ou_retirada,retirada,0.00,0
CON02823,PED039153,2025-04-02,CLI10037,LOJ0225,2,86.81,produto_avariado,O produto chegou danificado dentro da sacola.,1,1555,0,1,0,,respondida,autoaprovada,aprovada,61.06,0
CON02824,PED033414,2025-04-02,CLI13742,LOJ0254,5,92.44,item_faltante,Não recebi todos os itens que estavam na nota.,1,2266,0,5,0,,respondida,autoaprovada,aprovada,53.58,0
CON02825,PED035629,2025-04-14,CLI12015,LOJ0339,5,132.36,pedido_incorreto,Entregaram outro item no lugar do que comprei.,0,631,1,5,0,,respondida,negada_ou_retirada,retirada,"R$ 0,00",0
CON02826,PED033225,2025-04-29,CLI12091,LOJ0053,5,43.45,item_faltante,Faltou um item do pedido e a loja não respondeu.,1,2006,0,2,1,,SEM RESPOSTA,negada_ou_retirada,negada,"0,00",0
CON02827,PED037884,10/04/2025,CLI09150,LOJ0335,3,58.72,pedido_incorreto,Recebi produtos diferentes do que selecionei.,1,154,0,1,0,GRP045,respondida,negada_ou_retirada,negada,0.00,0
CON02828,PED039218,2025-04-29,CLI12920,LOJ0039,2,"R$ 112,08",qualidade,O produto estava com aparência ruim quando chegou.,1,1143,0,1,0,,respondida,autoaprovada,aprovada,87.15,0
CON02829,PED034983,2025-04-09,CLI17626,LOJ0080,5,"161,86",produto_avariado,O item vazou durante a entrega e não dava para consumir.,0,1960,6,3,1,,sem_resposta,revisao_manual,aprovada,131.13,1
CON02830,PED032643,2025-04-10,CLI11532,LOJ0236,7,184.53,PRODUTO AVARIADO,O item vazou durante a entrega e não dava para consumir.,1,721,0,6,0,GRP039,respondida,autoaprovada,aprovada,168.19,1
CON02831,PED036153,2025-04-24,CLI16365,LOJ0036,4,85.18,item_faltante,"O pedido chegou incompleto, faltou parte da compra.",1,23,0,2,0,,respondida,autoaprovada,aprovada,51.99,0
CON02832,PED037554,2025-04-29,CLI10013,LOJ0056,3,184.83,pedido_incorreto,O pedido veio errado e preciso corrigir a cobrança.,1,1600,1,2,0,,respondida,negada_ou_retirada,retirada,0.00,0
CON02833,PED030074,22/04/2025,CLI10775,LOJ0314,4,133.40,item_faltante,Faltou um item do pedido e a loja não respondeu.,1,838,1,3,1,,respondida,autoaprovada,aprovada,"105,45",0
CON02834,PED034473,2025-04-15,CLI00080,LOJ0140,2,86.25,qualidade,A qualidade não correspondeu ao que foi anunciado.,0,1546,2,1,0,,respondida,autoaprovada,aprovada,60.51,0
CON02835,PED031015,2025-04-26,CLI07917,LOJ0040,2,127.17,pedido_incorreto,Recebi produtos diferentes do que selecionei.,1,500,0,1,0,,sem resposta,negada_ou_retirada,negada,0.00,0
CON02836,PED031860,2025-04-24,CLI03629,LOJ0164,4,"33,80",item_faltante,"O pedido chegou incompleto, faltou parte da compra.",1,1534,2,3,0,,sem_resposta,revisao_manual,negada,"R$ 0,00",0
CON02837,PED038734,2025-04-04,CLI17680,LOJ0284,3,85.16,item_faltante,Faltou um item do pedido e a loja não respondeu.,1,387,0,1,1,,SEM RESPOSTA,autoaprovada,aprovada,39.10,0
CON02838,PED034032,2025-04-20,CLI11775,LOJ0371,2,155.07,pedido_incorreto,Recebi produtos diferentes do que selecionei.,1,470,1,1,0,,respondida,autoaprovada,aprovada,150.47,0
CON02839,PED031511,09/04/2025,CLI15804,LOJ0027,5,"R$ 133,49",pedido_incorreto,O pedido veio errado e preciso corrigir a cobrança.,1,1396,2,3,0,,sem resposta,revisao_manual,aprovada,89.23,1
CON02840,PED033633,2025-04-18,CLI11194,LOJ0257,2,90.16,item_faltante,Faltou um item do pedido e a loja não respondeu.,0,1886,1,1,0,,respondida,autoaprovada,aprovada,"78,95",0
CON02841,PED034490,2025-04-14,CLI09794,LOJ0321,4,91.17,item_faltante,"O pedido chegou incompleto, faltou parte da compra.",0,1234,1,3,0,,respondida,autoaprovada,aprovada,45.03,0
CON02842,PED030658,2025-04-05,CLI14395,LOJ0112,2,97.67,item_faltante,Faltou um item do pedido e a loja não respondeu.,1,2231,0,1,0,,SEM RESPOSTA,autoaprovada,aprovada,72.34,0
CON02843,PED029561,2025-04-24,CLI03809,LOJ0214,3,"102,09",item_faltante,Faltou um item do pedido e a loja não respondeu.,1,148,1,1,0,,sem_resposta,negada_ou_retirada,negada,0.00,0
CON02844,PED031597,2025-04-12,CLI05692,LOJ0170,5,135.97,qualidade,A qualidade não correspondeu ao que foi anunciado.,0,71,0,1,0,GRP014,respondida,autoaprovada,aprovada,75.42,1
CON02845,PED039298,25/04/2025,CLI05518,LOJ0137,3,81.56,item_faltante,"O pedido chegou incompleto, faltou parte da compra.",1,1060,0,2,0,,sem resposta,autoaprovada,aprovada,67.48,1
CON02846,PED037837,2025-04-21,CLI17591,LOJ0173,2,89.85,produto_avariado,O produto chegou danificado dentro da sacola.,1,2269,2,1,0,,respondida,autoaprovada,aprovada,61.55,1
CON02847,PED038718,2025-04-09,CLI09932,LOJ0275,2,161.45,produto_avariado,O produto chegou danificado dentro da sacola.,1,1591,1,1,0,,sem_resposta,autoaprovada,aprovada,"R$ 139,58",0
CON02848,PED038439,2025-04-19,CLI03758,LOJ0279,6,36.69,produto_avariado,A embalagem chegou aberta e o produto estava avariado.,1,236,0,2,0,,SEM RESPOSTA,negada_ou_retirada,retirada,0.00,0
CON02849,PED035778,2025-04-14,CLI16840,LOJ0239,5,106.20,qualidade,A qualidade não correspondeu ao que foi anunciado.,1,794,0,4,0,,respondida,autoaprovada,aprovada,77.01,0
CON02850,PED037903,2025-04-30,CLI02501,LOJ0132,2,"R$ 159,43",item_faltante,Faltou um item do pedido e a loja não respondeu.,0,1244,0,2,1,,respondida,autoaprovada,aprovada,52.65,1
CON02851,PED034735,27/04/2025,CLI02291,LOJ0407,5,103.51,pedido_incorreto,O pedido veio errado e preciso corrigir a cobrança.,0,1601,1,5,0,,respondida,revisao_manual,aprovada,80.73,0
CON02852,PED029741,2025-04-29,CLI14120,LOJ0034,6,124.45,item_faltante,"O pedido chegou incompleto, faltou parte da compra.",1,1058,1,1,0,,respondida,autoaprovada,aprovada,87.01,0
CON02853,PED033838,2025-04-24,CLI00349,LOJ0035,7,83.57,NAO ENTREGUE,"O aplicativo marcou como entregue, mas não recebi o pedido.",0,1535,4,2,0,,respondida,autoaprovada,aprovada,58.77,0
CON02854,PED035471,2025-04-09,CLI17213,LOJ0231,7,79.96,pedido_incorreto,O pedido veio errado e preciso corrigir a cobrança.,1,1178,2,6,0,,sem resposta,revisao_manual,negada,"0,00",0
CON02855,PED029585,2025-04-20,CLI14184,LOJ0127,4,145.07,produto_avariado,O produto chegou danificado dentro da sacola.,1,1278,1,1,0,,respondida,autoaprovada,aprovada,109.93,1
CON02856,PED036850,2025-04-13,CLI05766,LOJ0304,2,68.51,item_faltante,Não recebi todos os itens que estavam na nota.,0,235,0,1,0,,respondida,autoaprovada,aprovada,57.97,0
CON02857,PED029135,20/04/2025,CLI07943,LOJ0221,7,"94,43",item_faltante,"O pedido chegou incompleto, faltou parte da compra.",0,484,0,5,0,,respondida,autoaprovada,aprovada,29.05,0
CON02858,PED034835,2025-04-08,CLI01886,LOJ0054,3,109.56,item_faltante,Faltou um item do pedido e a loja não respondeu.,0,492,0,2,0,,respondida,negada_ou_retirada,negada,"R$ 0,00",0
CON02859,PED033993,2025-04-30,CLI03473,LOJ0442,4,143.49,item_faltante,"O pedido chegou incompleto, faltou parte da compra.",1,2267,1,4,0,,respondida,autoaprovada,aprovada,130.13,0
CON02860,PED032387,2025-04-15,CLI15157,LOJ0128,2,195.28,item_faltante,"O pedido chegou incompleto, faltou parte da compra.",1,682,1,1,0,,respondida,autoaprovada,aprovada,92.95,1
CON02861,PED038061,2025-04-21,CLI14441,LOJ0356,4,"R$ 152,21",pedido_incorreto,Recebi produtos diferentes do que selecionei.,0,267,1,1,0,,respondida,autoaprovada,aprovada,"124,71",0
CON02862,PED030854,2025-04-06,CLI13014,LOJ0057,2,35.52,item_faltante,"O pedido chegou incompleto, faltou parte da compra.",1,2206,0,2,0,,SEM RESPOSTA,revisao_manual,negada,0.00,0
CON02863,PED039204,07/04/2025,CLI05709,LOJ0441,2,52.59,produto_avariado,A embalagem chegou aberta e o produto estava avariado.,0,1399,0,1,0,,respondida,autoaprovada,aprovada,38.29,0
CON02864,PED030272,2025-04-11,CLI15462,LOJ0255,2,"174,57",nao_entregue,"O aplicativo marcou como entregue, mas não recebi o pedido.",1,148,0,1,0,,sem_resposta,autoaprovada,aprovada,152.27,0
CON02865,PED035467,2025-04-15,CLI12272,LOJ0062,5,95.33,qualidade,O produto estava com aparência ruim quando chegou.,1,1396,1,2,0,,respondida,autoaprovada,aprovada,81.49,0
CON02866,PED035770,2025-04-01,CLI07735,LOJ0293,2,92.70,qualidade,O produto estava com aparência ruim quando chegou.,1,1917,1,1,0,,respondida,autoaprovada,aprovada,78.17,0
CON02867,PED029158,2025-04-29,CLI10520,LOJ0280,7,72.70,qualidade,A qualidade não correspondeu ao que foi anunciado.,1,113,5,3,0,,sem resposta,autoaprovada,aprovada,45.04,0
CON02868,PED036918,2025-04-20,CLI10129,LOJ0401,2,123.77,item_faltante,Faltou um item do pedido e a loja não respondeu.,1,117,0,1,0,,respondida,autoaprovada,aprovada,"107,99",0
CON02869,PED038725,09/04/2025,CLI09053,LOJ0078,2,105.82,produto_avariado,O item vazou durante a entrega e não dava para consumir.,1,2089,1,1,1,GRP008,respondida,autoaprovada,aprovada,"R$ 82,18",0
CON02870,PED030607,2025-04-16,CLI02213,LOJ0429,2,85.57,item_faltante,Não recebi todos os itens que estavam na nota.,0,647,1,1,0,GRP118,sem_resposta,revisao_manual,aprovada,66.26,0
CON02871,PED038649,2025-04-11,CLI09104,LOJ0444,2,"60,86",item_faltante,"O pedido chegou incompleto, faltou parte da compra.",0,1716,1,1,0,,respondida,autoaprovada,aprovada,32.30,0
CON02872,PED037689,2025-04-06,CLI07395,LOJ0225,5,"R$ 118,13",pedido_incorreto,O pedido veio errado e preciso corrigir a cobrança.,1,2318,0,4,0,,respondida,autoaprovada,aprovada,105.41,0
CON02873,PED037307,2025-04-08,CLI10960,LOJ0192,4,89.09,produto_avariado,O produto chegou danificado dentro da sacola.,1,1785,0,2,0,,respondida,autoaprovada,aprovada,44.41,0
CON02874,PED037944,2025-04-29,CLI17652,LOJ0366,5,50.13,qualidade,A comida chegou fria e com qualidade abaixo do esperado.,0,1595,0,4,0,,respondida,negada_ou_retirada,negada,0.00,0
CON02875,PED030140,18/04/2025,CLI06080,LOJ0285,2,97.19,produto_avariado,A embalagem chegou aberta e o produto estava avariado.,0,1133,1,1,0,,respondida,autoaprovada,aprovada,"54,40",0
CON02876,PED037727,2025-04-11,CLI13770,LOJ0235,2,88.72,ITEM FALTANTE,"O pedido chegou incompleto, faltou parte da compra.",1,221,0,1,0,,respondida,autoaprovada,aprovada,70.11,0
CON02877,PED030995,2025-04-01,CLI07255,LOJ0201,6,164.03,produto_avariado,A embalagem chegou aberta e o produto estava avariado.,1,1101,1,1,0,,SEM RESPOSTA,autoaprovada,aprovada,95.83,0
CON02878,PED035035,2025-04-30,CLI04333,LOJ0422,2,"130,85",qualidade,A qualidade não correspondeu ao que foi anunciado.,1,2124,0,1,0,,sem resposta,autoaprovada,aprovada,121.18,0
CON02879,PED032839,2025-04-26,CLI08410,LOJ0037,5,49.02,item_faltante,Faltou um item do pedido e a loja não respondeu.,1,1184,4,4,0,GRP003,respondida,negada_ou_retirada,negada,0.00,0
CON02880,PED036786,2025-04-16,CLI07508,LOJ0008,6,109.00,item_faltante,"O pedido chegou incompleto, faltou parte da compra.",1,2361,1,2,0,,SEM RESPOSTA,autoaprovada,aprovada,"R$ 73,27",0
CON02881,PED037440,06/04/2025,CLI11092,LOJ0251,3,64.51,item_faltante,Não recebi todos os itens que estavam na nota.,1,1562,0,2,0,GRP020,respondida,negada_ou_retirada,negada,0.00,0
CON02882,PED034212,2025-04-27,CLI12134,LOJ0131,6,86.62,nao_entregue,"O aplicativo marcou como entregue, mas não recebi o pedido.",1,1606,1,4,0,,sem_resposta,autoaprovada,aprovada,"28,43",0
CON02883,PED035571,2025-04-18,CLI15129,LOJ0430,7,"R$ 106,57",pedido_incorreto,Recebi produtos diferentes do que selecionei.,1,2285,0,5,0,,sem resposta,autoaprovada,aprovada,78.16,0
CON02884,PED033463,2025-04-01,CLI17709,LOJ0434,6,77.07,qualidade,O produto estava com aparência ruim quando chegou.,1,2128,1,5,0,GRP073,respondida,autoaprovada,aprovada,56.36,0
CON02885,PED031257,2025-04-06,CLI07478,LOJ0104,7,"174,33",item_faltante,Faltou um item do pedido e a loja não respondeu.,0,492,0,2,1,,sem_resposta,autoaprovada,aprovada,156.29,1
CON02886,PED037715,2025-04-26,CLI08630,LOJ0106,2,73.27,pedido_incorreto,Recebi produtos diferentes do que selecionei.,1,940,0,1,0,,respondida,autoaprovada,aprovada,47.18,1
CON02887,PED038693,17/04/2025,CLI05851,LOJ0292,6,59.93,produto_avariado,O item vazou durante a entrega e não dava para consumir.,1,505,1,3,1,,respondida,autoaprovada,aprovada,25.28,0
CON02888,PED031448,2025-04-17,CLI09666,LOJ0194,5,99.55,item_faltante,"O pedido chegou incompleto, faltou parte da compra.",0,549,0,1,0,,respondida,autoaprovada,aprovada,77.37,0
CON02889,PED035742,2025-04-27,CLI04626,LOJ0248,7,113.31,item_faltante,Não recebi todos os itens que estavam na nota.,0,411,1,6,0,GRP097,SEM RESPOSTA,autoaprovada,aprovada,"34,34",0
CON02890,PED031982,2025-04-17,CLI15867,LOJ0163,2,46.53,item_faltante,Faltou um item do pedido e a loja não respondeu.,1,835,0,1,0,,sem resposta,revisao_manual,negada,0.00,0
CON02891,PED035093,2025-04-30,CLI17457,LOJ0382,7,123.93,produto_avariado,O item vazou durante a entrega e não dava para consumir.,1,1329,0,7,1,,respondida,autoaprovada,aprovada,"R$ 109,89",1
CON02892,PED037581,2025-04-08,CLI04046,LOJ0067,2,"69,78",item_faltante,"O pedido chegou incompleto, faltou parte da compra.",1,937,0,2,0,,respondida,autoaprovada,aprovada,58.91,0
CON02893,PED032404,15/04/2025,CLI02175,LOJ0155,2,86.87,pedido_incorreto,Entregaram outro item no lugar do que comprei.,1,90,2,1,0,,SEM RESPOSTA,revisao_manual,aprovada,43.14,0
CON02894,PED037037,2025-04-02,CLI03227,LOJ0214,4,"R$ 153,50",item_faltante,Faltou um item do pedido e a loja não respondeu.,1,586,1,4,0,,sem_resposta,autoaprovada,aprovada,126.34,0
CON02895,PED036910,2025-04-19,CLI10792,LOJ0349,2,136.60,item_faltante,"O pedido chegou incompleto, faltou parte da compra.",1,666,1,1,0,,respondida,revisao_manual,aprovada,102.01,0
CON02896,PED029369,2025-04-07,CLI00331,LOJ0048,5,164.43,qualidade,A comida chegou fria e com qualidade abaixo do esperado.,1,2322,1,1,0,,sem resposta,revisao_manual,aprovada,"150,46",0
CON02897,PED035288,2025-04-15,CLI14174,LOJ0393,3,174.05,nao_entregue,"Consta entrega concluída, porém nada foi recebido.",0,819,2,2,0,,sem_resposta,autoaprovada,aprovada,162.31,1
CON02898,PED039193,2025-04-20,CLI01196,LOJ0350,2,68.45,pedido_incorreto,Recebi produtos diferentes do que selecionei.,0,714,0,2,0,,SEM RESPOSTA,autoaprovada,aprovada,40.54,0
CON02899,PED029454,23/04/2025,CLI04244,LOJ0112,5,"108,51",QUALIDADE,O produto estava com aparência ruim quando chegou.,1,628,0,1,0,,respondida,autoaprovada,aprovada,65.18,0
CON02900,PED032116,2025-04-25,CLI02118,LOJ0280,2,92.54,nao_entregue,"O aplicativo marcou como entregue, mas não recebi o pedido.",1,1238,6,1,0,,sem resposta,autoaprovada,aprovada,59.84,0
CON02901,PED029761,2025-04-26,CLI06930,LOJ0305,5,127.25,pedido_incorreto,O pedido veio errado e preciso corrigir a cobrança.,1,1679,1,4,0,,SEM RESPOSTA,revisao_manual,aprovada,95.45,0
CON02902,PED033787,2025-04-24,CLI00801,LOJ0098,2,94.58,qualidade,O produto estava com aparência ruim quando chegou.,0,1098,2,1,0,,sem_resposta,autoaprovada,aprovada,"R$ 60,88",0
CON02903,PED030161,2025-04-18,CLI03400,LOJ0315,2,86.25,qualidade,O produto estava com aparência ruim quando chegou.,1,1221,0,2,0,,respondida,autoaprovada,aprovada,"52,17",1
CON02904,PED034701,2025-04-11,CLI00097,LOJ0002,6,122.04,qualidade,A qualidade não correspondeu ao que foi anunciado.,1,1189,1,6,0,GRP109,respondida,autoaprovada,aprovada,88.04,1
CON02905,PED033513,29/04/2025,CLI00515,LOJ0436,3,"R$ 66,07",produto_avariado,A embalagem chegou aberta e o produto estava avariado.,0,2224,0,2,0,,respondida,autoaprovada,aprovada,49.80,0
CON02906,PED038607,2025-04-10,CLI12256,LOJ0010,4,"91,98",produto_avariado,O produto chegou danificado dentro da sacola.,0,1435,0,1,0,,respondida,autoaprovada,aprovada,78.18,0
CON02907,PED031805,2025-04-23,CLI07590,LOJ0249,3,110.64,qualidade,O produto estava com aparência ruim quando chegou.,0,943,2,1,0,,respondida,autoaprovada,aprovada,100.41,0
CON02908,PED032510,2025-04-09,CLI15653,LOJ0193,2,60.66,pedido_incorreto,O pedido veio errado e preciso corrigir a cobrança.,0,236,0,1,0,,respondida,negada_ou_retirada,negada,0.00,0
CON02909,PED038198,2025-04-20,CLI05445,LOJ0092,3,111.18,pedido_incorreto,Recebi produtos diferentes do que selecionei.,1,110,1,1,0,,respondida,autoaprovada,aprovada,88.27,0
CON02910,PED030061,2025-04-08,CLI08579,LOJ0375,4,146.45,item_faltante,Faltou um item do pedido e a loja não respondeu.,1,1091,1,2,0,GRP027,respondida,autoaprovada,aprovada,"97,72",0
CON02911,PED030513,29/04/2025,CLI14937,LOJ0061,4,61.65,qualidade,A comida chegou fria e com qualidade abaixo do esperado.,1,1561,3,3,0,,sem resposta,autoaprovada,aprovada,33.04,0
CON02912,PED030881,2025-04-29,CLI10379,LOJ0243,6,165.88,pedido_incorreto,O pedido veio errado e preciso corrigir a cobrança.,1,2244,1,6,0,,respondida,autoaprovada,aprovada,134.01,1
CON02913,PED035510,2025-04-29,CLI11537,LOJ0155,2,"81,33",produto_avariado,O produto chegou danificado dentro da sacola.,1,37,0,1,0,,sem_resposta,negada_ou_retirada,negada,"R$ 0,00",0
CON02914,PED030829,2025-04-10,CLI13481,LOJ0298,7,160.94,item_faltante,Faltou um item do pedido e a loja não respondeu.,1,261,0,3,0,,SEM RESPOSTA,autoaprovada,aprovada,94.04,0
CON02915,PED031438,2025-04-16,CLI09775,LOJ0432,7,141.16,qualidade,A comida chegou fria e com qualidade abaixo do esperado.,1,426,2,2,0,,respondida,revisao_manual,aprovada,103.39,1
CON02916,PED034024,2025-04-16,CLI14677,LOJ0286,7,"R$ 66,04",nao_entregue,"O aplicativo marcou como entregue, mas não recebi o pedido.",1,1482,2,7,0,,respondida,revisao_manual,aprovada,33.16,0
CON02917,PED029636,04/04/2025,CLI13541,LOJ0148,3,159.19,qualidade,A qualidade não correspondeu ao que foi anunciado.,1,1940,0,3,0,,respondida,autoaprovada,aprovada,"140,28",0
CON02918,PED030155,2025-04-01,CLI16684,LOJ0358,2,140.53,qualidade,O produto estava com aparência ruim quando chegou.,1,478,1,1,0,,respondida,autoaprovada,aprovada,120.71,0
CON02919,PED035708,2025-04-12,CLI05370,LOJ0397,3,98.82,item_faltante,Não recebi todos os itens que estavam na nota.,1,1739,0,1,0,,respondida,autoaprovada,aprovada,68.91,0
CON02920,PED033912,2025-04-24,CLI04386,LOJ0292,3,"82,77",pedido_incorreto,Entregaram outro item no lugar do que comprei.,1,1927,2,3,1,,sem resposta,revisao_manual,aprovada,67.92,1
CON02921,PED038963,2025-04-04,CLI03996,LOJ0010,7,142.27,pedido_incorreto,O pedido veio errado e preciso corrigir a cobrança.,1,739,5,4,0,,SEM RESPOSTA,autoaprovada,aprovada,61.56,0
CON02922,PED032989,2025-04-21,CLI02728,LOJ0425,4,80.43,ITEM FALTANTE,Faltou um item do pedido e a loja não respondeu.,1,1963,0,3,0,,respondida,revisao_manual,aprovada,58.81,0
CON02923,PED030360,22/04/2025,CLI10324,LOJ0251,5,221.80,nao_entregue,"Consta entrega concluída, porém nada foi recebido.",0,642,0,2,0,,respondida,revisao_manual,aprovada,202.35,0
CON02924,PED038397,2025-04-26,CLI04780,LOJ0428,6,120.13,pedido_incorreto,Entregaram outro item no lugar do que comprei.,1,1223,2,6,0,,sem_resposta,autoaprovada,aprovada,"R$ 104,90",0
CON02925,PED038756,2025-04-26,CLI16963,LOJ0048,4,112.55,qualidade,A comida chegou fria e com qualidade abaixo do esperado.,1,2235,0,3,1,,sem resposta,autoaprovada,aprovada,105.48,1
CON02926,PED033096,2025-04-10,CLI08256,LOJ0316,4,154.07,item_faltante,Não recebi todos os itens que estavam na nota.,0,1564,1,1,0,,respondida,autoaprovada,aprovada,141.91,0
CON02927,PED038094,2025-04-27,CLI12043,LOJ0091,3,"R$ 152,83",item_faltante,Faltou um item do pedido e a loja não respondeu.,1,2156,0,2,0,,sem_resposta,autoaprovada,aprovada,124.73,0
CON02928,PED029963,2025-04-02,CLI09066,LOJ0253,4,82.13,item_faltante,Não recebi todos os itens que estavam na nota.,1,319,1,2,0,,SEM RESPOSTA,autoaprovada,aprovada,63.76,0
CON02929,PED034705,11/04/2025,CLI00661,LOJ0108,2,124.03,pedido_incorreto,Entregaram outro item no lugar do que comprei.,1,1153,6,1,1,,respondida,revisao_manual,aprovada,86.49,1
CON02930,PED031336,2025-04-01,CLI14134,LOJ0337,4,69.63,item_faltante,"O pedido chegou incompleto, faltou parte da compra.",1,1387,0,2,1,,respondida,autoaprovada,aprovada,53.43,0
CON02931,PED036321,2025-04-21,CLI15831,LOJ0420,7,76.94,produto_avariado,O item vazou durante a entrega e não dava para consumir.,1,1187,0,3,0,,respondida,autoaprovada,aprovada,"63,58",0
CON02932,PED035760,2025-04-09,CLI14654,LOJ0419,7,103.68,pedido_incorreto,Recebi produtos diferentes do que selecionei.,0,1273,0,6,0,,sem resposta,autoaprovada,aprovada,81.78,0
CON02933,PED039439,2025-04-24,CLI01728,LOJ0164,5,233.45,item_faltante,"O pedido chegou incompleto, faltou parte da compra.",0,1973,2,4,0,GRP066,SEM RESPOSTA,autoaprovada,aprovada,211.78,1
CON02934,PED036044,2025-04-11,CLI04399,LOJ0140,6,"182,91",item_faltante,Não recebi todos os itens que estavam na nota.,0,1974,1,6,0,,sem_resposta,autoaprovada,aprovada,117.44,0
CON02935,PED032655,19/04/2025,CLI00169,LOJ0014,5,129.85,pedido_incorreto,O pedido veio errado e preciso corrigir a cobrança.,1,210,2,1,0,,respondida,autoaprovada,aprovada,"R$ 79,44",0
CON02936,PED032715,2025-04-23,CLI04138,LOJ0035,2,64.54,qualidade,O produto estava com aparência ruim quando chegou.,1,2318,0,1,0,,respondida,autoaprovada,aprovada,38.91,0
CON02937,PED035336,2025-04-07,CLI07317,LOJ0386,7,136.52,pedido_incorreto,Entregaram outro item no lugar do que comprei.,0,1381,2,3,0,,respondida,autoaprovada,aprovada,130.90,0
CON02938,PED029406,2025-04-02,CLI05998,LOJ0344,2,"R$ 145,98",produto_avariado,O item vazou durante a entrega e não dava para consumir.,1,118,2,2,0,,sem resposta,revisao_manual,aprovada,"124,90",0
CON02939,PED036603,2025-04-19,CLI12024,LOJ0284,7,138.25,item_faltante,"O pedido chegou incompleto, faltou parte da compra.",0,466,3,3,0,,sem_resposta,autoaprovada,aprovada,112.45,0
CON02940,PED036429,2025-04-08,CLI03552,LOJ0292,2,83.98,pedido_incorreto,O pedido veio errado e preciso corrigir a cobrança.,0,1648,0,1,0,,SEM RESPOSTA,autoaprovada,aprovada,58.52,0
CON02941,PED032241,24/04/2025,CLI17781,LOJ0341,5,"96,17",qualidade,A comida chegou fria e com qualidade abaixo do esperado.,1,1360,0,3,0,,sem resposta,negada_ou_retirada,negada,0.00,0
CON02942,PED038721,2025-04-07,CLI13054,LOJ0438,4,50.86,item_faltante,"O pedido chegou incompleto, faltou parte da compra.",1,1751,0,3,0,,respondida,negada_ou_retirada,negada,0.00,0
CON02943,PED032539,2025-04-10,CLI14740,LOJ0174,2,249.79,nao_entregue,"Consta entrega concluída, porém nada foi recebido.",0,2365,0,1,0,,SEM RESPOSTA,autoaprovada,aprovada,227.11,0
CON02944,PED032887,2025-04-06,CLI07101,LOJ0344,6,73.27,produto_avariado,O produto chegou danificado dentro da sacola.,1,1654,2,1,0,,sem_resposta,autoaprovada,aprovada,55.20,0
CON02945,PED033137,2025-04-10,CLI04795,LOJ0214,7,96.79,ITEM FALTANTE,Faltou um item do pedido e a loja não respondeu.,1,1147,1,3,0,,respondida,autoaprovada,aprovada,"73,63",0
CON02946,PED036468,2025-04-18,CLI02177,LOJ0332,4,81.15,item_faltante,"O pedido chegou incompleto, faltou parte da compra.",0,691,1,1,0,,sem resposta,autoaprovada,aprovada,"R$ 59,16",0
CON02947,PED037092,25/04/2025,CLI03906,LOJ0438,7,90.48,item_faltante,Não recebi todos os itens que estavam na nota.,1,1776,1,6,0,,respondida,revisao_manual,negada,0.00,0
CON02948,PED034668,2025-04-20,CLI15324,LOJ0089,7,"51,06",qualidade,O produto estava com aparência ruim quando chegou.,1,2117,1,4,0,,sem_resposta,negada_ou_retirada,retirada,0.00,0
CON02949,PED033951,2025-04-26,CLI12362,LOJ0296,2,"R$ 85,70",produto_avariado,O item vazou durante a entrega e não dava para consumir.,1,1524,0,1,0,GRP085,respondida,autoaprovada,aprovada,81.61,0
CON02950,PED039173,2025-04-20,CLI01905,LOJ0385,3,94.36,item_faltante,Não recebi todos os itens que estavam na nota.,1,2224,5,2,0,,SEM RESPOSTA,autoaprovada,aprovada,72.33,0
CON02951,PED036889,2025-04-02,CLI05364,LOJ0117,2,157.73,pedido_incorreto,Recebi produtos diferentes do que selecionei.,1,1549,0,1,0,,respondida,revisao_manual,aprovada,141.65,1
CON02952,PED030449,2025-04-24,CLI03283,LOJ0207,2,82.48,qualidade,A comida chegou fria e com qualidade abaixo do esperado.,0,1424,0,1,0,,sem resposta,autoaprovada,aprovada,"56,03",0
CON02953,PED037798,12/04/2025,CLI07614,LOJ0210,5,142.76,produto_avariado,A embalagem chegou aberta e o produto estava avariado.,1,253,2,5,0,GRP022,respondida,autoaprovada,aprovada,106.55,0
CON02954,PED033095,2025-04-11,CLI09636,LOJ0384,5,129.25,item_faltante,Faltou um item do pedido e a loja não respondeu.,0,1894,0,1,0,,respondida,negada_ou_retirada,negada,0.00,0
CON02955,PED029812,2025-04-11,CLI04674,LOJ0173,5,"110,69",pedido_incorreto,Entregaram outro item no lugar do que comprei.,0,810,0,5,0,,respondida,autoaprovada,aprovada,75.70,0
CON02956,PED033291,2025-04-21,CLI12017,LOJ0253,5,43.01,pedido_incorreto,O pedido veio errado e preciso corrigir a cobrança.,0,1756,2,3,0,,respondida,negada_ou_retirada,negada,0.00,0
CON02957,PED032732,2025-04-04,CLI00005,LOJ0357,4,138.91,item_faltante,Faltou um item do pedido e a loja não respondeu.,1,1698,1,2,0,,respondida,autoaprovada,aprovada,"R$ 111,01",0
CON02958,PED031391,2025-04-24,CLI07718,LOJ0388,4,93.36,pedido_incorreto,Recebi produtos diferentes do que selecionei.,1,731,0,3,0,,respondida,autoaprovada,aprovada,41.78,0
CON02959,PED031413,05/04/2025,CLI04061,LOJ0130,2,132.92,pedido_incorreto,O pedido veio errado e preciso corrigir a cobrança.,0,61,0,2,0,GRP107,SEM RESPOSTA,autoaprovada,aprovada,"109,17",0
CON02960,PED038626,2025-04-03,CLI13935,LOJ0150,4,"R$ 94,66",pedido_incorreto,Entregaram outro item no lugar do que comprei.,1,1873,3,2,0,,sem_resposta,autoaprovada,aprovada,75.71,1
CON02961,PED032165,2025-04-26,CLI01322,LOJ0271,5,88.98,pedido_incorreto,O pedido veio errado e preciso corrigir a cobrança.,1,2002,1,4,0,,sem resposta,autoaprovada,aprovada,73.28,0
CON02962,PED032759,2025-04-25,CLI00137,LOJ0198,4,"89,09",nao_entregue,"Consta entrega concluída, porém nada foi recebido.",0,21,1,3,0,,sem_resposta,autoaprovada,aprovada,70.07,0
CON02963,PED033880,2025-04-29,CLI03006,LOJ0072,2,260.26,pedido_incorreto,Entregaram outro item no lugar do que comprei.,0,1085,1,1,0,,SEM RESPOSTA,autoaprovada,aprovada,240.82,1
CON02964,PED037388,2025-04-27,CLI16125,LOJ0389,5,238.94,nao_entregue,O pedido não chegou no endereço informado.,1,2090,1,5,0,,sem resposta,negada_ou_retirada,negada,0.00,0
CON02965,PED033351,14/04/2025,CLI03531,LOJ0388,6,103.46,item_faltante,Faltou um item do pedido e a loja não respondeu.,1,1628,1,5,0,,respondida,negada_ou_retirada,negada,0.00,0
CON02966,PED036571,2025-04-27,CLI09195,LOJ0032,3,111.78,item_faltante,"O pedido chegou incompleto, faltou parte da compra.",1,937,2,2,0,GRP031,SEM RESPOSTA,negada_ou_retirada,retirada,"0,00",0
CON02967,PED030295,2025-04-23,CLI14255,LOJ0221,2,139.54,nao_entregue,"O aplicativo marcou como entregue, mas não recebi o pedido.",0,2123,2,2,0,GRP023,respondida,negada_ou_retirada,negada,0.00,0
CON02968,PED038213,2025-04-13,CLI08396,LOJ0326,6,76.48,PRODUTO AVARIADO,A embalagem chegou aberta e o produto estava avariado.,0,1862,0,3,0,,respondida,revisao_manual,aprovada,"R$ 66,98",0
CON02969,PED035062,2025-04-16,CLI09812,LOJ0313,3,"47,30",produto_avariado,A embalagem chegou aberta e o produto estava avariado.,1,2238,0,2,0,,respondida,negada_ou_retirada,negada,0.00,0
CON02970,PED038959,2025-04-19,CLI04536,LOJ0110,3,48.89,nao_entregue,"O aplicativo marcou como entregue, mas não recebi o pedido.",1,996,2,1,0,,respondida,negada_ou_retirada,negada,0.00,0
CON02971,PED038544,21/04/2025,CLI16093,LOJ0174,2,"R$ 109,57",item_faltante,"O pedido chegou incompleto, faltou parte da compra.",1,1792,2,1,0,,respondida,autoaprovada,aprovada,54.00,0
CON02972,PED032586,2025-04-15,CLI00177,LOJ0049,5,122.91,nao_entregue,"Consta entrega concluída, porém nada foi recebido.",1,2238,0,5,0,,respondida,revisao_manual,aprovada,73.82,1
CON02973,PED036126,2025-04-07,CLI17230,LOJ0355,2,113.87,pedido_incorreto,O pedido veio errado e preciso corrigir a cobrança.,0,2003,2,1,0,GRP093,sem_resposta,negada_ou_retirada,negada,"0,00",0
CON02974,PED038040,2025-04-29,CLI04492,LOJ0203,6,85.65,qualidade,A qualidade não correspondeu ao que foi anunciado.,1,638,1,1,0,,respondida,autoaprovada,aprovada,68.02,0
CON02975,PED035370,2025-04-11,CLI10513,LOJ0047,2,84.03,qualidade,A comida chegou fria e com qualidade abaixo do esperado.,0,1199,2,1,0,,respondida,autoaprovada,aprovada,54.89,0
CON02976,PED030180,2025-04-03,CLI12485,LOJ0073,5,"120,39",pedido_incorreto,O pedido veio errado e preciso corrigir a cobrança.,1,624,2,1,0,,sem resposta,autoaprovada,aprovada,87.85,1
CON02977,PED032456,24/04/2025,CLI17748,LOJ0152,6,81.35,nao_entregue,O pedido não chegou no endereço informado.,1,282,0,6,0,,respondida,autoaprovada,aprovada,77.13,1
CON02978,PED031700,2025-04-08,CLI09251,LOJ0240,2,77.42,qualidade,O produto estava com aparência ruim quando chegou.,1,1266,0,2,0,,respondida,revisao_manual,negada,0.00,0
CON02979,PED031459,2025-04-20,CLI07401,LOJ0331,7,82.28,item_faltante,"O pedido chegou incompleto, faltou parte da compra.",1,2184,2,2,0,,respondida,autoaprovada,aprovada,"R$ 64,90",0
CON02980,PED035831,2025-04-08,CLI06938,LOJ0159,4,59.85,produto_avariado,A embalagem chegou aberta e o produto estava avariado.,0,515,0,2,0,,respondida,autoaprovada,aprovada,"53,74",0
CON02981,PED035911,2025-04-13,CLI10186,LOJ0382,2,164.83,item_faltante,Não recebi todos os itens que estavam na nota.,1,698,2,1,0,,respondida,autoaprovada,aprovada,158.58,0
CON02982,PED032668,2025-04-06,CLI10741,LOJ0106,3,"R$ 56,17",item_faltante,Faltou um item do pedido e a loja não respondeu.,0,964,1,2,0,,respondida,revisao_manual,negada,0.00,0
CON02983,PED038707,16/04/2025,CLI02888,LOJ0366,6,"106,08",pedido_incorreto,Entregaram outro item no lugar do que comprei.,0,517,2,3,0,,sem_resposta,autoaprovada,aprovada,62.62,0
CON02984,PED036130,2025-04-17,CLI15923,LOJ0272,2,184.60,qualidade,A qualidade não correspondeu ao que foi anunciado.,1,1272,0,1,0,,respondida,autoaprovada,aprovada,169.93,0
CON02985,PED030447,2025-04-03,CLI05063,LOJ0385,2,99.22,pedido_incorreto,Recebi produtos diferentes do que selecionei.,1,861,6,1,0,GRP066,respondida,negada_ou_retirada,negada,0.00,0
CON02986,PED029171,2025-04-28,CLI13941,LOJ0214,4,125.97,produto_avariado,A embalagem chegou aberta e o produto estava avariado.,1,2053,0,2,0,,SEM RESPOSTA,autoaprovada,aprovada,23.92,0
CON02987,PED034914,2025-04-21,CLI03134,LOJ0430,3,75.41,qualidade,A qualidade não correspondeu ao que foi anunciado.,1,1450,5,2,0,,respondida,revisao_manual,negada,"0,00",0
CON02988,PED036253,2025-04-08,CLI01129,LOJ0052,5,67.61,pedido_incorreto,Recebi produtos diferentes do que selecionei.,1,80,0,4,0,GRP104,sem resposta,autoaprovada,aprovada,61.83,0
CON02989,PED039297,03/04/2025,CLI11114,LOJ0310,3,115.27,qualidade,O produto estava com aparência ruim quando chegou.,1,1572,5,1,0,GRP087,SEM RESPOSTA,revisao_manual,aprovada,85.35,0
CON02990,PED033026,2025-04-19,CLI01855,LOJ0292,2,"79,15",qualidade,A qualidade não correspondeu ao que foi anunciado.,1,1641,0,1,0,,sem_resposta,negada_ou_retirada,negada,"R$ 0,00",0
CON02991,PED034755,2025-04-06,CLI00692,LOJ0334,6,90.27,PEDIDO INCORRETO,O pedido veio errado e preciso corrigir a cobrança.,1,1386,0,5,0,,respondida,autoaprovada,aprovada,59.96,0
CON02992,PED032160,2025-04-06,CLI10847,LOJ0387,5,70.48,nao_entregue,"O aplicativo marcou como entregue, mas não recebi o pedido.",1,106,0,2,0,,sem resposta,autoaprovada,aprovada,49.34,0
CON02993,PED031547,2025-04-04,CLI17664,LOJ0026,7,"R$ 91,46",qualidade,O produto estava com aparência ruim quando chegou.,1,1500,1,1,0,GRP025,sem_resposta,autoaprovada,aprovada,60.55,0
CON02994,PED037811,2025-04-24,CLI02163,LOJ0290,3,116.32,qualidade,O produto estava com aparência ruim quando chegou.,1,850,0,2,0,,respondida,autoaprovada,aprovada,"89,48",0
CON02995,PED032966,12/04/2025,CLI04678,LOJ0423,2,119.64,produto_avariado,O item vazou durante a entrega e não dava para consumir.,0,831,4,1,0,,respondida,autoaprovada,aprovada,86.20,1
CON02996,PED031326,2025-04-22,CLI16755,LOJ0105,2,176.25,item_faltante,Faltou um item do pedido e a loja não respondeu.,1,1581,0,1,0,,respondida,autoaprovada,aprovada,171.84,0
CON02997,PED030044,2025-04-12,CLI13129,LOJ0068,3,"149,02",produto_avariado,O produto chegou danificado dentro da sacola.,0,277,0,2,0,GRP086,SEM RESPOSTA,negada_ou_retirada,retirada,0.00,0
CON02998,PED039017,2025-04-26,CLI10414,LOJ0246,4,81.02,item_faltante,Não recebi todos os itens que estavam na nota.,1,2162,1,4,0,,respondida,revisao_manual,negada,0.00,0
CON02999,PED038811,2025-04-23,CLI05674,LOJ0099,7,100.87,item_faltante,"O pedido chegou incompleto, faltou parte da compra.",1,271,0,7,1,,respondida,autoaprovada,aprovada,67.24,0
CON03000,PED035296,2025-04-13,CLI12632,LOJ0097,2,69.42,pedido_incorreto,Entregaram outro item no lugar do que comprei.,1,864,1,1,1,,respondida,negada_ou_retirada,retirada,0.00,0
CON03001,PED032826,23/04/2025,CLI13638,LOJ0297,7,95.12,pedido_incorreto,O pedido veio errado e preciso corrigir a cobrança.,1,2184,1,6,0,,respondida,autoaprovada,aprovada,"R$ 87,77",0
CON03002,PED032483,2025-04-13,CLI02167,LOJ0279,3,106.36,pedido_incorreto,Recebi produtos diferentes do que selecionei.,1,163,0,1,0,,respondida,revisao_manual,aprovada,73.64,1
CON03003,PED029676,2025-04-02,CLI05431,LOJ0127,2,101.17,nao_entregue,"O aplicativo marcou como entregue, mas não recebi o pedido.",1,1850,0,2,0,,respondida,autoaprovada,aprovada,65.15,1
CON03004,PED029704,2025-04-23,CLI05307,LOJ0360,5,"R$ 141,29",pedido_incorreto,Entregaram outro item no lugar do que comprei.,1,2294,0,2,0,,respondida,revisao_manual,aprovada,76.36,0
CON03005,PED039030,2025-04-18,CLI06171,LOJ0301,3,112.24,pedido_incorreto,Entregaram outro item no lugar do que comprei.,1,689,0,2,0,,sem resposta,autoaprovada,aprovada,99.21,0
CON03006,PED036853,2025-04-26,CLI08018,LOJ0064,4,245.93,nao_entregue,O pedido não chegou no endereço informado.,1,2032,0,2,0,,SEM RESPOSTA,autoaprovada,aprovada,215.83,0
CON03007,PED030103,28/04/2025,CLI16830,LOJ0286,2,137.27,qualidade,A qualidade não correspondeu ao que foi anunciado.,1,996,0,1,1,,sem_resposta,autoaprovada,aprovada,104.10,1
CON03008,PED029522,2025-04-02,CLI05808,LOJ0445,4,106.89,nao_entregue,"Consta entrega concluída, porém nada foi recebido.",0,2101,2,4,1,,respondida,autoaprovada,aprovada,"91,91",0
CON03009,PED037393,2025-04-15,CLI15124,LOJ0276,2,91.61,qualidade,O produto estava com aparência ruim quando chegou.,1,1455,0,2,0,,sem resposta,autoaprovada,aprovada,67.25,0
CON03010,PED034103,2025-04-25,CLI04498,LOJ0242,3,92.41,item_faltante,Faltou um item do pedido e a loja não respondeu.,1,287,1,3,0,,respondida,autoaprovada,aprovada,68.63,0
CON03011,PED036644,2025-04-29,CLI15836,LOJ0158,2,"95,15",pedido_incorreto,Recebi produtos diferentes do que selecionei.,1,856,2,1,0,,respondida,autoaprovada,aprovada,84.21,0
CON03012,PED038280,2025-04-02,CLI00126,LOJ0309,4,125.34,produto_avariado,A embalagem chegou aberta e o produto estava avariado.,0,150,0,3,0,,sem_resposta,autoaprovada,aprovada,"R$ 69,20",1
CON03013,PED031297,21/04/2025,CLI10541,LOJ0234,4,108.66,pedido_incorreto,Recebi produtos diferentes do que selecionei.,1,1881,1,3,0,,respondida,autoaprovada,aprovada,86.94,0
CON03014,PED033511,2025-04-11,CLI16049,LOJ0017,2,114.91,ITEM FALTANTE,Não recebi todos os itens que estavam na nota.,1,773,0,2,0,,respondida,autoaprovada,aprovada,94.54,1
CON03015,PED034224,2025-04-25,CLI12346,LOJ0008,6,"R$ 76,60",item_faltante,Faltou um item do pedido e a loja não respondeu.,1,194,1,5,0,,respondida,autoaprovada,aprovada,"41,47",0
CON03016,PED033910,2025-04-12,CLI17764,LOJ0250,4,104.25,item_faltante,"O pedido chegou incompleto, faltou parte da compra.",1,610,0,1,0,,respondida,autoaprovada,aprovada,91.57,0
CON03017,PED035744,2025-04-01,CLI15919,LOJ0144,7,94.01,item_faltante,Não recebi todos os itens que estavam na nota.,1,949,0,3,0,,SEM RESPOSTA,autoaprovada,aprovada,61.59,0
CON03018,PED034142,2025-04-08,CLI00856,LOJ0237,5,"87,98",item_faltante,Faltou um item do pedido e a loja não respondeu.,0,1096,1,1,0,,sem resposta,negada_ou_retirada,negada,0.00,0
CON03019,PED034429,05/04/2025,CLI17313,LOJ0448,7,196.05,produto_avariado,O item vazou durante a entrega e não dava para consumir.,1,966,0,3,0,GRP124,SEM RESPOSTA,autoaprovada,aprovada,158.07,0
CON03020,PED029392,2025-04-29,CLI06552,LOJ0062,3,100.14,qualidade,O produto estava com aparência ruim quando chegou.,1,1559,1,1,0,,sem_resposta,revisao_manual,aprovada,68.94,0
CON03021,PED035136,2025-04-02,CLI10595,LOJ0208,7,166.83,item_faltante,Faltou um item do pedido e a loja não respondeu.,1,1661,3,1,0,,sem resposta,autoaprovada,aprovada,130.80,1
CON03022,PED037392,2025-04-29,CLI01029,LOJ0362,2,116.08,qualidade,A qualidade não correspondeu ao que foi anunciado.,1,854,0,2,0,,respondida,autoaprovada,aprovada,"102,05",0
CON03023,PED037631,2025-04-21,CLI17604,LOJ0102,4,68.51,pedido_incorreto,Recebi produtos diferentes do que selecionei.,1,1742,1,4,0,,respondida,autoaprovada,aprovada,"R$ 45,90",0
CON03024,PED034861,2025-04-24,CLI05380,LOJ0282,2,159.59,qualidade,A comida chegou fria e com qualidade abaixo do esperado.,1,18,1,2,0,,respondida,revisao_manual,aprovada,144.46,0
CON03025,PED037950,18/04/2025,CLI11033,LOJ0130,6,"106,49",pedido_incorreto,Entregaram outro item no lugar do que comprei.,1,1482,1,5,0,,sem_resposta,negada_ou_retirada,negada,0.00,0
CON03026,PED029180,2025-04-01,CLI15495,LOJ0450,7,"R$ 82,19",pedido_incorreto,Recebi produtos diferentes do que selecionei.,1,779,1,1,0,,SEM RESPOSTA,autoaprovada,aprovada,72.28,0
CON03027,PED034620,2025-04-19,CLI05657,LOJ0306,3,39.94,pedido_incorreto,O pedido veio errado e preciso corrigir a cobrança.,1,732,0,2,0,,sem resposta,negada_ou_retirada,negada,0.00,0
CON03028,PED038774,2025-04-30,CLI11401,LOJ0211,2,106.20,pedido_incorreto,Entregaram outro item no lugar do que comprei.,0,504,0,1,0,GRP109,respondida,autoaprovada,aprovada,82.86,0
CON03029,PED030039,2025-04-29,CLI04241,LOJ0203,3,88.35,item_faltante,Não recebi todos os itens que estavam na nota.,1,1226,1,2,0,,respondida,autoaprovada,aprovada,"50,48",1
CON03030,PED032274,2025-04-20,CLI01258,LOJ0204,2,89.43,nao_entregue,O pedido não chegou no endereço informado.,1,658,1,2,0,,respondida,autoaprovada,aprovada,76.87,0
CON03031,PED031321,28/04/2025,CLI06200,LOJ0328,6,122.45,item_faltante,Faltou um item do pedido e a loja não respondeu.,1,1496,0,1,0,,SEM RESPOSTA,autoaprovada,aprovada,91.66,0
CON03032,PED037115,2025-04-28,CLI09578,LOJ0433,3,"123,19",produto_avariado,O item vazou durante a entrega e não dava para consumir.,0,354,0,2,0,,sem_resposta,revisao_manual,aprovada,69.48,0
CON03033,PED035548,2025-04-07,CLI02873,LOJ0443,2,99.68,qualidade,A comida chegou fria e com qualidade abaixo do esperado.,1,1565,0,2,0,,sem resposta,negada_ou_retirada,negada,0.00,0
CON03034,PED031537,2025-04-24,CLI04548,LOJ0448,4,53.88,qualidade,A comida chegou fria e com qualidade abaixo do esperado.,1,604,2,1,0,,respondida,autoaprovada,aprovada,"R$ 33,11",0
CON03035,PED035307,2025-04-15,CLI15095,LOJ0106,2,91.64,pedido_incorreto,Recebi produtos diferentes do que selecionei.,0,1700,0,2,0,,respondida,autoaprovada,aprovada,64.39,0
CON03036,PED032727,2025-04-08,CLI07331,LOJ0395,2,92.23,nao_entregue,"O aplicativo marcou como entregue, mas não recebi o pedido.",0,2258,1,2,0,,sem_resposta,autoaprovada,aprovada,"67,65",1
CON03037,PED038399,04/04/2025,CLI02835,LOJ0375,6,"R$ 97,25",NAO ENTREGUE,"O aplicativo marcou como entregue, mas não recebi o pedido.",0,2374,1,1,0,,respondida,negada_ou_retirada,retirada,0.00,0
CON03038,PED034216,2025-04-19,CLI12684,LOJ0393,4,109.80,pedido_incorreto,Recebi produtos diferentes do que selecionei.,1,1407,0,1,0,,SEM RESPOSTA,autoaprovada,aprovada,91.01,0
CON03039,PED034466,2025-04-06,CLI00271,LOJ0413,4,"76,96",item_faltante,Não recebi todos os itens que estavam na nota.,0,1231,0,3,0,,respondida,negada_ou_retirada,negada,0.00,0
CON03040,PED032957,2025-04-28,CLI16635,LOJ0194,6,135.08,item_faltante,"O pedido chegou incompleto, faltou parte da compra.",0,1615,0,5,0,,sem resposta,autoaprovada,aprovada,128.49,1
CON03041,PED029107,2025-04-05,CLI01335,LOJ0341,2,108.24,qualidade,O produto estava com aparência ruim quando chegou.,1,1979,2,1,0,,SEM RESPOSTA,revisao_manual,negada,0.00,0
CON03042,PED033066,2025-04-25,CLI12308,LOJ0008,4,87.41,item_faltante,Faltou um item do pedido e a loja não respondeu.,0,2278,1,4,0,GRP012,sem_resposta,autoaprovada,aprovada,55.57,1
CON03043,PED029961,28/04/2025,CLI00081,LOJ0196,5,76.13,item_faltante,Faltou um item do pedido e a loja não respondeu.,1,1095,1,5,0,,respondida,revisao_manual,negada,"0,00",0
CON03044,PED039488,2025-04-09,CLI00553,LOJ0332,3,91.57,item_faltante,Faltou um item do pedido e a loja não respondeu.,1,513,0,2,0,,respondida,autoaprovada,aprovada,54.05,0
CON03045,PED036581,2025-04-19,CLI15636,LOJ0164,3,188.34,pedido_incorreto,O pedido veio errado e preciso corrigir a cobrança.,1,2364,1,3,0,,respondida,autoaprovada,aprovada,"R$ 168,53",0
CON03046,PED037550,2025-04-13,CLI15850,LOJ0200,5,"83,90",nao_entregue,"O aplicativo marcou como entregue, mas não recebi o pedido.",1,1263,1,4,0,,sem resposta,autoaprovada,aprovada,75.74,0
CON03047,PED035128,2025-04-29,CLI10852,LOJ0401,6,91.49,pedido_incorreto,Entregaram outro item no lugar do que comprei.,1,774,1,5,0,,respondida,autoaprovada,aprovada,84.37,0
CON03048,PED037835,2025-04-14,CLI08644,LOJ0381,3,"R$ 74,77",item_faltante,Faltou um item do pedido e a loja não respondeu.,1,961,0,2,0,,sem_resposta,revisao_manual,aprovada,52.12,0
CON03049,PED039344,05/04/2025,CLI08897,LOJ0091,5,44.78,pedido_incorreto,Entregaram outro item no lugar do que comprei.,0,58,2,2,0,,respondida,autoaprovada,aprovada,37.76,0
CON03050,PED030476,2025-04-18,CLI06486,LOJ0344,3,107.50,qualidade,A qualidade não correspondeu ao que foi anunciado.,0,1858,4,2,0,,respondida,autoaprovada,aprovada,"73,49",1
CON03051,PED031409,2025-04-21,CLI05283,LOJ0195,2,80.17,nao_entregue,"Consta entrega concluída, porém nada foi recebido.",1,2090,0,1,0,GRP111,SEM RESPOSTA,autoaprovada,aprovada,73.74,0
CON03052,PED037268,2025-04-02,CLI01011,LOJ0428,6,103.66,item_faltante,"O pedido chegou incompleto, faltou parte da compra.",1,1105,0,4,0,,respondida,autoaprovada,aprovada,66.23,0
CON03053,PED032733,2025-04-08,CLI11640,LOJ0256,4,"62,88",pedido_incorreto,Recebi produtos diferentes do que selecionei.,1,2268,0,1,0,,sem resposta,autoaprovada,aprovada,50.94,0
CON03054,PED030422,2025-04-28,CLI10052,LOJ0072,7,55.19,item_faltante,Não recebi todos os itens que estavam na nota.,1,1093,0,2,0,GRP048,SEM RESPOSTA,negada_ou_retirada,retirada,0.00,0
CON03055,PED039454,15/04/2025,CLI05688,LOJ0104,4,39.58,pedido_incorreto,Recebi produtos diferentes do que selecionei.,1,1492,2,1,0,,respondida,revisao_manual,negada,0.00,0
CON03056,PED038830,2025-04-04,CLI15916,LOJ0277,6,203.91,item_faltante,"O pedido chegou incompleto, faltou parte da compra.",1,2326,2,6,0,,respondida,negada_ou_retirada,negada,"R$ 0,00",0
CON03057,PED037877,2025-04-02,CLI10040,LOJ0356,5,47.94,qualidade,A qualidade não correspondeu ao que foi anunciado.,1,682,0,4,0,,sem_resposta,autoaprovada,aprovada,"23,13",0
CON03058,PED034104,2025-04-22,CLI04951,LOJ0307,2,99.76,item_faltante,Não recebi todos os itens que estavam na nota.,0,530,0,1,0,,sem resposta,autoaprovada,aprovada,58.47,0
CON03059,PED030711,2025-04-01,CLI03157,LOJ0046,7,"R$ 110,82",item_faltante,Não recebi todos os itens que estavam na nota.,1,1333,2,1,1,,sem_resposta,autoaprovada,aprovada,106.57,0
CON03060,PED030147,2025-04-11,CLI12291,LOJ0109,2,"110,28",PEDIDO INCORRETO,Recebi produtos diferentes do que selecionei.,1,594,1,1,0,,respondida,autoaprovada,aprovada,90.34,0
CON03061,PED036578,27/04/2025,CLI08726,LOJ0427,6,84.20,pedido_incorreto,O pedido veio errado e preciso corrigir a cobrança.,1,1368,0,6,0,,respondida,revisao_manual,negada,0.00,0
CON03062,PED030410,2025-04-27,CLI01811,LOJ0320,5,114.10,pedido_incorreto,O pedido veio errado e preciso corrigir a cobrança.,1,698,0,1,0,,SEM RESPOSTA,autoaprovada,aprovada,89.54,0
CON03063,PED037329,2025-04-14,CLI06278,LOJ0098,2,118.21,item_faltante,"O pedido chegou incompleto, faltou parte da compra.",1,1017,0,1,0,,respondida,autoaprovada,aprovada,101.39,0
CON03064,PED032153,2025-04-12,CLI00266,LOJ0108,2,164.42,item_faltante,Faltou um item do pedido e a loja não respondeu.,1,557,0,2,0,,sem resposta,autoaprovada,aprovada,"136,16",0
CON03065,PED036298,2025-04-06,CLI08552,LOJ0213,2,206.93,pedido_incorreto,Recebi produtos diferentes do que selecionei.,1,1799,0,1,0,,respondida,autoaprovada,aprovada,68.15,0
CON03066,PED034321,2025-04-12,CLI07314,LOJ0362,7,36.33,pedido_incorreto,Entregaram outro item no lugar do que comprei.,1,1912,1,5,1,,respondida,negada_ou_retirada,retirada,0.00,0
CON03067,PED036181,22/04/2025,CLI00710,LOJ0273,5,"111,44",produto_avariado,A embalagem chegou aberta e o produto estava avariado.,1,1954,2,1,0,,respondida,autoaprovada,aprovada,"R$ 63,18",1
CON03068,PED036100,2025-04-06,CLI17359,LOJ0210,3,101.21,item_faltante,Não recebi todos os itens que estavam na nota.,0,1556,1,1,0,,SEM RESPOSTA,autoaprovada,aprovada,84.01,1
CON03069,PED031184,2025-04-17,CLI02247,LOJ0143,2,76.32,produto_avariado,O item vazou durante a entrega e não dava para consumir.,1,496,1,1,1,,sem_resposta,revisao_manual,aprovada,50.36,1
CON03070,PED038080,2025-04-09,CLI17304,LOJ0211,2,"R$ 67,17",qualidade,A qualidade não correspondeu ao que foi anunciado.,1,549,0,1,0,,respondida,negada_ou_retirada,negada,0.00,0
CON03071,PED037857,2025-04-10,CLI01853,LOJ0403,6,60.17,item_faltante,"O pedido chegou incompleto, faltou parte da compra.",1,1992,0,5,0,,respondida,negada_ou_retirada,retirada,"0,00",0
CON03072,PED035500,2025-04-19,CLI09406,LOJ0101,2,77.13,item_faltante,Não recebi todos os itens que estavam na nota.,0,2184,0,1,0,,respondida,revisao_manual,negada,0.00,0
CON03073,PED030679,05/04/2025,CLI05481,LOJ0194,2,48.92,pedido_incorreto,O pedido veio errado e preciso corrigir a cobrança.,1,192,0,1,0,,respondida,revisao_manual,negada,0.00,0
CON03074,PED036852,2025-04-12,CLI00399,LOJ0093,7,"107,79",pedido_incorreto,Entregaram outro item no lugar do que comprei.,1,1237,0,2,0,,sem resposta,negada_ou_retirada,negada,0.00,0
CON03075,PED039391,2025-04-24,CLI04531,LOJ0434,5,60.60,pedido_incorreto,Recebi produtos diferentes do que selecionei.,1,1005,6,1,0,GRP122,sem_resposta,autoaprovada,aprovada,28.62,0
CON03076,PED037713,2025-04-03,CLI00235,LOJ0185,4,129.98,nao_entregue,"Consta entrega concluída, porém nada foi recebido.",1,240,1,3,0,,respondida,revisao_manual,aprovada,98.36,0
CON03077,PED036062,2025-04-20,CLI01586,LOJ0082,2,83.79,item_faltante,"O pedido chegou incompleto, faltou parte da compra.",1,1907,0,1,0,,SEM RESPOSTA,revisao_manual,negada,0.00,0
CON03078,PED039126,2025-04-25,CLI04851,LOJ0187,3,99.74,qualidade,O produto estava com aparência ruim quando chegou.,1,952,0,2,0,,respondida,revisao_manual,aprovada,"R$ 77,12",0
CON03079,PED030780,27/04/2025,CLI07490,LOJ0036,4,99.15,item_faltante,"O pedido chegou incompleto, faltou parte da compra.",0,194,2,1,0,,sem resposta,autoaprovada,aprovada,46.96,0
CON03080,PED034006,2025-04-09,CLI12450,LOJ0428,4,69.37,qualidade,A qualidade não correspondeu ao que foi anunciado.,1,1062,0,3,0,,respondida,autoaprovada,aprovada,42.70,0
CON03081,PED041213,2025-05-29,CLI01462,LOJ0283,6,"R$ 112,95",produto_avariado,O item vazou durante a entrega e não dava para consumir.,1,2198,1,4,0,,SEM RESPOSTA,revisao_manual,negada,0.00,0
CON03082,PED041763,2025-05-27,CLI15115,LOJ0223,5,58.51,item_faltante,Não recebi todos os itens que estavam na nota.,1,2385,0,2,0,,sem_resposta,negada_ou_retirada,retirada,0.00,0
CON03083,PED048696,2025-05-26,CLI05012,LOJ0039,5,85.30,PEDIDO INCORRETO,O pedido veio errado e preciso corrigir a cobrança.,1,1546,0,4,0,,sem resposta,revisao_manual,aprovada,66.77,0
CON03084,PED042879,2025-05-16,CLI05544,LOJ0407,7,131.31,item_faltante,Não recebi todos os itens que estavam na nota.,1,1735,1,6,0,,respondida,autoaprovada,aprovada,98.54,0
CON03085,PED048515,18/05/2025,CLI07585,LOJ0390,5,77.45,item_faltante,Não recebi todos os itens que estavam na nota.,1,694,4,4,0,,respondida,autoaprovada,aprovada,"47,36",1
CON03086,PED043457,2025-05-01,CLI06055,LOJ0229,5,91.05,nao_entregue,"O aplicativo marcou como entregue, mas não recebi o pedido.",0,1938,0,1,0,,respondida,autoaprovada,aprovada,66.92,0
CON03087,PED049174,2025-05-27,CLI05385,LOJ0039,4,118.68,produto_avariado,O item vazou durante a entrega e não dava para consumir.,0,271,2,3,0,,respondida,autoaprovada,aprovada,88.71,1
CON03088,PED040626,2025-05-31,CLI02322,LOJ0246,3,"88,94",qualidade,A qualidade não correspondeu ao que foi anunciado.,1,691,1,1,0,,sem_resposta,negada_ou_retirada,negada,0.00,0
CON03089,PED040908,2025-05-23,CLI16380,LOJ0421,4,94.44,pedido_incorreto,O pedido veio errado e preciso corrigir a cobrança.,0,1521,1,3,1,,SEM RESPOSTA,autoaprovada,aprovada,"R$ 81,49",0
CON03090,PED043618,2025-05-17,CLI13768,LOJ0378,7,166.43,produto_avariado,O produto chegou danificado dentro da sacola.,1,1357,0,6,0,,sem resposta,autoaprovada,aprovada,129.09,0
CON03091,PED040878,19/05/2025,CLI03346,LOJ0068,3,58.50,pedido_incorreto,Recebi produtos diferentes do que selecionei.,0,355,0,3,0,,respondida,autoaprovada,aprovada,42.60,0
CON03092,PED040516,2025-05-31,CLI14795,LOJ0302,7,"R$ 161,79",produto_avariado,O produto chegou danificado dentro da sacola.,1,2069,1,4,0,,respondida,autoaprovada,aprovada,"71,08",0
CON03093,PED049039,2025-05-28,CLI03695,LOJ0001,2,92.64,item_faltante,Não recebi todos os itens que estavam na nota.,1,1507,0,1,0,,respondida,autoaprovada,aprovada,59.94,0
CON03094,PED043758,2025-05-31,CLI16702,LOJ0212,6,137.86,nao_entregue,O pedido não chegou no endereço informado.,0,1499,1,5,0,,SEM RESPOSTA,negada_ou_retirada,negada,0.00,0
CON03095,PED041848,2025-05-07,CLI00511,LOJ0261,4,"117,04",item_faltante,Faltou um item do pedido e a loja não respondeu.,0,2169,0,2,0,,sem_resposta,autoaprovada,aprovada,88.34,0
CON03096,PED045881,2025-05-10,CLI07874,LOJ0111,7,106.85,item_faltante,Não recebi todos os itens que estavam na nota.,1,993,1,5,0,,sem resposta,revisao_manual,aprovada,78.96,0
CON03097,PED047234,04/05/2025,CLI06865,LOJ0159,2,64.83,produto_avariado,O item vazou durante a entrega e não dava para consumir.,1,2148,0,1,1,,respondida,autoaprovada,aprovada,43.86,1
CON03098,PED047169,2025-05-04,CLI04491,LOJ0146,6,155.73,item_faltante,Não recebi todos os itens que estavam na nota.,0,838,0,3,0,,sem_resposta,autoaprovada,aprovada,125.81,0
CON03099,PED041540,2025-05-06,CLI12675,LOJ0160,6,93.13,pedido_incorreto,Recebi produtos diferentes do que selecionei.,1,1394,0,2,0,,respondida,autoaprovada,aprovada,"59,64",0
CON03100,PED040814,2025-05-28,CLI17678,LOJ0295,6,50.96,item_faltante,Faltou um item do pedido e a loja não respondeu.,1,1747,1,3,0,,SEM RESPOSTA,negada_ou_retirada,negada,"R$ 0,00",0
CON03101,PED040185,2025-05-16,CLI04407,LOJ0431,3,89.44,pedido_incorreto,Recebi produtos diferentes do que selecionei.,1,541,0,1,0,,sem resposta,autoaprovada,aprovada,68.14,0
CON03102,PED048568,2025-05-13,CLI05810,LOJ0094,3,"77,76",pedido_incorreto,Recebi produtos diferentes do que selecionei.,1,788,0,2,0,,SEM RESPOSTA,revisao_manual,negada,0.00,0
CON03103,PED039999,13/05/2025,CLI13960,LOJ0194,2,"R$ 136,88",item_faltante,"O pedido chegou incompleto, faltou parte da compra.",1,170,1,1,0,,respondida,revisao_manual,aprovada,125.21,0
CON03104,PED049122,2025-05-22,CLI09057,LOJ0245,3,117.15,item_faltante,Faltou um item do pedido e a loja não respondeu.,1,1738,1,2,0,,respondida,autoaprovada,aprovada,111.05,0
CON03105,PED044052,2025-05-24,CLI12299,LOJ0204,2,67.47,item_faltante,Não recebi todos os itens que estavam na nota.,1,424,0,1,0,,respondida,autoaprovada,aprovada,48.09,0
CON03106,PED043021,2025-05-13,CLI16143,LOJ0137,2,116.22,ITEM FALTANTE,Faltou um item do pedido e a loja não respondeu.,1,1392,2,2,0,,respondida,autoaprovada,aprovada,"87,31",0
CON03107,PED040676,2025-05-23,CLI14937,LOJ0115,5,93.23,pedido_incorreto,O pedido veio errado e preciso corrigir a cobrança.,1,1860,0,3,0,,respondida,negada_ou_retirada,negada,0.00,0
CON03108,PED047720,2025-05-26,CLI04930,LOJ0303,4,85.75,produto_avariado,O item vazou durante a entrega e não dava para consumir.,0,14,0,3,0,,respondida,autoaprovada,aprovada,62.94,0
CON03109,PED041464,24/05/2025,CLI00346,LOJ0217,3,"102,62",item_faltante,Não recebi todos os itens que estavam na nota.,1,1089,0,2,0,,sem_resposta,autoaprovada,aprovada,75.15,0
CON03110,PED046882,2025-05-05,CLI05694,LOJ0423,7,97.34,nao_entregue,O pedido não chegou no endereço informado.,0,658,0,7,0,,sem resposta,autoaprovada,aprovada,64.35,0
CON03111,PED049394,2025-05-14,CLI15494,LOJ0166,4,36.21,pedido_incorreto,O pedido veio errado e preciso corrigir a cobrança.,1,2337,0,2,0,GRP090,respondida,revisao_manual,negada,"R$ 0,00",0
CON03112,PED045162,2025-05-21,CLI01442,LOJ0130,2,67.87,item_faltante,"O pedido chegou incompleto, faltou parte da compra.",1,1871,0,2,0,,sem_resposta,negada_ou_retirada,negada,0.00,0
CON03113,PED040562,2025-05-30,CLI01987,LOJ0167,3,154.00,pedido_incorreto,Entregaram outro item no lugar do que comprei.,0,1763,0,1,0,GRP002,SEM RESPOSTA,autoaprovada,aprovada,"74,60",0
CON03114,PED048710,2025-05-06,CLI02474,LOJ0070,2,"R$ 78,56",item_faltante,Não recebi todos os itens que estavam na nota.,1,2026,0,2,0,,sem resposta,autoaprovada,aprovada,62.18,0
CON03115,PED047373,30/05/2025,CLI08237,LOJ0140,7,145.42,nao_entregue,"O aplicativo marcou como entregue, mas não recebi o pedido.",0,377,0,4,0,,respondida,revisao_manual,aprovada,115.72,0
CON03116,PED046115,2025-05-15,CLI05706,LOJ0364,4,"164,66",item_faltante,"O pedido chegou incompleto, faltou parte da compra.",1,2279,0,4,0,,respondida,negada_ou_retirada,negada,0.00,0
CON03117,PED040680,2025-05-13,CLI13510,LOJ0363,3,66.17,qualidade,O produto estava com aparência ruim quando chegou.,1,1245,2,1,0,,SEM RESPOSTA,autoaprovada,aprovada,45.66,0
CON03118,PED041785,2025-05-24,CLI14258,LOJ0174,4,90.66,produto_avariado,A embalagem chegou aberta e o produto estava avariado.,1,1520,1,1,0,,sem_resposta,negada_ou_retirada,negada,0.00,0
CON03119,PED043669,2025-05-03,CLI05570,LOJ0428,4,115.33,item_faltante,Faltou um item do pedido e a loja não respondeu.,0,1273,2,1,1,GRP011,sem resposta,autoaprovada,aprovada,93.56,1
CON03120,PED044759,2025-05-14,CLI09222,LOJ0012,3,96.20,pedido_incorreto,Recebi produtos diferentes do que selecionei.,1,1528,0,2,0,,respondida,autoaprovada,aprovada,"84,37",0
CON03121,PED047460,19/05/2025,CLI04299,LOJ0235,5,90.77,pedido_incorreto,Entregaram outro item no lugar do que comprei.,1,1397,0,2,0,,respondida,autoaprovada,aprovada,82.18,0
CON03122,PED047087,2025-05-05,CLI11430,LOJ0059,6,128.23,produto_avariado,O produto chegou danificado dentro da sacola.,1,2127,0,1,0,,sem_resposta,revisao_manual,aprovada,"R$ 120,58",1
CON03123,PED046121,2025-05-28,CLI00265,LOJ0211,6,"119,34",produto_avariado,O produto chegou danificado dentro da sacola.,1,878,2,3,1,,respondida,autoaprovada,aprovada,89.27,0
CON03124,PED042552,2025-05-02,CLI11372,LOJ0343,6,75.54,item_faltante,Não recebi todos os itens que estavam na nota.,1,1542,0,6,0,,respondida,revisao_manual,negada,0.00,0
CON03125,PED045989,2025-05-16,CLI17573,LOJ0012,3,"R$ 48,46",item_faltante,Faltou um item do pedido e a loja não respondeu.,0,1396,0,3,0,GRP080,SEM RESPOSTA,negada_ou_retirada,retirada,0.00,0
CON03126,PED048697,2025-05-24,CLI00035,LOJ0386,2,190.21,pedido_incorreto,O pedido veio errado e preciso corrigir a cobrança.,1,2094,1,1,0,,sem resposta,autoaprovada,aprovada,157.57,0
CON03127,PED040507,07/05/2025,CLI06881,LOJ0154,4,142.87,pedido_incorreto,O pedido veio errado e preciso corrigir a cobrança.,0,1908,0,4,0,,respondida,autoaprovada,aprovada,"117,91",1
CON03128,PED045544,2025-05-16,CLI17978,LOJ0228,2,124.24,produto_avariado,O produto chegou danificado dentro da sacola.,1,401,0,1,0,,respondida,autoaprovada,aprovada,89.38,0
CON03129,PED049708,2025-05-08,CLI02516,LOJ0304,3,87.54,PRODUTO AVARIADO,O produto chegou danificado dentro da sacola.,1,1731,3,3,0,,respondida,autoaprovada,aprovada,65.82,1
CON03130,PED039982,2025-05-20,CLI15557,LOJ0102,7,"168,91",item_faltante,Não recebi todos os itens que estavam na nota.,1,1375,1,2,0,,respondida,autoaprovada,aprovada,138.46,0
CON03131,PED040489,2025-05-23,CLI12394,LOJ0060,2,82.85,item_faltante,"O pedido chegou incompleto, faltou parte da compra.",0,443,2,1,0,,respondida,revisao_manual,negada,0.00,0
CON03132,PED039555,2025-05-24,CLI08755,LOJ0009,6,57.47,nao_entregue,"Consta entrega concluída, porém nada foi recebido.",0,1247,6,2,0,,SEM RESPOSTA,negada_ou_retirada,retirada,0.00,0
CON03133,PED039833,07/05/2025,CLI01947,LOJ0351,2,50.84,pedido_incorreto,Recebi produtos diferentes do que selecionei.,1,1948,0,1,0,,respondida,revisao_manual,negada,"R$ 0,00",0
CON03134,PED048927,2025-05-14,CLI01034,LOJ0373,6,103.42,qualidade,A qualidade não correspondeu ao que foi anunciado.,1,2377,1,3,0,,respondida,revisao_manual,aprovada,"94,18",1
CON03135,PED043083,2025-05-14,CLI12744,LOJ0321,6,112.18,qualidade,A qualidade não correspondeu ao que foi anunciado.,1,360,0,2,0,,sem_resposta,autoaprovada,aprovada,80.32,0
CON03136,PED043690,2025-05-08,CLI08786,LOJ0201,2,"R$ 122,50",item_faltante,Faltou um item do pedido e a loja não respondeu.,0,401,0,2,0,,sem resposta,autoaprovada,aprovada,103.71,1
CON03137,PED043954,2025-05-19,CLI09183,LOJ0120,3,"106,93",qualidade,A qualidade não correspondeu ao que foi anunciado.,1,1377,0,2,0,,respondida,autoaprovada,aprovada,72.89,0
CON03138,PED047905,2025-05-04,CLI12457,LOJ0188,5,136.37,nao_entregue,O pedido não chegou no endereço informado.,1,905,2,4,0,,respondida,autoaprovada,aprovada,100.65,0
CON03139,PED048816,08/05/2025,CLI17029,LOJ0207,5,74.64,pedido_incorreto,O pedido veio errado e preciso corrigir a cobrança.,0,27,0,3,0,,respondida,negada_ou_retirada,negada,0.00,0
CON03140,PED042890,2025-05-18,CLI04768,LOJ0355,3,213.77,qualidade,O produto estava com aparência ruim quando chegou.,1,238,0,3,0,,sem_resposta,autoaprovada,aprovada,204.28,1
CON03141,PED043166,2025-05-08,CLI09496,LOJ0336,6,99.42,pedido_incorreto,Recebi produtos diferentes do que selecionei.,1,1041,1,1,0,,respondida,autoaprovada,aprovada,"71,92",0
CON03142,PED045862,2025-05-23,CLI07645,LOJ0029,2,97.28,qualidade,A qualidade não correspondeu ao que foi anunciado.,1,2225,1,1,0,,SEM RESPOSTA,revisao_manual,aprovada,67.40,0
CON03143,PED042125,2025-05-27,CLI14186,LOJ0300,2,91.19,qualidade,A qualidade não correspondeu ao que foi anunciado.,1,1238,0,1,0,,respondida,autoaprovada,aprovada,60.19,0
CON03144,PED048290,2025-05-27,CLI10526,LOJ0346,5,"153,30",item_faltante,Não recebi todos os itens que estavam na nota.,1,636,2,4,0,,sem resposta,autoaprovada,aprovada,"R$ 131,02",0
CON03145,PED041104,11/05/2025,CLI17500,LOJ0379,3,181.93,pedido_incorreto,Recebi produtos diferentes do que selecionei.,1,2395,2,2,0,,respondida,autoaprovada,aprovada,156.41,0
CON03146,PED042456,2025-05-03,CLI00066,LOJ0404,3,111.24,item_faltante,"O pedido chegou incompleto, faltou parte da compra.",0,2272,0,3,0,GRP007,respondida,revisao_manual,aprovada,79.76,1
CON03147,PED043898,2025-05-31,CLI09023,LOJ0251,2,"R$ 25,76",item_faltante,"O pedido chegou incompleto, faltou parte da compra.",0,1915,2,1,0,,SEM RESPOSTA,negada_ou_retirada,retirada,0.00,0
CON03148,PED048784,2025-05-01,CLI15443,LOJ0059,3,115.83,item_faltante,Não recebi todos os itens que estavam na nota.,0,1295,1,2,0,GRP085,respondida,revisao_manual,negada,"0,00",0
CON03149,PED039985,2025-05-24,CLI11741,LOJ0167,5,133.13,nao_entregue,"Consta entrega concluída, porém nada foi recebido.",1,1219,0,2,0,GRP108,respondida,autoaprovada,aprovada,63.63,0
CON03150,PED045435,2025-05-07,CLI11245,LOJ0172,3,127.51,item_faltante,Faltou um item do pedido e a loja não respondeu.,1,1915,0,3,0,,respondida,autoaprovada,aprovada,92.72,0
CON03151,PED042770,30/05/2025,CLI14038,LOJ0344,2,"158,85",item_faltante,Faltou um item do pedido e a loja não respondeu.,1,606,0,1,0,,respondida,autoaprovada,aprovada,147.01,0
CON03152,PED046845,2025-05-04,CLI06042,LOJ0020,2,83.50,PEDIDO INCORRETO,Recebi produtos diferentes do que selecionei.,0,889,1,1,1,,respondida,autoaprovada,aprovada,65.36,1
CON03153,PED049280,2025-05-20,CLI17743,LOJ0117,7,94.86,nao_entregue,"O aplicativo marcou como entregue, mas não recebi o pedido.",0,1496,0,1,0,,sem_resposta,autoaprovada,aprovada,76.04,0
CON03154,PED039881,2025-05-17,CLI07569,LOJ0105,2,70.69,qualidade,A comida chegou fria e com qualidade abaixo do esperado.,1,1600,1,1,0,,respondida,autoaprovada,aprovada,59.02,0
CON03155,PED048974,2025-05-29,CLI10314,LOJ0225,3,122.78,item_faltante,"O pedido chegou incompleto, faltou parte da compra.",1,1660,0,1,0,,respondida,revisao_manual,aprovada,"R$ 87,43",0
CON03156,PED043681,2025-05-07,CLI08212,LOJ0325,3,74.95,pedido_incorreto,Entregaram outro item no lugar do que comprei.,0,169,1,3,0,,sem resposta,autoaprovada,aprovada,42.58,0
CON03157,PED049728,16/05/2025,CLI03473,LOJ0378,4,105.19,qualidade,A comida chegou fria e com qualidade abaixo do esperado.,0,1142,1,3,0,,respondida,autoaprovada,aprovada,93.25,0
CON03158,PED042210,2025-05-19,CLI07119,LOJ0031,4,"R$ 83,26",qualidade,A qualidade não correspondeu ao que foi anunciado.,1,1274,0,1,0,,sem_resposta,negada_ou_retirada,negada,0.00,0
CON03159,PED047080,2025-05-20,CLI09007,LOJ0224,5,205.36,item_faltante,Faltou um item do pedido e a loja não respondeu.,1,1076,3,5,1,,SEM RESPOSTA,autoaprovada,aprovada,174.56,1
CON03160,PED045836,2025-05-08,CLI07035,LOJ0362,6,91.67,nao_entregue,O pedido não chegou no endereço informado.,1,1998,0,1,0,,respondida,revisao_manual,negada,0.00,0
CON03161,PED044148,2025-05-26,CLI12900,LOJ0424,7,92.99,item_faltante,"O pedido chegou incompleto, faltou parte da compra.",0,849,0,2,0,,sem resposta,autoaprovada,aprovada,47.69,0
CON03162,PED040721,2025-05-19,CLI08374,LOJ0102,6,107.42,item_faltante,Faltou um item do pedido e a loja não respondeu.,1,455,2,2,0,,respondida,negada_ou_retirada,negada,"0,00",0
CON03163,PED045759,30/05/2025,CLI05215,LOJ0266,5,51.23,pedido_incorreto,Entregaram outro item no lugar do que comprei.,0,335,0,4,0,GRP021,respondida,negada_ou_retirada,negada,0.00,0
CON03164,PED045184,2025-05-11,CLI14044,LOJ0030,4,140.00,qualidade,A comida chegou fria e com qualidade abaixo do esperado.,1,1934,1,1,0,,respondida,autoaprovada,aprovada,110.08,0
CON03165,PED040554,2025-05-08,CLI03799,LOJ0345,7,"52,37",pedido_incorreto,O pedido veio errado e preciso corrigir a cobrança.,1,2373,2,3,0,,respondida,negada_ou_retirada,retirada,0.00,0
CON03166,PED046411,2025-05-03,CLI15990,LOJ0153,7,76.74,item_faltante,Faltou um item do pedido e a loja não respondeu.,1,2382,0,4,0,,respondida,autoaprovada,aprovada,"R$ 54,73",0
CON03167,PED040909,2025-05-04,CLI16341,LOJ0291,6,76.55,item_faltante,Faltou um item do pedido e a loja não respondeu.,1,604,0,1,0,,SEM RESPOSTA,negada_ou_retirada,negada,0.00,0
CON03168,PED047318,2025-05-17,CLI02207,LOJ0104,4,125.10,nao_entregue,"Consta entrega concluída, porém nada foi recebido.",1,1651,2,1,1,,sem_resposta,autoaprovada,aprovada,101.45,0
CON03169,PED049422,21/05/2025,CLI11800,LOJ0136,2,"R$ 112,13",produto_avariado,O produto chegou danificado dentro da sacola.,1,1753,1,1,0,,respondida,autoaprovada,aprovada,"58,30",0
CON03170,PED049635,2025-05-17,CLI14098,LOJ0257,6,94.29,item_faltante,"O pedido chegou incompleto, faltou parte da compra.",1,1889,0,5,0,,sem resposta,negada_ou_retirada,negada,0.00,0
CON03171,PED042680,2025-05-08,CLI13366,LOJ0277,4,82.82,produto_avariado,O produto chegou danificado dentro da sacola.,1,982,1,4,0,GRP106,respondida,autoaprovada,aprovada,53.22,1
CON03172,PED046908,2025-05-14,CLI16373,LOJ0165,6,"108,73",item_faltante,"O pedido chegou incompleto, faltou parte da compra.",1,806,4,1,0,,sem_resposta,autoaprovada,aprovada,88.05,1
CON03173,PED039796,2025-05-01,CLI08433,LOJ0214,6,228.60,qualidade,A comida chegou fria e com qualidade abaixo do esperado.,1,27,0,2,0,,SEM RESPOSTA,revisao_manual,aprovada,218.59,0
CON03174,PED046155,2025-05-10,CLI03314,LOJ0368,7,148.05,produto_avariado,O produto chegou danificado dentro da sacola.,1,19,1,4,0,,respondida,revisao_manual,aprovada,119.63,0
CON03175,PED041603,01/05/2025,CLI05552,LOJ0370,5,100.48,ITEM FALTANTE,Faltou um item do pedido e a loja não respondeu.,1,1700,0,5,0,,respondida,revisao_manual,aprovada,79.15,1
CON03176,PED042160,2025-05-14,CLI17299,LOJ0295,7,59.66,item_faltante,Faltou um item do pedido e a loja não respondeu.,1,1209,1,3,0,,respondida,autoaprovada,aprovada,"40,94",0
CON03177,PED043406,2025-05-17,CLI02059,LOJ0016,7,120.02,item_faltante,Não recebi todos os itens que estavam na nota.,1,505,0,4,0,,sem resposta,autoaprovada,aprovada,"R$ 75,68",1
CON03178,PED039518,2025-05-31,CLI14799,LOJ0342,6,132.96,item_faltante,Faltou um item do pedido e a loja não respondeu.,1,909,1,1,0,,respondida,autoaprovada,aprovada,95.36,0
CON03179,PED045357,2025-05-24,CLI08145,LOJ0288,5,"127,49",item_faltante,Faltou um item do pedido e a loja não respondeu.,0,1273,1,3,0,,respondida,autoaprovada,aprovada,95.60,0
CON03180,PED044237,2025-05-29,CLI02752,LOJ0056,2,"R$ 111,26",item_faltante,Faltou um item do pedido e a loja não respondeu.,1,1453,0,1,0,,respondida,autoaprovada,aprovada,78.11,0
CON03181,PED041983,11/05/2025,CLI04750,LOJ0095,3,202.45,pedido_incorreto,O pedido veio errado e preciso corrigir a cobrança.,1,1262,1,3,0,,respondida,negada_ou_retirada,retirada,0.00,0
CON03182,PED039868,2025-05-20,CLI01569,LOJ0059,2,133.19,produto_avariado,O produto chegou danificado dentro da sacola.,1,779,1,1,0,,SEM RESPOSTA,autoaprovada,aprovada,96.85,0
CON03183,PED044628,2025-05-16,CLI14049,LOJ0343,2,173.37,item_faltante,Faltou um item do pedido e a loja não respondeu.,1,94,0,1,1,,respondida,autoaprovada,aprovada,"141,63",0
CON03184,PED049308,2025-05-28,CLI10428,LOJ0390,2,77.38,qualidade,O produto estava com aparência ruim quando chegou.,0,277,0,1,0,,sem_resposta,negada_ou_retirada,retirada,0.00,0
CON03185,PED043285,2025-05-12,CLI07287,LOJ0409,5,51.79,produto_avariado,A embalagem chegou aberta e o produto estava avariado.,1,2030,0,2,0,,respondida,revisao_manual,negada,0.00,0
CON03186,PED039635,2025-05-25,CLI05534,LOJ0202,7,"83,38",pedido_incorreto,Recebi produtos diferentes do que selecionei.,1,666,1,3,0,,respondida,revisao_manual,aprovada,49.96,0
CON03187,PED048415,01/05/2025,CLI12584,LOJ0290,2,93.05,produto_avariado,O produto chegou danificado dentro da sacola.,1,712,1,1,0,,respondida,autoaprovada,aprovada,83.51,0
CON03188,PED041064,2025-05-27,CLI17810,LOJ0200,4,230.14,item_faltante,Faltou um item do pedido e a loja não respondeu.,1,340,4,3,1,,sem resposta,negada_ou_retirada,retirada,"R$ 0,00",0
CON03189,PED041611,2025-05-12,CLI02434,LOJ0074,2,61.80,qualidade,A comida chegou fria e com qualidade abaixo do esperado.,0,1625,0,1,0,,respondida,autoaprovada,aprovada,37.55,0
CON03190,PED043434,2025-05-26,CLI15770,LOJ0134,3,148.50,qualidade,O produto estava com aparência ruim quando chegou.,0,922,1,1,0,,sem_resposta,autoaprovada,aprovada,"118,98",0
CON03191,PED048893,2025-05-04,CLI14381,LOJ0437,4,"R$ 134,62",item_faltante,Não recebi todos os itens que estavam na nota.,1,1370,2,2,0,,respondida,revisao_manual,aprovada,123.91,0
CON03192,PED042812,2025-05-05,CLI03240,LOJ0339,6,62.55,item_faltante,Faltou um item do pedido e a loja não respondeu.,0,369,6,4,0,,SEM RESPOSTA,autoaprovada,aprovada,44.14,1
CON03193,PED047680,17/05/2025,CLI06103,LOJ0274,6,"85,20",produto_avariado,O produto chegou danificado dentro da sacola.,0,181,0,4,0,,respondida,negada_ou_retirada,negada,0.00,0
CON03194,PED040579,2025-05-11,CLI16886,LOJ0049,7,104.06,pedido_incorreto,Entregaram outro item no lugar do que comprei.,1,108,0,3,1,,respondida,autoaprovada,aprovada,67.59,0
CON03195,PED043001,2025-05-31,CLI17768,LOJ0286,4,121.03,pedido_incorreto,Entregaram outro item no lugar do que comprei.,1,2194,0,2,0,,respondida,autoaprovada,aprovada,54.38,0
CON03196,PED045825,2025-05-31,CLI04096,LOJ0190,7,202.47,qualidade,O produto estava com aparência ruim quando chegou.,1,1371,0,3,0,,respondida,autoaprovada,aprovada,166.85,0
CON03197,PED048774,2025-05-14,CLI04106,LOJ0322,5,78.83,item_faltante,Faltou um item do pedido e a loja não respondeu.,1,2178,1,2,0,,sem resposta,revisao_manual,negada,"0,00",0
CON03198,PED048504,2025-05-22,CLI10976,LOJ0221,4,104.95,PEDIDO INCORRETO,O pedido veio errado e preciso corrigir a cobrança.,1,1618,0,3,0,,respondida,autoaprovada,aprovada,87.08,1
CON03199,PED049504,10/05/2025,CLI02522,LOJ0044,7,67.03,pedido_incorreto,O pedido veio errado e preciso corrigir a cobrança.,1,2373,0,2,0,,respondida,negada_ou_retirada,retirada,"R$ 0,00",0
CON03200,PED047170,2025-05-05,CLI12992,LOJ0171,6,"128,43",item_faltante,Não recebi todos os itens que estavam na nota.,1,186,3,5,0,,respondida,autoaprovada,aprovada,112.06,1
CON03201,PED048441,2025-05-22,CLI05490,LOJ0163,3,118.16,item_faltante,Não recebi todos os itens que estavam na nota.,1,2349,1,1,0,,SEM RESPOSTA,autoaprovada,aprovada,48.17,0
CON03202,PED046676,2025-05-07,CLI16176,LOJ0207,6,"R$ 43,38",item_faltante,"O pedido chegou incompleto, faltou parte da compra.",1,1275,0,2,0,,sem_resposta,negada_ou_retirada,negada,0.00,0
CON03203,PED041555,2025-05-04,CLI10417,LOJ0362,4,195.88,produto_avariado,A embalagem chegou aberta e o produto estava avariado.,1,961,1,1,0,GRP125,respondida,autoaprovada,aprovada,167.21,0
CON03204,PED048569,2025-05-02,CLI13898,LOJ0136,4,217.19,item_faltante,Faltou um item do pedido e a loja não respondeu.,1,990,1,2,0,,respondida,autoaprovada,aprovada,"197,44",0
CON03205,PED040280,24/05/2025,CLI04270,LOJ0263,5,127.55,qualidade,O produto estava com aparência ruim quando chegou.,0,590,0,5,0,,respondida,autoaprovada,aprovada,102.07,0
CON03206,PED045812,2025-05-05,CLI14438,LOJ0246,6,111.27,qualidade,O produto estava com aparência ruim quando chegou.,1,1189,1,2,0,,respondida,autoaprovada,aprovada,75.83,0
CON03207,PED042016,2025-05-12,CLI06086,LOJ0300,4,"132,16",pedido_incorreto,Entregaram outro item no lugar do que comprei.,1,21,0,3,0,,respondida,autoaprovada,aprovada,116.66,0
CON03208,PED047291,2025-05-03,CLI09571,LOJ0406,2,106.80,pedido_incorreto,Recebi produtos diferentes do que selecionei.,0,402,1,1,0,,respondida,autoaprovada,aprovada,73.41,0
CON03209,PED045793,2025-05-15,CLI03257,LOJ0283,4,151.45,item_faltante,,1,392,0,1,0,,respondida,autoaprovada,aprovada,138.57,0
CON03210,PED046232,2025-05-27,CLI08381,LOJ0254,3,159.89,item_faltante,"O pedido chegou incompleto, faltou parte da compra.",1,1892,0,1,0,,sem resposta,autoaprovada,aprovada,"R$ 146,90",0
CON03211,PED043930,18/05/2025,CLI02158,LOJ0027,4,128.52,item_faltante,Faltou um item do pedido e a loja não respondeu.,0,50,0,3,0,,sem_resposta,revisao_manual,aprovada,"104,15",0
CON03212,PED042738,2025-05-14,CLI10998,LOJ0067,7,117.93,nao_entregue,"O aplicativo marcou como entregue, mas não recebi o pedido.",0,1181,2,4,0,,SEM RESPOSTA,autoaprovada,aprovada,87.87,1
CON03213,PED040808,2025-05-16,CLI16027,LOJ0173,7,"R$ 95,01",pedido_incorreto,Recebi produtos diferentes do que selecionei.,1,1719,0,6,0,,respondida,autoaprovada,aprovada,73.19,0
CON03214,PED048658,2025-05-22,CLI15338,LOJ0090,5,"169,85",pedido_incorreto,Entregaram outro item no lugar do que comprei.,1,432,5,3,0,,sem resposta,autoaprovada,aprovada,144.61,0
CON03215,PED048978,2025-05-31,CLI05248,LOJ0260,2,98.81,item_faltante,Não recebi todos os itens que estavam na nota.,1,1472,6,1,0,,SEM RESPOSTA,negada_ou_retirada,negada,0.00,0
CON03216,PED042830,2025-05-18,CLI01773,LOJ0233,2,172.41,pedido_incorreto,Recebi produtos diferentes do que selecionei.,1,1839,0,2,0,,sem_resposta,autoaprovada,aprovada,150.41,1
CON03217,PED041582,19/05/2025,CLI16252,LOJ0266,7,138.30,pedido_incorreto,Entregaram outro item no lugar do que comprei.,1,1437,4,4,0,,respondida,autoaprovada,aprovada,100.47,0
CON03218,PED040698,2025-05-17,CLI02444,LOJ0385,6,110.46,pedido_incorreto,O pedido veio errado e preciso corrigir a cobrança.,1,1998,1,6,0,,respondida,autoaprovada,aprovada,"103,14",1
CON03219,PED044815,2025-05-07,CLI16303,LOJ0392,5,87.60,item_faltante,Faltou um item do pedido e a loja não respondeu.,1,1626,0,1,0,,respondida,autoaprovada,aprovada,53.74,0
CON03220,PED039760,2025-05-02,CLI14655,LOJ0259,4,238.01,produto_avariado,O produto chegou danificado dentro da sacola.,1,517,0,4,0,,sem resposta,revisao_manual,aprovada,145.56,1
CON03221,PED046373,2025-05-26,CLI17857,LOJ0399,4,"179,64",ITEM FALTANTE,"O pedido chegou incompleto, faltou parte da compra.",1,855,0,3,0,,respondida,revisao_manual,aprovada,"R$ 85,58",0
CON03222,PED043379,2025-05-04,CLI01004,LOJ0139,4,123.11,item_faltante,"O pedido chegou incompleto, faltou parte da compra.",1,1292,1,2,0,,respondida,autoaprovada,aprovada,101.89,0
CON03223,PED041720,25/05/2025,CLI08639,LOJ0388,7,214.42,item_faltante,Faltou um item do pedido e a loja não respondeu.,1,1869,1,2,0,GRP009,respondida,autoaprovada,aprovada,195.86,0
CON03224,PED043183,2025-05-21,CLI08312,LOJ0405,4,"R$ 122,31",item_faltante,Faltou um item do pedido e a loja não respondeu.,1,118,2,4,1,,sem_resposta,negada_ou_retirada,negada,0.00,0
CON03225,PED046195,2025-05-15,CLI03066,LOJ0131,6,126.90,item_faltante,Não recebi todos os itens que estavam na nota.,0,1091,1,1,0,,SEM RESPOSTA,autoaprovada,aprovada,"99,03",0
CON03226,PED042784,2025-05-16,CLI15561,LOJ0203,7,150.09,item_faltante,Não recebi todos os itens que estavam na nota.,1,2175,4,3,0,,respondida,revisao_manual,aprovada,141.99,0
CON03227,PED048172,2025-05-16,CLI14648,LOJ0014,5,116.13,pedido_incorreto,Entregaram outro item no lugar do que comprei.,0,1591,1,4,0,,sem resposta,autoaprovada,aprovada,85.86,0
CON03228,PED047352,2025-05-07,CLI03534,LOJ0011,6,"250,85",item_faltante,Faltou um item do pedido e a loja não respondeu.,1,2196,1,2,0,,respondida,autoaprovada,aprovada,237.83,0
CON03229,PED047129,13/05/2025,CLI03829,LOJ0253,2,74.29,nao_entregue,O pedido não chegou no endereço informado.,1,559,1,2,0,,SEM RESPOSTA,negada_ou_retirada,negada,0.00,0
CON03230,PED043696,2025-05-30,CLI06574,LOJ0426,2,147.65,qualidade,A comida chegou fria e com qualidade abaixo do esperado.,0,75,1,1,0,,respondida,revisao_manual,aprovada,113.96,0
CON03231,PED047132,2025-05-27,CLI08644,LOJ0395,2,116.84,qualidade,O produto estava com aparência ruim quando chegou.,1,29,1,1,0,,respondida,autoaprovada,aprovada,34.53,0
CON03232,PED048540,2025-05-10,CLI10150,LOJ0360,7,83.14,pedido_incorreto,O pedido veio errado e preciso corrigir a cobrança.,1,645,1,2,0,,respondida,autoaprovada,aprovada,"R$ 59,92",0
CON03233,PED041132,2025-05-09,CLI11382,LOJ0429,7,41.46,produto_avariado,O produto chegou danificado dentro da sacola.,0,715,6,4,0,,respondida,negada_ou_retirada,retirada,0.00,0
CON03234,PED045365,2025-05-08,CLI10154,LOJ0439,4,143.02,pedido_incorreto,Entregaram outro item no lugar do que comprei.,1,944,1,1,0,,sem_resposta,autoaprovada,aprovada,123.57,0
CON03235,PED049330,15/05/2025,CLI07775,LOJ0274,2,"R$ 62,49",pedido_incorreto,Entregaram outro item no lugar do que comprei.,0,280,0,1,0,,respondida,negada_ou_retirada,retirada,0.00,0
CON03236,PED043032,2025-05-28,CLI08477,LOJ0431,5,136.04,item_faltante,Faltou um item do pedido e a loja não respondeu.,0,1984,1,4,0,,sem resposta,autoaprovada,aprovada,120.29,1
CON03237,PED044091,2025-05-30,CLI07257,LOJ0339,6,149.54,produto_avariado,O produto chegou danificado dentro da sacola.,0,122,0,4,0,,sem_resposta,autoaprovada,aprovada,114.94,0
CON03238,PED043498,2025-05-26,CLI17271,LOJ0389,5,130.44,produto_avariado,O item vazou durante a entrega e não dava para consumir.,1,1605,2,1,0,,SEM RESPOSTA,autoaprovada,aprovada,47.10,0
CON03239,PED044085,2025-05-02,CLI04079,LOJ0400,7,101.47,item_faltante,Não recebi todos os itens que estavam na nota.,1,1374,0,5,0,GRP103,respondida,autoaprovada,aprovada,"76,84",1
CON03240,PED042758,2025-05-23,CLI08773,LOJ0052,7,129.95,item_faltante,"O pedido chegou incompleto, faltou parte da compra.",1,635,1,2,0,,respondida,autoaprovada,aprovada,80.42,0
CON03241,PED041020,08/05/2025,CLI03582,LOJ0324,3,101.38,produto_avariado,A embalagem chegou aberta e o produto estava avariado.,1,91,1,1,1,,respondida,autoaprovada,aprovada,82.78,0
CON03242,PED042460,2025-05-21,CLI06540,LOJ0342,7,"164,13",produto_avariado,O produto chegou danificado dentro da sacola.,1,39,0,3,0,,respondida,revisao_manual,aprovada,133.89,0
CON03243,PED047886,2025-05-30,CLI15182,LOJ0252,2,121.71,item_faltante,Não recebi todos os itens que estavam na nota.,1,1829,0,1,0,,respondida,revisao_manual,aprovada,"R$ 92,71",1
CON03244,PED045405,2025-05-05,CLI02372,LOJ0265,5,130.89,ITEM FALTANTE,Faltou um item do pedido e a loja não respondeu.,0,566,1,5,0,,sem resposta,autoaprovada,aprovada,113.87,0
CON03245,PED049080,2025-05-06,CLI11913,LOJ0079,3,127.21,pedido_incorreto,Recebi produtos diferentes do que selecionei.,1,248,2,2,0,,respondida,autoaprovada,aprovada,107.92,0
CON03246,PED040365,2025-05-05,CLI13199,LOJ0064,6,"R$ 128,86",qualidade,A qualidade não correspondeu ao que foi anunciado.,1,811,1,4,0,,respondida,autoaprovada,aprovada,"107,06",0
CON03247,PED043505,12/05/2025,CLI11140,LOJ0124,4,96.60,qualidade,A comida chegou fria e com qualidade abaixo do esperado.,1,1110,0,1,0,,respondida,autoaprovada,aprovada,90.15,0
CON03248,PED042145,2025-05-20,CLI06854,LOJ0044,2,52.17,qualidade,O produto estava com aparência ruim quando chegou.,0,100,0,1,0,,SEM RESPOSTA,negada_ou_retirada,negada,0.00,0
CON03249,PED044838,2025-05-04,CLI08695,LOJ0032,2,"262,40",pedido_incorreto,Entregaram outro item no lugar do que comprei.,1,1166,2,1,0,,sem_resposta,autoaprovada,aprovada,253.63,0
CON03250,PED041399,2025-05-22,CLI13810,LOJ0095,3,151.79,item_faltante,"O pedido chegou incompleto, faltou parte da compra.",0,2283,1,3,0,,sem resposta,autoaprovada,aprovada,139.68,1
CON03251,PED039802,2025-05-09,CLI15246,LOJ0374,2,152.04,nao_entregue,"Consta entrega concluída, porém nada foi recebido.",1,2042,0,1,1,,sem_resposta,autoaprovada,aprovada,130.85,1
CON03252,PED044287,2025-05-11,CLI13009,LOJ0341,3,73.63,item_faltante,"O pedido chegou incompleto, faltou parte da compra.",1,1828,1,1,0,,SEM RESPOSTA,negada_ou_retirada,negada,0.00,0
CON03253,PED048360,17/05/2025,CLI17193,LOJ0391,7,118.98,item_faltante,Faltou um item do pedido e a loja não respondeu.,0,1170,1,3,0,,sem resposta,autoaprovada,aprovada,"57,11",1
CON03254,PED045220,2025-05-23,CLI01214,LOJ0266,2,54.73,produto_avariado,O item vazou durante a entrega e não dava para consumir.,1,1305,0,1,0,,respondida,negada_ou_retirada,negada,"R$ 0,00",0
CON03255,PED041998,2025-05-25,CLI15284,LOJ0284,2,82.98,pedido_incorreto,Recebi produtos diferentes do que selecionei.,1,1221,1,1,0,,SEM RESPOSTA,revisao_manual,negada,0.00,0
CON03256,PED049461,2025-05-09,CLI03597,LOJ0195,4,"120,10",item_faltante,Não recebi todos os itens que estavam na nota.,1,1029,2,2,0,,sem_resposta,autoaprovada,aprovada,107.74,0
CON03257,PED044846,2025-05-23,CLI05469,LOJ0442,7,"R$ 142,42",pedido_incorreto,Recebi produtos diferentes do que selecionei.,1,76,2,5,0,,sem resposta,revisao_manual,aprovada,134.65,0
CON03258,PED046955,2025-05-11,CLI05816,LOJ0274,3,147.27,pedido_incorreto,Recebi produtos diferentes do que selecionei.,0,1955,2,1,0,,sem_resposta,autoaprovada,aprovada,127.70,0
CON03259,PED041955,25/05/2025,CLI11796,LOJ0361,7,65.41,pedido_incorreto,O pedido veio errado e preciso corrigir a cobrança.,1,1388,2,5,0,,respondida,autoaprovada,aprovada,47.46,0
CON03260,PED048040,2025-05-02,CLI10321,LOJ0165,7,82.81,qualidade,A comida chegou fria e com qualidade abaixo do esperado.,1,2260,2,5,0,,respondida,autoaprovada,aprovada,"75,47",0
CON03261,PED043211,2025-05-12,CLI14912,LOJ0003,4,69.68,pedido_incorreto,O pedido veio errado e preciso corrigir a cobrança.,1,872,0,3,0,,SEM RESPOSTA,autoaprovada,aprovada,43.15,0
CON03262,PED049489,2025-05-21,CLI08920,LOJ0304,4,252.01,nao_entregue,"O aplicativo marcou como entregue, mas não recebi o pedido.",1,382,0,2,0,,respondida,autoaprovada,aprovada,225.37,0
CON03263,PED041081,2025-05-25,CLI00168,LOJ0400,4,"91,73",pedido_incorreto,Entregaram outro item no lugar do que comprei.,0,428,1,3,0,GRP074,sem resposta,autoaprovada,aprovada,69.62,0
CON03264,PED046924,2025-05-01,CLI17979,LOJ0219,3,122.04,qualidade,A comida chegou fria e com qualidade abaixo do esperado.,1,207,2,1,0,,respondida,autoaprovada,aprovada,102.84,0
CON03265,PED042546,17/05/2025,CLI03942,LOJ0034,4,86.34,item_faltante,"O pedido chegou incompleto, faltou parte da compra.",1,189,1,3,0,,SEM RESPOSTA,autoaprovada,aprovada,"R$ 64,09",0
CON03266,PED042724,2025-05-11,CLI10745,LOJ0364,6,133.39,item_faltante,"O pedido chegou incompleto, faltou parte da compra.",0,2243,2,1,1,,sem_resposta,autoaprovada,aprovada,115.94,0
CON03267,PED044012,2025-05-26,CLI09300,LOJ0431,2,129.43,ITEM FALTANTE,Não recebi todos os itens que estavam na nota.,0,1856,2,2,0,,sem resposta,autoaprovada,aprovada,"91,57",0
CON03268,PED048402,2025-05-20,CLI09545,LOJ0418,7,"R$ 109,97",pedido_incorreto,Entregaram outro item no lugar do que comprei.,1,1390,0,7,0,,sem_resposta,revisao_manual,negada,0.00,0
CON03269,PED039864,2025-05-13,CLI14164,LOJ0293,2,223.54,produto_avariado,O produto chegou danificado dentro da sacola.,1,851,6,2,0,,SEM RESPOSTA,autoaprovada,aprovada,198.56,1
CON03270,PED047606,2025-05-26,CLI07936,LOJ0184,3,"113,84",item_faltante,Faltou um item do pedido e a loja não respondeu.,1,771,1,1,0,,respondida,autoaprovada,aprovada,109.63,0
CON03271,PED047862,29/05/2025,CLI11314,LOJ0272,5,100.15,nao_entregue,"Consta entrega concluída, porém nada foi recebido.",0,1918,0,2,0,,respondida,autoaprovada,aprovada,53.87,0
CON03272,PED047763,2025-05-19,CLI10567,LOJ0440,7,86.11,pedido_incorreto,O pedido veio errado e preciso corrigir a cobrança.,1,192,1,5,0,,sem resposta,autoaprovada,aprovada,48.08,0
CON03273,PED048575,2025-05-14,CLI04129,LOJ0422,4,119.66,pedido_incorreto,Recebi produtos diferentes do que selecionei.,1,1912,0,4,0,,respondida,autoaprovada,aprovada,84.27,0
CON03274,PED047972,2025-05-11,CLI03552,LOJ0239,7,90.12,item_faltante,Não recebi todos os itens que estavam na nota.,1,193,0,3,0,,SEM RESPOSTA,negada_ou_retirada,negada,"0,00",0
CON03275,PED042241,2025-05-14,CLI06540,LOJ0363,2,116.66,produto_avariado,O produto chegou danificado dentro da sacola.,1,776,2,1,0,,sem_resposta,autoaprovada,aprovada,112.59,1
CON03276,PED046338,2025-05-29,CLI10471,LOJ0195,6,124.93,item_faltante,Não recebi todos os itens que estavam na nota.,0,1559,0,6,1,,sem resposta,autoaprovada,aprovada,"R$ 88,16",1
CON03277,PED045904,08/05/2025,CLI04680,LOJ0201,5,"141,43",item_faltante,Faltou um item do pedido e a loja não respondeu.,0,1735,5,2,0,,respondida,autoaprovada,aprovada,113.29,0
CON03278,PED048639,2025-05-23,CLI04292,LOJ0155,6,48.87,qualidade,A comida chegou fria e com qualidade abaixo do esperado.,1,533,1,3,0,,respondida,negada_ou_retirada,negada,0.00,0
CON03279,PED046796,2025-05-13,CLI13213,LOJ0033,2,"R$ 51,51",qualidade,A comida chegou fria e com qualidade abaixo do esperado.,1,853,0,1,0,,respondida,revisao_manual,negada,0.00,0
CON03280,PED046682,2025-05-29,CLI07713,LOJ0375,4,109.88,produto_avariado,O item vazou durante a entrega e não dava para consumir.,1,258,1,4,0,,sem_resposta,autoaprovada,aprovada,97.65,0
CON03281,PED041973,2025-05-16,CLI03070,LOJ0369,6,231.89,item_faltante,Faltou um item do pedido e a loja não respondeu.,1,2279,0,3,0,GRP096,SEM RESPOSTA,autoaprovada,aprovada,"195,44",1
CON03282,PED042461,2025-05-13,CLI10337,LOJ0405,7,144.08,pedido_incorreto,O pedido veio errado e preciso corrigir a cobrança.,1,1688,0,3,0,,respondida,negada_ou_retirada,negada,0.00,0
CON03283,PED049346,14/05/2025,CLI17387,LOJ0132,3,68.96,nao_entregue,O pedido não chegou no endereço informado.,0,1534,0,1,0,,respondida,negada_ou_retirada,negada,0.00,0
CON03284,PED045802,2025-05-25,CLI15783,LOJ0267,2,"80,72",produto_avariado,O produto chegou danificado dentro da sacola.,1,1186,1,1,0,,sem resposta,revisao_manual,aprovada,45.43,0
CON03285,PED046476,2025-05-01,CLI17535,LOJ0011,2,183.18,qualidade,A qualidade não correspondeu ao que foi anunciado.,1,1859,0,1,1,,respondida,autoaprovada,aprovada,162.32,0
CON03286,PED040388,2025-05-07,CLI16144,LOJ0247,6,211.95,item_faltante,Faltou um item do pedido e a loja não respondeu.,1,2069,6,6,1,,respondida,autoaprovada,aprovada,101.72,1
CON03287,PED046967,2025-05-01,CLI07443,LOJ0433,2,150.06,produto_avariado,O item vazou durante a entrega e não dava para consumir.,1,1973,0,2,1,,respondida,autoaprovada,aprovada,"R$ 121,07",0
CON03288,PED041010,2025-05-15,CLI13442,LOJ0043,4,147.68,qualidade,A comida chegou fria e com qualidade abaixo do esperado.,1,436,1,2,0,GRP075,respondida,autoaprovada,aprovada,"116,54",1
CON03289,PED047894,27/05/2025,CLI11387,LOJ0164,6,79.64,item_faltante,Não recebi todos os itens que estavam na nota.,0,1859,0,2,0,,SEM RESPOSTA,autoaprovada,aprovada,55.56,0
CON03290,PED042038,2025-05-14,CLI08601,LOJ0280,6,"R$ 77,52",PEDIDO INCORRETO,Recebi produtos diferentes do que selecionei.,1,2025,0,6,0,,respondida,revisao_manual,aprovada,69.37,1
CON03291,PED047526,2025-05-16,CLI07273,LOJ0005,5,"62,73",item_faltante,Não recebi todos os itens que estavam na nota.,1,572,1,1,0,,respondida,revisao_manual,aprovada,44.68,0
CON03292,PED048376,2025-05-18,CLI13623,LOJ0385,4,148.96,nao_entregue,"O aplicativo marcou como entregue, mas não recebi o pedido.",1,481,2,4,1,,respondida,autoaprovada,aprovada,71.01,1
CON03293,PED040780,2025-05-11,CLI12983,LOJ0027,3,110.69,qualidade,A qualidade não correspondeu ao que foi anunciado.,0,476,0,3,0,,sem_resposta,revisao_manual,aprovada,85.48,1
CON03294,PED047864,2025-05-06,CLI12517,LOJ0381,6,103.26,produto_avariado,O item vazou durante a entrega e não dava para consumir.,0,1694,0,3,0,,respondida,autoaprovada,aprovada,65.48,0
CON03295,PED049285,31/05/2025,CLI16700,LOJ0076,5,96.74,pedido_incorreto,Recebi produtos diferentes do que selecionei.,0,1698,1,5,0,,sem resposta,autoaprovada,aprovada,"58,21",1
CON03296,PED040381,2025-05-22,CLI13423,LOJ0246,2,148.59,item_faltante,"O pedido chegou incompleto, faltou parte da compra.",0,103,0,1,0,,sem_resposta,autoaprovada,aprovada,130.15,0
CON03297,PED048645,2025-05-22,CLI10203,LOJ0383,4,126.92,pedido_incorreto,Recebi produtos diferentes do que selecionei.,0,2029,0,1,0,,SEM RESPOSTA,revisao_manual,aprovada,121.76,0
CON03298,PED040586,2025-05-24,CLI11720,LOJ0059,2,"97,24",qualidade,O produto estava com aparência ruim quando chegou.,0,513,1,1,0,,respondida,revisao_manual,negada,"R$ 0,00",0
CON03299,PED042990,2025-05-06,CLI00764,LOJ0119,5,101.82,produto_avariado,O item vazou durante a entrega e não dava para consumir.,1,1259,1,1,0,,respondida,revisao_manual,negada,0.00,0
CON03300,PED042775,2025-05-05,CLI04436,LOJ0323,6,39.88,item_faltante,"O pedido chegou incompleto, faltou parte da compra.",1,1867,1,1,0,,sem resposta,revisao_manual,negada,0.00,0
CON03301,PED044489,18/05/2025,CLI03363,LOJ0421,2,"R$ 250,78",pedido_incorreto,O pedido veio errado e preciso corrigir a cobrança.,1,2355,0,1,0,,respondida,autoaprovada,aprovada,217.45,0
CON03302,PED042794,2025-05-25,CLI04928,LOJ0129,2,57.55,qualidade,A qualidade não correspondeu ao que foi anunciado.,0,1801,0,1,0,,SEM RESPOSTA,autoaprovada,aprovada,"41,19",0
CON03303,PED039970,2025-05-21,CLI09156,LOJ0336,7,46.01,nao_entregue,O pedido não chegou no endereço informado.,1,1456,0,6,0,,respondida,negada_ou_retirada,negada,0.00,0
CON03304,PED044825,2025-05-29,CLI02761,LOJ0051,5,199.78,item_faltante,"O pedido chegou incompleto, faltou parte da compra.",0,480,0,5,0,,sem_resposta,autoaprovada,aprovada,169.56,1
CON03305,PED041155,2025-05-18,CLI05650,LOJ0198,2,"205,69",qualidade,O produto estava com aparência ruim quando chegou.,1,1591,1,1,0,,sem resposta,revisao_manual,aprovada,175.36,1
CON03306,PED044002,2025-05-09,CLI09948,LOJ0220,3,122.41,pedido_incorreto,Entregaram outro item no lugar do que comprei.,1,1285,0,2,0,,sem_resposta,revisao_manual,aprovada,86.12,0
CON03307,PED043980,23/05/2025,CLI07204,LOJ0434,2,113.46,produto_avariado,O produto chegou danificado dentro da sacola.,1,1248,0,1,0,GRP042,SEM RESPOSTA,autoaprovada,aprovada,96.52,0
CON03308,PED040128,2025-05-05,CLI17290,LOJ0243,5,127.73,item_faltante,Faltou um item do pedido e a loja não respondeu.,1,1195,1,5,0,,sem resposta,autoaprovada,aprovada,91.30,1
CON03309,PED049338,2025-05-10,CLI05417,LOJ0179,7,155.83,produto_avariado,O produto chegou danificado dentro da sacola.,0,850,0,4,0,,respondida,autoaprovada,aprovada,"R$ 76,26",0
CON03310,PED048355,2025-05-07,CLI05450,LOJ0128,5,104.63,item_faltante,Faltou um item do pedido e a loja não respondeu.,1,1618,0,1,0,,respondida,autoaprovada,aprovada,80.55,0
CON03311,PED041420,2025-05-25,CLI17836,LOJ0173,3,124.96,item_faltante,Faltou um item do pedido e a loja não respondeu.,1,2270,0,3,0,,respondida,autoaprovada,aprovada,117.17,0
CON03312,PED045061,2025-05-28,CLI04849,LOJ0145,6,"R$ 80,84",item_faltante,Faltou um item do pedido e a loja não respondeu.,0,304,1,6,1,,respondida,revisao_manual,aprovada,50.41,1
CON03313,PED040907,07/05/2025,CLI17366,LOJ0280,7,127.47,QUALIDADE,O produto estava com aparência ruim quando chegou.,1,607,0,3,0,,SEM RESPOSTA,autoaprovada,aprovada,121.78,0
CON03314,PED046553,2025-05-11,CLI09796,LOJ0449,3,186.96,qualidade,A qualidade não correspondeu ao que foi anunciado.,1,1841,0,1,0,,respondida,autoaprovada,aprovada,156.37,0
CON03315,PED041302,2025-05-26,CLI16456,LOJ0188,6,169.53,item_faltante,"O pedido chegou incompleto, faltou parte da compra.",1,1344,0,3,1,,respondida,autoaprovada,aprovada,84.02,0
CON03316,PED040563,2025-05-26,CLI05749,LOJ0212,3,102.35,item_faltante,"O pedido chegou incompleto, faltou parte da compra.",1,180,0,1,0,,respondida,autoaprovada,aprovada,"68,87",0
CON03317,PED043521,2025-05-23,CLI07832,LOJ0138,2,131.59,nao_entregue,"O aplicativo marcou como entregue, mas não recebi o pedido.",1,2365,0,1,0,,respondida,negada_ou_retirada,retirada,0.00,0
CON03318,PED046083,2025-05-23,CLI13893,LOJ0257,2,83.18,nao_entregue,"Consta entrega concluída, porém nada foi recebido.",1,2014,0,1,0,,respondida,autoaprovada,aprovada,62.63,0
CON03319,PED049601,21/05/2025,CLI12691,LOJ0404,4,"98,76",item_faltante,Faltou um item do pedido e a loja não respondeu.,0,1158,2,3,0,,sem_resposta,negada_ou_retirada,retirada,0.00,0
CON03320,PED046352,2025-05-02,CLI11627,LOJ0433,2,118.68,qualidade,A comida chegou fria e com qualidade abaixo do esperado.,1,438,0,1,0,,sem resposta,revisao_manual,aprovada,"R$ 113,10",0
CON03321,PED045085,2025-05-02,CLI00899,LOJ0211,7,139.67,pedido_incorreto,O pedido veio errado e preciso corrigir a cobrança.,0,1835,0,7,0,,sem_resposta,autoaprovada,aprovada,105.83,1
CON03322,PED040044,2025-05-28,CLI06403,LOJ0391,4,147.20,pedido_incorreto,Recebi produtos diferentes do que selecionei.,0,303,1,1,0,,respondida,autoaprovada,aprovada,115.05,0
CON03323,PED047268,2025-05-31,CLI05937,LOJ0242,6,"R$ 83,43",item_faltante,Não recebi todos os itens que estavam na nota.,1,1010,0,6,0,,SEM RESPOSTA,autoaprovada,aprovada,"64,27",0
CON03324,PED048838,2025-05-03,CLI17242,LOJ0341,5,114.45,nao_entregue,"O aplicativo marcou como entregue, mas não recebi o pedido.",1,888,0,5,1,,respondida,autoaprovada,aprovada,55.92,1
CON03325,PED040131,12/05/2025,CLI15968,LOJ0390,4,226.02,pedido_incorreto,Recebi produtos diferentes do que selecionei.,1,2029,3,1,0,,respondida,autoaprovada,aprovada,190.56,0
CON03326,PED048145,2025-05-08,CLI06957,LOJ0402,6,"142,56",produto_avariado,O item vazou durante a entrega e não dava para consumir.,0,242,0,5,0,,respondida,autoaprovada,aprovada,62.15,1
CON03327,PED039831,2025-05-14,CLI10400,LOJ0152,5,60.72,item_faltante,"O pedido chegou incompleto, faltou parte da compra.",0,1035,0,1,0,,sem resposta,autoaprovada,aprovada,48.19,0
CON03328,PED042886,2025-05-10,CLI15128,LOJ0422,7,80.16,produto_avariado,O produto chegou danificado dentro da sacola.,0,2167,0,1,0,GRP040,respondida,autoaprovada,aprovada,52.01,0
CON03329,PED040387,2025-05-31,CLI11243,LOJ0244,6,76.43,pedido_incorreto,O pedido veio errado e preciso corrigir a cobrança.,1,40,0,6,0,,SEM RESPOSTA,negada_ou_retirada,negada,0.00,0
CON03330,PED045237,2025-05-22,CLI10456,LOJ0101,2,79.94,item_faltante,Não recebi todos os itens que estavam na nota.,1,2186,1,1,0,,respondida,autoaprovada,aprovada,"73,17",0
CON03331,PED049319,29/05/2025,CLI13822,LOJ0077,2,95.11,pedido_incorreto,O pedido veio errado e preciso corrigir a cobrança.,1,1536,2,1,0,,sem_resposta,autoaprovada,aprovada,"R$ 73,28",0
CON03332,PED047900,2025-05-19,CLI05721,LOJ0041,7,122.29,pedido_incorreto,O pedido veio errado e preciso corrigir a cobrança.,1,141,1,7,0,,sem resposta,negada_ou_retirada,retirada,0.00,0
CON03333,PED041539,2025-05-17,CLI15799,LOJ0426,5,"150,85",produto_avariado,O item vazou durante a entrega e não dava para consumir.,0,1202,0,3,0,,respondida,autoaprovada,aprovada,114.67,0
CON03334,PED045541,2025-05-28,CLI03407,LOJ0081,5,"R$ 60,62",produto_avariado,O item vazou durante a entrega e não dava para consumir.,1,37,5,1,0,,respondida,revisao_manual,negada,0.00,0
CON03335,PED045613,2025-05-22,CLI00341,LOJ0120,2,62.70,qualidade,A qualidade não correspondeu ao que foi anunciado.,0,1553,0,1,0,,respondida,revisao_manual,negada,0.00,0
CON03336,PED047746,2025-05-19,CLI01997,LOJ0142,7,117.51,ITEM FALTANTE,Não recebi todos os itens que estavam na nota.,1,785,1,4,0,,sem_resposta,autoaprovada,aprovada,94.14,0
CON03337,PED045481,16/05/2025,CLI00535,LOJ0208,2,172.54,item_faltante,"O pedido chegou incompleto, faltou parte da compra.",1,912,2,1,0,,SEM RESPOSTA,autoaprovada,aprovada,"148,65",1
CON03338,PED046124,2025-05-19,CLI17157,LOJ0200,4,119.96,qualidade,O produto estava com aparência ruim quando chegou.,0,909,0,1,0,,sem resposta,autoaprovada,aprovada,76.56,0
CON03339,PED041264,2025-05-27,CLI07765,LOJ0423,7,124.64,qualidade,A comida chegou fria e com qualidade abaixo do esperado.,1,443,2,6,0,,respondida,autoaprovada,aprovada,45.62,0
CON03340,PED045021,2025-05-30,CLI15998,LOJ0066,5,"115,75",item_faltante,"O pedido chegou incompleto, faltou parte da compra.",0,1537,4,5,1,,SEM RESPOSTA,autoaprovada,aprovada,79.98,1
CON03341,PED039750,2025-05-28,CLI12463,LOJ0219,7,172.07,produto_avariado,O produto chegou danificado dentro da sacola.,0,1737,0,4,0,,respondida,autoaprovada,aprovada,155.42,0
CON03342,PED045170,2025-05-19,CLI13559,LOJ0055,7,163.10,pedido_incorreto,Recebi produtos diferentes do que selecionei.,0,330,2,7,0,,respondida,autoaprovada,aprovada,"R$ 142,88",1
CON03343,PED049062,30/05/2025,CLI10698,LOJ0139,2,127.20,item_faltante,"O pedido chegou incompleto, faltou parte da compra.",1,1836,4,1,1,GRP067,sem_resposta,revisao_manual,aprovada,99.34,1
CON03344,PED049553,2025-05-07,CLI01187,LOJ0171,3,63.16,item_faltante,Não recebi todos os itens que estavam na nota.,1,1100,1,2,0,,respondida,autoaprovada,aprovada,"51,49",0
CON03345,PED049685,2025-05-18,CLI13002,LOJ0042,4,"R$ 73,92",pedido_incorreto,Entregaram outro item no lugar do que comprei.,0,921,0,2,0,,sem resposta,revisao_manual,aprovada,65.21,0
CON03346,PED039661,2025-05-30,CLI04090,LOJ0194,6,94.29,pedido_incorreto,Entregaram outro item no lugar do que comprei.,0,1674,0,5,0,,sem_resposta,negada_ou_retirada,retirada,0.00,0
CON03347,PED045546,2025-05-16,CLI10939,LOJ0106,5,"60,69",qualidade,A qualidade não correspondeu ao que foi anunciado.,0,1029,1,2,0,,SEM RESPOSTA,negada_ou_retirada,negada,0.00,0
CON03348,PED046200,2025-05-13,CLI11623,LOJ0222,5,76.67,qualidade,A qualidade não correspondeu ao que foi anunciado.,1,1361,0,1,0,,sem resposta,negada_ou_retirada,retirada,0.00,0
CON03349,PED048035,25/05/2025,CLI02821,LOJ0007,7,115.81,nao_entregue,"Consta entrega concluída, porém nada foi recebido.",1,1449,0,2,1,,respondida,autoaprovada,aprovada,101.01,0
CON03350,PED044966,2025-05-27,CLI16918,LOJ0176,7,199.89,pedido_incorreto,Recebi produtos diferentes do que selecionei.,1,546,0,5,0,,SEM RESPOSTA,autoaprovada,aprovada,72.58,0
CON03351,PED039582,2025-05-05,CLI17327,LOJ0151,6,78.10,item_faltante,"O pedido chegou incompleto, faltou parte da compra.",1,860,1,1,0,,respondida,autoaprovada,aprovada,"70,44",0
CON03352,PED045338,2025-05-28,CLI05014,LOJ0332,5,132.63,produto_avariado,O item vazou durante a entrega e não dava para consumir.,1,834,0,2,0,,respondida,autoaprovada,aprovada,117.05,0
CON03353,PED042441,2025-05-25,CLI09525,LOJ0354,5,65.94,qualidade,A comida chegou fria e com qualidade abaixo do esperado.,1,2020,0,2,0,,sem_resposta,revisao_manual,negada,"R$ 0,00",0
CON03354,PED047940,2025-05-10,CLI09438,LOJ0429,7,"173,73",nao_entregue,"Consta entrega concluída, porém nada foi recebido.",1,1260,0,4,0,GRP061,respondida,autoaprovada,aprovada,84.62,0
CON03355,PED046776,07/05/2025,CLI11710,LOJ0161,5,64.15,produto_avariado,O item vazou durante a entrega e não dava para consumir.,1,885,2,2,0,,respondida,revisao_manual,negada,0.00,0
CON03356,PED047598,2025-05-29,CLI15058,LOJ0094,5,"R$ 88,82",pedido_incorreto,Entregaram outro item no lugar do que comprei.,0,2307,0,4,0,,respondida,autoaprovada,aprovada,74.66,0
CON03357,PED042492,2025-05-13,CLI02461,LOJ0400,3,132.37,item_faltante,Faltou um item do pedido e a loja não respondeu.,1,1974,0,3,0,,respondida,revisao_manual,aprovada,103.45,0
CON03358,PED042894,2025-05-01,CLI14841,LOJ0367,4,82.37,item_faltante,"O pedido chegou incompleto, faltou parte da compra.",1,2399,1,2,0,,sem resposta,revisao_manual,negada,"0,00",0
CON03359,PED039855,2025-05-02,CLI08152,LOJ0321,3,95.67,QUALIDADE,A qualidade não correspondeu ao que foi anunciado.,1,698,5,2,0,,respondida,autoaprovada,aprovada,83.90,1
CON03360,PED045911,2025-05-07,CLI09291,LOJ0113,7,166.46,nao_entregue,"O aplicativo marcou como entregue, mas não recebi o pedido.",1,823,2,4,0,,respondida,autoaprovada,aprovada,129.48,0
CON03361,PED040070,02/05/2025,CLI08776,LOJ0415,4,"86,32",item_faltante,"O pedido chegou incompleto, faltou parte da compra.",1,168,6,2,0,,sem_resposta,revisao_manual,aprovada,64.31,0
CON03362,PED049599,2025-05-06,CLI01327,LOJ0144,5,154.13,item_faltante,"O pedido chegou incompleto, faltou parte da compra.",1,935,1,2,0,,SEM RESPOSTA,revisao_manual,negada,0.00,0
CON03363,PED042321,2025-05-30,CLI05727,LOJ0169,2,82.48,item_faltante,"O pedido chegou incompleto, faltou parte da compra.",0,1936,0,1,0,,sem resposta,revisao_manual,negada,0.00,0
CON03364,PED047881,2025-05-08,CLI10351,LOJ0112,6,87.65,nao_entregue,"Consta entrega concluída, porém nada foi recebido.",1,1410,0,1,0,,SEM RESPOSTA,autoaprovada,aprovada,"R$ 61,82",0
CON03365,PED044656,2025-05-26,CLI14756,LOJ0377,7,210.81,pedido_incorreto,Entregaram outro item no lugar do que comprei.,1,517,2,7,0,,respondida,autoaprovada,aprovada,"205,20",0
CON03366,PED046826,2025-05-19,CLI05979,LOJ0120,5,129.02,qualidade,A comida chegou fria e com qualidade abaixo do esperado.,1,770,3,5,0,,respondida,autoaprovada,aprovada,106.96,1
CON03367,PED047771,09/05/2025,CLI12189,LOJ0347,4,"R$ 131,05",produto_avariado,O item vazou durante a entrega e não dava para consumir.,1,1376,1,3,0,GRP023,respondida,autoaprovada,aprovada,115.06,1
CON03368,PED048873,2025-05-16,CLI02966,LOJ0113,4,"179,96",pedido_incorreto,O pedido veio errado e preciso corrigir a cobrança.,1,1483,0,4,0,,respondida,autoaprovada,aprovada,145.98,0
CON03369,PED040483,2025-05-10,CLI01703,LOJ0224,5,61.44,produto_avariado,O item vazou durante a entrega e não dava para consumir.,1,1101,0,2,1,,respondida,revisao_manual,negada,0.00,0
CON03370,PED045619,2025-05-27,CLI13879,LOJ0401,7,164.35,pedido_incorreto,Entregaram outro item no lugar do que comprei.,1,2028,0,6,0,,respondida,autoaprovada,aprovada,153.49,0
CON03371,PED039699,2025-05-04,CLI16016,LOJ0420,6,134.34,produto_avariado,O produto chegou danificado dentro da sacola.,1,702,2,6,0,,sem_resposta,autoaprovada,aprovada,100.33,0
CON03372,PED042047,2025-05-06,CLI01666,LOJ0084,5,150.64,pedido_incorreto,Recebi produtos diferentes do que selecionei.,1,1166,0,1,0,,respondida,autoaprovada,aprovada,"117,96",0
CON03373,PED044864,14/05/2025,CLI05568,LOJ0399,7,258.49,item_faltante,Não recebi todos os itens que estavam na nota.,1,1681,0,6,0,,sem resposta,autoaprovada,aprovada,230.72,0
CON03374,PED040764,2025-05-21,CLI16517,LOJ0129,4,72.00,pedido_incorreto,Entregaram outro item no lugar do que comprei.,0,669,1,1,0,,respondida,autoaprovada,aprovada,56.94,0
CON03375,PED044732,2025-05-23,CLI15259,LOJ0056,3,"87,58",item_faltante,Faltou um item do pedido e a loja não respondeu.,1,971,1,3,0,,sem_resposta,negada_ou_retirada,negada,"R$ 0,00",0
CON03376,PED045669,2025-05-08,CLI12032,LOJ0225,3,107.12,nao_entregue,"Consta entrega concluída, porém nada foi recebido.",0,363,0,1,0,,SEM RESPOSTA,autoaprovada,aprovada,88.38,0
CON03377,PED048167,2025-05-16,CLI00375,LOJ0013,6,96.73,pedido_incorreto,O pedido veio errado e preciso corrigir a cobrança.,1,1179,0,4,0,,respondida,autoaprovada,aprovada,88.81,1
CON03378,PED044975,2025-05-17,CLI03621,LOJ0387,6,"R$ 122,70",produto_avariado,A embalagem chegou aberta e o produto estava avariado.,1,1800,0,5,0,,respondida,autoaprovada,aprovada,98.82,0
CON03379,PED046857,13/05/2025,CLI11147,LOJ0444,6,106.41,pedido_incorreto,O pedido veio errado e preciso corrigir a cobrança.,0,543,1,1,0,GRP025,respondida,autoaprovada,aprovada,"83,77",0
CON03380,PED042616,2025-05-27,CLI09288,LOJ0450,2,84.90,nao_entregue,"Consta entrega concluída, porém nada foi recebido.",1,177,0,1,0,,sem resposta,autoaprovada,aprovada,73.34,0
CON03381,PED043181,2025-05-15,CLI04327,LOJ0071,6,157.69,nao_entregue,"O aplicativo marcou como entregue, mas não recebi o pedido.",1,2341,0,1,1,,respondida,autoaprovada,aprovada,134.08,0
CON03382,PED046428,2025-05-03,CLI01555,LOJ0048,2,"116,95",NAO ENTREGUE,"Consta entrega concluída, porém nada foi recebido.",0,343,0,1,0,,SEM RESPOSTA,revisao_manual,aprovada,80.65,0
CON03383,PED046475,2025-05-18,CLI17398,LOJ0422,7,114.30,item_faltante,"O pedido chegou incompleto, faltou parte da compra.",1,2010,1,1,0,,respondida,autoaprovada,aprovada,106.69,0
CON03384,PED049343,2025-05-03,CLI13087,LOJ0231,6,95.79,nao_entregue,O pedido não chegou no endereço informado.,1,59,0,4,0,,respondida,autoaprovada,aprovada,89.53,0
CON03385,PED040052,27/05/2025,CLI12677,LOJ0441,2,52.41,produto_avariado,A embalagem chegou aberta e o produto estava avariado.,0,1058,2,1,1,,respondida,negada_ou_retirada,retirada,0.00,0
CON03386,PED043266,2025-05-14,CLI09464,LOJ0036,2,130.38,produto_avariado,A embalagem chegou aberta e o produto estava avariado.,1,1211,0,1,0,GRP068,sem_resposta,autoaprovada,aprovada,"R$ 115,13",0
CON03387,PED040211,2025-05-26,CLI03478,LOJ0374,6,129.55,qualidade,A qualidade não correspondeu ao que foi anunciado.,1,636,1,3,0,,respondida,autoaprovada,aprovada,116.04,0
CON03388,PED039594,2025-05-20,CLI14509,LOJ0260,6,109.81,item_faltante,Não recebi todos os itens que estavam na nota.,1,2245,1,1,0,,respondida,revisao_manual,aprovada,81.68,0
CON03389,PED042322,2025-05-07,CLI01977,LOJ0370,2,"R$ 80,88",pedido_incorreto,Entregaram outro item no lugar do que comprei.,1,1825,0,1,0,,respondida,negada_ou_retirada,retirada,0.00,0
CON03390,PED048124,2025-05-18,CLI16068,LOJ0021,2,92.72,item_faltante,"O pedido chegou incompleto, faltou parte da compra.",1,1727,1,2,0,,respondida,revisao_manual,negada,0.00,0
CON03391,PED047625,08/05/2025,CLI17284,LOJ0111,6,83.43,item_faltante,"O pedido chegou incompleto, faltou parte da compra.",1,1499,0,4,0,,sem resposta,negada_ou_retirada,negada,0.00,0
CON03392,PED047396,2025-05-18,CLI12311,LOJ0094,4,131.67,item_faltante,Não recebi todos os itens que estavam na nota.,1,847,0,3,0,,respondida,autoaprovada,aprovada,103.48,0
CON03393,PED042238,2025-05-15,CLI02430,LOJ0415,2,86.60,produto_avariado,A embalagem chegou aberta e o produto estava avariado.,1,1421,1,1,0,,respondida,negada_ou_retirada,negada,"0,00",0
CON03394,PED041169,2025-05-11,CLI07906,LOJ0106,7,96.60,item_faltante,Não recebi todos os itens que estavam na nota.,1,203,1,6,0,,sem_resposta,negada_ou_retirada,negada,0.00,0
CON03395,PED048038,2025-05-22,CLI14589,LOJ0270,3,109.14,item_faltante,Não recebi todos os itens que estavam na nota.,1,1321,0,3,0,,respondida,autoaprovada,aprovada,44.54,0
CON03396,PED041415,2025-05-27,CLI05485,LOJ0407,5,"99,95",item_faltante,Não recebi todos os itens que estavam na nota.,1,546,0,2,0,,SEM RESPOSTA,autoaprovada,aprovada,90.82,0
CON03397,PED046860,20/05/2025,CLI01005,LOJ0245,6,86.13,pedido_incorreto,Recebi produtos diferentes do que selecionei.,1,303,1,3,0,,respondida,autoaprovada,aprovada,"R$ 65,39",0
CON03398,PED045842,2025-05-12,CLI00119,LOJ0006,2,180.49,item_faltante,Não recebi todos os itens que estavam na nota.,1,1426,3,1,0,,respondida,autoaprovada,aprovada,153.80,0
CON03399,PED042170,2025-05-29,CLI12265,LOJ0263,2,157.26,nao_entregue,"Consta entrega concluída, porém nada foi recebido.",1,2327,1,1,0,,respondida,autoaprovada,aprovada,129.68,0
CON03400,PED046807,2025-05-09,CLI06687,LOJ0199,7,"R$ 40,54",item_faltante,"O pedido chegou incompleto, faltou parte da compra.",1,1547,0,4,0,,respondida,negada_ou_retirada,retirada,"0,00",0
CON03401,PED048101,2025-05-04,CLI10033,LOJ0252,7,119.39,nao_entregue,"O aplicativo marcou como entregue, mas não recebi o pedido.",1,1839,0,6,1,,sem resposta,autoaprovada,aprovada,89.02,1
CON03402,PED045439,2025-05-10,CLI10110,LOJ0243,7,103.57,item_faltante,"O pedido chegou incompleto, faltou parte da compra.",1,1527,0,5,0,,respondida,autoaprovada,aprovada,68.09,0
CON03403,PED040287,08/05/2025,CLI10344,LOJ0383,5,"171,54",pedido_incorreto,Entregaram outro item no lugar do que comprei.,0,1380,1,5,0,,SEM RESPOSTA,autoaprovada,aprovada,150.55,1
CON03404,PED040815,2025-05-25,CLI16924,LOJ0337,6,174.34,item_faltante,Faltou um item do pedido e a loja não respondeu.,1,1974,2,2,0,,respondida,autoaprovada,aprovada,144.25,0
CON03405,PED040929,2025-05-10,CLI09549,LOJ0063,3,116.56,PEDIDO INCORRETO,Entregaram outro item no lugar do que comprei.,1,1397,0,3,0,,respondida,negada_ou_retirada,negada,0.00,0
CON03406,PED041907,2025-05-10,CLI01390,LOJ0370,7,57.30,pedido_incorreto,O pedido veio errado e preciso corrigir a cobrança.,1,899,3,2,1,,sem_resposta,negada_ou_retirada,retirada,0.00,0
CON03407,PED049434,2025-05-14,CLI07511,LOJ0141,6,73.63,item_faltante,Faltou um item do pedido e a loja não respondeu.,1,1292,0,4,0,,sem resposta,autoaprovada,aprovada,"49,79",0
CON03408,PED040716,2025-05-25,CLI12641,LOJ0427,2,153.06,qualidade,A qualidade não correspondeu ao que foi anunciado.,1,665,1,1,1,,sem_resposta,autoaprovada,aprovada,"R$ 134,21",0
CON03409,PED047902,17/05/2025,CLI06744,LOJ0397,2,77.44,pedido_incorreto,Entregaram outro item no lugar do que comprei.,1,94,0,1,0,,SEM RESPOSTA,autoaprovada,aprovada,55.77,0
CON03410,PED040156,2025-05-23,CLI05405,LOJ0050,3,"141,65",qualidade,A qualidade não correspondeu ao que foi anunciado.,1,2227,1,2,0,,respondida,autoaprovada,aprovada,108.84,0
CON03411,PED045637,2025-05-25,CLI02327,LOJ0335,3,"R$ 193,64",item_faltante,Faltou um item do pedido e a loja não respondeu.,0,647,1,3,0,,respondida,autoaprovada,aprovada,157.17,1
CON03412,PED044351,2025-05-12,CLI01229,LOJ0375,2,65.99,item_faltante,Não recebi todos os itens que estavam na nota.,0,732,2,1,1,,sem resposta,autoaprovada,aprovada,59.42,1
CON03413,PED048344,2025-05-07,CLI00833,LOJ0341,7,85.44,nao_entregue,"Consta entrega concluída, porém nada foi recebido.",1,2113,6,7,0,,respondida,autoaprovada,aprovada,56.86,1
CON03414,PED042180,2025-05-15,CLI16545,LOJ0334,2,111.16,item_faltante,Não recebi todos os itens que estavam na nota.,0,1669,0,1,0,,SEM RESPOSTA,autoaprovada,aprovada,"40,52",0
CON03415,PED048736,23/05/2025,CLI04270,LOJ0227,2,151.48,item_faltante,Não recebi todos os itens que estavam na nota.,1,1444,1,1,0,,respondida,autoaprovada,aprovada,116.10,0
CON03416,PED045482,2025-05-11,CLI07660,LOJ0061,4,122.35,item_faltante,Faltou um item do pedido e a loja não respondeu.,1,1481,2,3,0,,respondida,autoaprovada,aprovada,84.95,0
CON03417,PED045710,2025-05-14,CLI13117,LOJ0115,7,"141,19",produto_avariado,A embalagem chegou aberta e o produto estava avariado.,1,1932,2,2,0,,respondida,autoaprovada,aprovada,137.01,1
CON03418,PED041386,2025-05-26,CLI01654,LOJ0223,3,47.87,pedido_incorreto,Recebi produtos diferentes do que selecionei.,1,413,0,2,0,,respondida,negada_ou_retirada,retirada,0.00,0
CON03419,PED044231,2025-05-10,CLI10417,LOJ0267,2,46.51,nao_entregue,"O aplicativo marcou como entregue, mas não recebi o pedido.",1,1299,0,1,0,,sem_resposta,revisao_manual,negada,"R$ 0,00",0
CON03420,PED045120,2025-05-28,CLI10171,LOJ0306,7,159.17,item_faltante,Faltou um item do pedido e a loja não respondeu.,0,1003,0,5,0,,respondida,revisao_manual,aprovada,84.10,1
CON03421,PED044688,12/05/2025,CLI01212,LOJ0353,6,173.88,qualidade,A comida chegou fria e com qualidade abaixo do esperado.,0,215,6,2,0,,sem resposta,revisao_manual,aprovada,"152,17",0
CON03422,PED045648,2025-05-01,CLI09765,LOJ0278,2,"R$ 78,81",qualidade,A qualidade não correspondeu ao que foi anunciado.,0,214,0,1,0,,sem_resposta,negada_ou_retirada,retirada,0.00,0
CON03423,PED046599,2025-05-14,CLI13290,LOJ0018,2,70.81,item_faltante,Não recebi todos os itens que estavam na nota.,1,1308,0,1,0,,SEM RESPOSTA,revisao_manual,negada,0.00,0
CON03424,PED039732,2025-05-05,CLI09970,LOJ0171,6,"61,76",item_faltante,Faltou um item do pedido e a loja não respondeu.,1,798,2,5,0,,respondida,autoaprovada,aprovada,50.80,0
CON03425,PED039972,2025-05-25,CLI06725,LOJ0102,6,95.99,pedido_incorreto,Recebi produtos diferentes do que selecionei.,0,893,4,6,0,,sem resposta,autoaprovada,aprovada,78.99,1
CON03426,PED040207,2025-05-12,CLI12369,LOJ0043,7,107.79,item_faltante,Faltou um item do pedido e a loja não respondeu.,1,1490,5,5,0,,respondida,autoaprovada,aprovada,71.20,0
CON03427,PED046368,02/05/2025,CLI02279,LOJ0166,7,52.59,item_faltante,"O pedido chegou incompleto, faltou parte da compra.",1,256,0,7,0,,SEM RESPOSTA,autoaprovada,aprovada,44.35,0
CON03428,PED046529,2025-05-23,CLI05097,LOJ0405,7,138.77,PEDIDO INCORRETO,Entregaram outro item no lugar do que comprei.,1,1283,0,1,0,,respondida,autoaprovada,aprovada,"111,27",0
CON03429,PED042504,2025-05-04,CLI13387,LOJ0185,2,70.27,produto_avariado,O item vazou durante a entrega e não dava para consumir.,1,650,2,1,0,,sem_resposta,revisao_manual,negada,0.00,0
CON03430,PED044632,2025-05-18,CLI02742,LOJ0126,6,132.53,produto_avariado,A embalagem chegou aberta e o produto estava avariado.,1,1470,5,1,0,GRP077,respondida,autoaprovada,aprovada,"R$ 105,45",0
CON03431,PED046398,2025-05-07,CLI00821,LOJ0219,7,"82,83",pedido_incorreto,Recebi produtos diferentes do que selecionei.,1,2260,1,3,0,,sem resposta,autoaprovada,aprovada,54.81,0
CON03432,PED040914,2025-05-12,CLI02202,LOJ0408,7,155.98,qualidade,A qualidade não correspondeu ao que foi anunciado.,1,923,2,4,1,,respondida,revisao_manual,aprovada,145.96,0
CON03433,PED042049,07/05/2025,CLI12090,LOJ0367,4,"R$ 52,59",item_faltante,"O pedido chegou incompleto, faltou parte da compra.",1,1741,2,2,0,,respondida,revisao_manual,negada,0.00,0
CON03434,PED043104,2025-05-22,CLI17771,LOJ0206,4,169.17,qualidade,A qualidade não correspondeu ao que foi anunciado.,1,204,0,2,0,,respondida,autoaprovada,aprovada,157.81,0
CON03435,PED047262,2025-05-19,CLI11039,LOJ0070,6,70.63,pedido_incorreto,Entregaram outro item no lugar do que comprei.,0,1776,1,2,0,,respondida,autoaprovada,aprovada,"61,22",1
CON03436,PED042759,2025-05-15,CLI15796,LOJ0338,3,118.40,item_faltante,"O pedido chegou incompleto, faltou parte da compra.",1,2055,0,1,0,,respondida,autoaprovada,aprovada,99.44,0
CON03437,PED041939,2025-05-12,CLI14398,LOJ0449,2,170.10,nao_entregue,O pedido não chegou no endereço informado.,1,1320,2,2,0,,sem_resposta,autoaprovada,aprovada,99.16,1
CON03438,PED040260,2025-05-06,CLI03814,LOJ0357,5,"190,91",pedido_incorreto,Recebi produtos diferentes do que selecionei.,1,955,2,5,0,,respondida,autoaprovada,aprovada,181.05,0
CON03439,PED043484,31/05/2025,CLI15095,LOJ0432,4,120.35,qualidade,O produto estava com aparência ruim quando chegou.,1,1176,2,1,0,,respondida,autoaprovada,aprovada,87.88,0
CON03440,PED048890,2025-05-26,CLI00940,LOJ0149,5,104.59,item_faltante,Não recebi todos os itens que estavam na nota.,1,1701,1,5,0,,respondida,autoaprovada,aprovada,45.11,1
CON03441,PED045726,2025-05-04,CLI14199,LOJ0298,2,164.84,pedido_incorreto,O pedido veio errado e preciso corrigir a cobrança.,1,2363,0,1,0,,respondida,autoaprovada,aprovada,"R$ 134,93",0
CON03442,PED042940,2025-05-23,CLI13326,LOJ0005,6,140.65,item_faltante,Não recebi todos os itens que estavam na nota.,1,1550,1,5,1,,respondida,autoaprovada,aprovada,"109,78",1
CON03443,PED043501,2025-05-21,CLI05468,LOJ0295,4,116.99,item_faltante,"O pedido chegou incompleto, faltou parte da compra.",0,1671,2,1,0,,SEM RESPOSTA,autoaprovada,aprovada,64.50,0
CON03444,PED048903,2025-05-10,CLI01169,LOJ0377,2,"R$ 96,53",produto_avariado,O item vazou durante a entrega e não dava para consumir.,1,716,1,2,0,,respondida,autoaprovada,aprovada,85.42,0
CON03445,PED041326,06/05/2025,CLI04585,LOJ0013,7,"72,97",qualidade,A qualidade não correspondeu ao que foi anunciado.,1,2333,1,1,0,,sem resposta,revisao_manual,aprovada,65.81,1
CON03446,PED041600,2025-05-17,CLI13505,LOJ0016,4,125.70,pedido_incorreto,O pedido veio errado e preciso corrigir a cobrança.,0,1392,0,1,0,,respondida,autoaprovada,aprovada,116.23,1
CON03447,PED041258,2025-05-22,CLI02051,LOJ0265,2,100.97,item_faltante,Faltou um item do pedido e a loja não respondeu.,0,2203,1,1,0,,respondida,autoaprovada,aprovada,51.50,0
CON03448,PED039746,2025-05-30,CLI13983,LOJ0013,5,117.19,item_faltante,"O pedido chegou incompleto, faltou parte da compra.",0,420,1,1,0,,respondida,autoaprovada,aprovada,99.83,0
CON03449,PED046183,2025-05-20,CLI09489,LOJ0141,4,92.28,qualidade,A comida chegou fria e com qualidade abaixo do esperado.,1,1503,2,2,0,,respondida,revisao_manual,aprovada,"63,75",0
CON03450,PED045706,2025-05-08,CLI09001,LOJ0307,6,72.28,pedido_incorreto,O pedido veio errado e preciso corrigir a cobrança.,1,2389,1,2,0,,SEM RESPOSTA,revisao_manual,aprovada,42.83,0
CON03451,PED046577,31/05/2025,CLI06858,LOJ0325,2,90.62,PRODUTO AVARIADO,A embalagem chegou aberta e o produto estava avariado.,0,147,1,2,0,,respondida,autoaprovada,aprovada,78.09,1
CON03452,PED041789,2025-05-21,CLI12759,LOJ0157,4,"92,81",nao_entregue,"Consta entrega concluída, porém nada foi recebido.",1,848,0,3,0,,sem_resposta,revisao_manual,aprovada,"R$ 58,27",0
CON03453,PED039873,2025-05-30,CLI00043,LOJ0319,5,101.57,qualidade,A comida chegou fria e com qualidade abaixo do esperado.,1,1548,1,5,1,,sem resposta,negada_ou_retirada,negada,0.00,0
CON03454,PED047769,2025-05-14,CLI08322,LOJ0446,6,87.07,item_faltante,Faltou um item do pedido e a loja não respondeu.,1,1253,1,4,0,,respondida,autoaprovada,aprovada,44.75,0
CON03455,PED041427,2025-05-31,CLI03159,LOJ0185,2,"R$ 170,25",pedido_incorreto,O pedido veio errado e preciso corrigir a cobrança.,0,1496,1,1,0,,respondida,autoaprovada,aprovada,158.19,0
CON03456,PED046173,2025-05-09,CLI08829,LOJ0039,6,134.52,qualidade,A comida chegou fria e com qualidade abaixo do esperado.,1,1327,0,6,1,,respondida,autoaprovada,aprovada,"112,00",1
CON03457,PED045313,06/05/2025,CLI09154,LOJ0154,3,135.68,produto_avariado,O item vazou durante a entrega e não dava para consumir.,1,609,1,1,0,,respondida,autoaprovada,aprovada,112.18,0
CON03458,PED042857,2025-05-23,CLI17252,LOJ0065,3,139.60,pedido_incorreto,Entregaram outro item no lugar do que comprei.,1,1528,1,1,0,,sem_resposta,autoaprovada,aprovada,114.49,0
CON03459,PED043566,2025-05-20,CLI16532,LOJ0037,7,"87,96",produto_avariado,O produto chegou danificado dentro da sacola.,1,697,0,2,0,,SEM RESPOSTA,autoaprovada,aprovada,76.28,0
CON03460,PED045385,2025-05-19,CLI11659,LOJ0367,5,110.14,item_faltante,Faltou um item do pedido e a loja não respondeu.,1,1784,0,5,0,,respondida,autoaprovada,aprovada,87.74,0
CON03461,PED047333,2025-05-30,CLI17315,LOJ0253,5,148.33,qualidade,A qualidade não correspondeu ao que foi anunciado.,0,1036,0,1,0,,respondida,autoaprovada,aprovada,117.80,1
CON03462,PED045893,2025-05-11,CLI02236,LOJ0027,2,54.29,item_faltante,Faltou um item do pedido e a loja não respondeu.,0,1226,6,1,0,,sem resposta,revisao_manual,negada,0.00,0
CON03463,PED041249,26/05/2025,CLI04669,LOJ0274,7,162.53,item_faltante,"O pedido chegou incompleto, faltou parte da compra.",0,1962,1,3,0,,respondida,negada_ou_retirada,negada,"R$ 0,00",0
CON03464,PED047675,2025-05-19,CLI02473,LOJ0150,3,272.23,produto_avariado,O item vazou durante a entrega e não dava para consumir.,1,1065,0,2,0,,SEM RESPOSTA,autoaprovada,aprovada,243.61,1
CON03465,PED045420,2025-05-12,CLI03919,LOJ0017,2,95.69,item_faltante,Faltou um item do pedido e a loja não respondeu.,1,601,0,1,0,,sem_resposta,autoaprovada,aprovada,57.71,0
CON03466,PED043992,2025-05-02,CLI04512,LOJ0152,2,"R$ 64,00",pedido_incorreto,O pedido veio errado e preciso corrigir a cobrança.,1,494,0,1,0,GRP011,respondida,negada_ou_retirada,negada,0.00,0
CON03467,PED044232,2025-05-12,CLI09459,LOJ0249,3,142.63,pedido_incorreto,Recebi produtos diferentes do que selecionei.,0,1546,1,2,0,,sem resposta,autoaprovada,aprovada,112.33,0
CON03468,PED041695,2025-05-07,CLI12365,LOJ0354,2,182.26,item_faltante,Faltou um item do pedido e a loja não respondeu.,1,251,0,1,0,,respondida,revisao_manual,aprovada,146.46,0
CON03469,PED042462,14/05/2025,CLI06652,LOJ0387,7,109.63,pedido_incorreto,Entregaram outro item no lugar do que comprei.,0,1365,3,3,0,,respondida,autoaprovada,aprovada,76.99,1
CON03470,PED043763,2025-05-20,CLI13162,LOJ0302,2,80.32,pedido_incorreto,O pedido veio errado e preciso corrigir a cobrança.,1,624,0,1,0,,respondida,autoaprovada,aprovada,"72,52",0
CON03471,PED044970,2025-05-19,CLI03528,LOJ0338,3,157.05,pedido_incorreto,Entregaram outro item no lugar do que comprei.,1,1380,0,2,0,,respondida,autoaprovada,aprovada,130.29,0
CON03472,PED042796,2025-05-25,CLI15514,LOJ0127,7,68.04,item_faltante,Não recebi todos os itens que estavam na nota.,1,1011,1,1,0,,respondida,negada_ou_retirada,negada,0.00,0
CON03473,PED043070,2025-05-28,CLI11861,LOJ0406,7,"146,52",produto_avariado,O produto chegou danificado dentro da sacola.,1,1720,0,5,0,,sem_resposta,autoaprovada,aprovada,115.67,0
CON03474,PED043682,2025-05-24,CLI13801,LOJ0346,4,117.11,ITEM FALTANTE,Faltou um item do pedido e a loja não respondeu.,0,2258,2,4,0,,SEM RESPOSTA,autoaprovada,aprovada,"R$ 99,26",1
CON03475,PED042512,23/05/2025,CLI11539,LOJ0223,2,67.57,qualidade,A qualidade não correspondeu ao que foi anunciado.,1,1996,1,1,1,,respondida,revisao_manual,negada,0.00,0
CON03476,PED047623,2025-05-03,CLI12694,LOJ0277,3,110.42,produto_avariado,O item vazou durante a entrega e não dava para consumir.,1,1743,1,2,1,,respondida,revisao_manual,aprovada,104.39,0
CON03477,PED041044,2025-05-30,CLI06500,LOJ0376,4,"R$ 118,35",pedido_incorreto,Entregaram outro item no lugar do que comprei.,0,1122,0,2,0,,respondida,revisao_manual,negada,"0,00",0
CON03478,PED041634,2025-05-17,CLI01230,LOJ0169,5,53.70,nao_entregue,"Consta entrega concluída, porém nada foi recebido.",1,1045,1,4,0,,sem resposta,negada_ou_retirada,negada,0.00,0
CON03479,PED048351,2025-05-12,CLI09508,LOJ0417,6,76.21,item_faltante,"O pedido chegou incompleto, faltou parte da compra.",0,604,1,5,0,,respondida,autoaprovada,aprovada,65.39,0
CON03480,PED045816,2025-05-21,CLI16170,LOJ0315,6,"119,86",pedido_incorreto,Entregaram outro item no lugar do que comprei.,1,219,0,1,0,,SEM RESPOSTA,autoaprovada,aprovada,57.38,0
CON03481,PED047065,13/05/2025,CLI11183,LOJ0259,6,105.77,item_faltante,"O pedido chegou incompleto, faltou parte da compra.",0,1075,1,4,0,,respondida,autoaprovada,aprovada,83.30,0
CON03482,PED046179,2025-05-16,CLI15810,LOJ0323,4,150.80,item_faltante,Não recebi todos os itens que estavam na nota.,1,1991,0,1,0,,respondida,autoaprovada,aprovada,146.63,0
CON03483,PED042239,2025-05-25,CLI09089,LOJ0179,4,62.60,pedido_incorreto,O pedido veio errado e preciso corrigir a cobrança.,1,1096,0,2,0,GRP053,respondida,autoaprovada,aprovada,39.09,1
CON03484,PED046133,2025-05-28,CLI11778,LOJ0434,5,95.63,pedido_incorreto,Entregaram outro item no lugar do que comprei.,1,1067,0,2,0,,respondida,autoaprovada,aprovada,"59,58",0
CON03485,PED041192,2025-05-01,CLI16099,LOJ0414,3,78.84,nao_entregue,O pedido não chegou no endereço informado.,0,169,0,1,0,,sem_resposta,negada_ou_retirada,negada,"R$ 0,00",0
CON03486,PED040763,2025-05-30,CLI05614,LOJ0052,2,161.80,pedido_incorreto,Recebi produtos diferentes do que selecionei.,0,654,0,1,0,,respondida,autoaprovada,aprovada,150.01,0
CON03487,PED044296,29/05/2025,CLI15225,LOJ0358,3,"66,17",nao_entregue,"Consta entrega concluída, porém nada foi recebido.",1,2219,1,2,0,GRP101,sem resposta,negada_ou_retirada,negada,0.00,0
CON03488,PED042788,2025-05-09,CLI12192,LOJ0176,4,"R$ 103,10",qualidade,A comida chegou fria e com qualidade abaixo do esperado.,0,718,1,4,0,,respondida,autoaprovada,aprovada,74.18,0
CON03489,PED048429,2025-05-28,CLI09083,LOJ0433,2,95.75,nao_entregue,"Consta entrega concluída, porém nada foi recebido.",1,2160,0,1,0,,respondida,revisao_manual,aprovada,70.79,0
CON03490,PED046302,2025-05-28,CLI08537,LOJ0317,4,144.60,nao_entregue,"O aplicativo marcou como entregue, mas não recebi o pedido.",1,1420,0,3,0,,respondida,autoaprovada,aprovada,139.44,0
CON03491,PED040934,2025-05-25,CLI00888,LOJ0161,5,108.58,nao_entregue,"Consta entrega concluída, porém nada foi recebido.",0,538,0,4,0,,respondida,autoaprovada,aprovada,"99,19",0
CON03492,PED046400,2025-05-25,CLI02135,LOJ0236,6,118.63,produto_avariado,O item vazou durante a entrega e não dava para consumir.,1,457,0,4,0,,sem_resposta,autoaprovada,aprovada,42.15,0
CON03493,PED046426,10/05/2025,CLI01210,LOJ0386,6,105.41,nao_entregue,"Consta entrega concluída, porém nada foi recebido.",1,766,0,5,0,,SEM RESPOSTA,autoaprovada,aprovada,87.81,0
CON03494,PED047543,2025-05-01,CLI00410,LOJ0191,2,"153,02",pedido_incorreto,Entregaram outro item no lugar do que comprei.,1,210,0,1,0,,sem resposta,autoaprovada,aprovada,135.25,1
CON03495,PED044474,2025-05-05,CLI04802,LOJ0202,4,113.58,item_faltante,Não recebi todos os itens que estavam na nota.,0,313,1,2,0,,SEM RESPOSTA,revisao_manual,aprovada,74.53,1
CON03496,PED048257,2025-05-01,CLI10180,LOJ0035,4,53.43,qualidade,A comida chegou fria e com qualidade abaixo do esperado.,1,2307,1,2,0,,respondida,autoaprovada,aprovada,"R$ 37,83",0
CON03497,PED047830,2025-05-14,CLI02508,LOJ0065,3,100.02,ITEM FALTANTE,"O pedido chegou incompleto, faltou parte da compra.",1,386,0,3,0,,respondida,revisao_manual,negada,0.00,0
CON03498,PED040200,2025-05-20,CLI06527,LOJ0186,6,211.10,qualidade,A qualidade não correspondeu ao que foi anunciado.,1,1536,6,6,0,,respondida,autoaprovada,aprovada,"174,22",0
CON03499,PED040708,02/05/2025,CLI06239,LOJ0021,5,"R$ 182,16",item_faltante,"O pedido chegou incompleto, faltou parte da compra.",1,341,1,2,0,,sem_resposta,autoaprovada,aprovada,154.97,1
CON03500,PED039770,2025-05-04,CLI09551,LOJ0402,3,68.83,item_faltante,"O pedido chegou incompleto, faltou parte da compra.",0,1758,0,2,0,,sem resposta,negada_ou_retirada,negada,0.00,0
CON03501,PED042233,2025-05-04,CLI06533,LOJ0049,3,"116,68",pedido_incorreto,O pedido veio errado e preciso corrigir a cobrança.,1,2242,0,2,0,,respondida,autoaprovada,aprovada,109.44,0
CON03502,PED049679,2025-05-16,CLI12178,LOJ0337,3,53.50,item_faltante,"O pedido chegou incompleto, faltou parte da compra.",0,2248,0,1,0,,sem_resposta,negada_ou_retirada,retirada,0.00,0
CON03503,PED043561,2025-05-07,CLI00886,LOJ0252,3,182.36,item_faltante,"O pedido chegou incompleto, faltou parte da compra.",0,688,1,1,0,,respondida,revisao_manual,aprovada,172.04,0
CON03504,PED039790,2025-05-10,CLI06350,LOJ0164,7,131.28,item_faltante,"O pedido chegou incompleto, faltou parte da compra.",0,1326,2,3,0,,respondida,autoaprovada,aprovada,57.51,0
CON03505,PED046247,13/05/2025,CLI11860,LOJ0247,2,172.19,qualidade,O produto estava com aparência ruim quando chegou.,1,461,0,1,0,,respondida,autoaprovada,aprovada,"146,30",0
CON03506,PED047424,2025-05-16,CLI16781,LOJ0160,6,114.45,pedido_incorreto,O pedido veio errado e preciso corrigir a cobrança.,1,1219,1,1,1,,respondida,autoaprovada,aprovada,108.40,0
CON03507,PED046504,2025-05-26,CLI08548,LOJ0153,2,107.37,item_faltante,Não recebi todos os itens que estavam na nota.,1,1519,0,1,0,,SEM RESPOSTA,autoaprovada,aprovada,"R$ 85,68",0
CON03508,PED041338,2025-05-05,CLI14368,LOJ0113,4,"145,45",pedido_incorreto,O pedido veio errado e preciso corrigir a cobrança.,0,284,1,3,0,,sem resposta,autoaprovada,aprovada,45.24,0
CON03509,PED043250,2025-05-30,CLI02063,LOJ0061,6,214.88,item_faltante,Faltou um item do pedido e a loja não respondeu.,1,1865,1,4,0,,respondida,autoaprovada,aprovada,196.52,0
CON03510,PED048920,2025-05-29,CLI06853,LOJ0002,7,"R$ 118,94",item_faltante,"O pedido chegou incompleto, faltou parte da compra.",1,959,1,3,0,,respondida,autoaprovada,aprovada,100.69,0
CON03511,PED040040,14/05/2025,CLI03223,LOJ0315,7,114.42,produto_avariado,O item vazou durante a entrega e não dava para consumir.,0,2304,1,5,0,,respondida,autoaprovada,aprovada,80.70,0
CON03512,PED044874,2025-05-24,CLI13708,LOJ0075,3,122.43,nao_entregue,O pedido não chegou no endereço informado.,1,463,0,2,0,,SEM RESPOSTA,autoaprovada,aprovada,"104,12",0
CON03513,PED039954,2025-05-26,CLI11862,LOJ0166,4,102.07,qualidade,O produto estava com aparência ruim quando chegou.,1,55,0,3,1,,respondida,autoaprovada,aprovada,76.03,0
CON03514,PED042130,2025-05-25,CLI03851,LOJ0439,7,112.63,item_faltante,Não recebi todos os itens que estavam na nota.,1,1547,1,5,0,,respondida,negada_ou_retirada,negada,0.00,0
CON03515,PED040839,2025-05-01,CLI00596,LOJ0445,2,"102,64",item_faltante,Faltou um item do pedido e a loja não respondeu.,0,1989,0,1,0,,sem_resposta,revisao_manual,aprovada,63.42,1
CON03516,PED042747,2025-05-31,CLI07313,LOJ0423,7,145.83,nao_entregue,"O aplicativo marcou como entregue, mas não recebi o pedido.",1,1267,0,7,0,GRP079,respondida,autoaprovada,aprovada,108.66,0
CON03517,PED044070,19/05/2025,CLI00547,LOJ0355,3,48.01,pedido_incorreto,Recebi produtos diferentes do que selecionei.,1,2258,0,2,0,,respondida,revisao_manual,negada,0.00,0
CON03518,PED045474,2025-05-12,CLI06206,LOJ0289,2,138.85,nao_entregue,O pedido não chegou no endereço informado.,0,626,0,1,0,,respondida,autoaprovada,aprovada,"R$ 117,98",0
CON03519,PED046979,2025-05-05,CLI08111,LOJ0232,6,115.81,produto_avariado,A embalagem chegou aberta e o produto estava avariado.,1,1177,0,5,0,,respondida,autoaprovada,aprovada,"58,49",0
CON03520,PED049702,2025-05-18,CLI16170,LOJ0040,6,94.42,PEDIDO INCORRETO,O pedido veio errado e preciso corrigir a cobrança.,1,1368,2,3,0,,sem resposta,autoaprovada,aprovada,69.63,0
CON03521,PED048929,2025-05-02,CLI11689,LOJ0098,5,"R$ 46,25",nao_entregue,O pedido não chegou no endereço informado.,1,533,0,3,1,,respondida,revisao_manual,negada,0.00,0
CON03522,PED042815,2025-05-31,CLI10457,LOJ0020,4,"116,55",item_faltante,"O pedido chegou incompleto, faltou parte da compra.",1,2265,2,1,0,,sem_resposta,autoaprovada,aprovada,86.29,0
CON03523,PED049775,19/05/2025,CLI16001,LOJ0360,3,82.51,pedido_incorreto,O pedido veio errado e preciso corrigir a cobrança.,1,1507,2,1,0,,SEM RESPOSTA,autoaprovada,aprovada,47.85,0
CON03524,PED043409,2025-05-31,CLI14180,LOJ0228,3,268.80,pedido_incorreto,Entregaram outro item no lugar do que comprei.,1,459,2,3,0,,respondida,autoaprovada,aprovada,256.88,0
CON03525,PED047692,2025-05-27,CLI02276,LOJ0390,4,68.15,item_faltante,Faltou um item do pedido e a loja não respondeu.,1,730,0,4,1,,respondida,revisao_manual,negada,0.00,0
CON03526,PED044672,2025-05-21,CLI14279,LOJ0247,4,82.97,pedido_incorreto,O pedido veio errado e preciso corrigir a cobrança.,1,1336,5,3,0,,respondida,negada_ou_retirada,retirada,"0,00",0
CON03527,PED040506,2025-05-06,CLI15277,LOJ0284,2,176.10,produto_avariado,O item vazou durante a entrega e não dava para consumir.,0,517,2,1,0,,sem resposta,autoaprovada,aprovada,100.56,1
CON03528,PED042808,2025-05-13,CLI17528,LOJ0307,4,80.87,qualidade,A comida chegou fria e com qualidade abaixo do esperado.,0,2302,1,4,0,,SEM RESPOSTA,autoaprovada,aprovada,60.04,1
CON03529,PED045962,01/05/2025,CLI04685,LOJ0422,3,"118,75",qualidade,A comida chegou fria e com qualidade abaixo do esperado.,0,1750,0,1,0,,sem_resposta,autoaprovada,aprovada,"R$ 101,99",0
CON03530,PED044613,2025-05-01,CLI10859,LOJ0085,2,140.97,nao_entregue,"Consta entrega concluída, porém nada foi recebido.",1,411,2,1,0,,respondida,autoaprovada,aprovada,129.88,0
CON03531,PED048902,2025-05-08,CLI12049,LOJ0228,4,92.69,pedido_incorreto,Entregaram outro item no lugar do que comprei.,1,308,0,1,0,,respondida,negada_ou_retirada,negada,0.00,0
CON03532,PED045197,2025-05-24,CLI02896,LOJ0413,7,"R$ 109,54",pedido_incorreto,Entregaram outro item no lugar do que comprei.,1,849,0,5,0,,respondida,revisao_manual,aprovada,58.10,0
CON03533,PED043829,2025-05-21,CLI01693,LOJ0350,7,113.42,pedido_incorreto,Entregaram outro item no lugar do que comprei.,1,2103,2,2,0,,sem resposta,autoaprovada,aprovada,"89,16",0
CON03534,PED047199,2025-05-21,CLI15982,LOJ0397,7,120.06,item_faltante,Não recebi todos os itens que estavam na nota.,1,448,2,3,0,,respondida,autoaprovada,aprovada,84.97,0
CON03535,PED046059,12/05/2025,CLI08799,LOJ0440,2,247.19,produto_avariado,O produto chegou danificado dentro da sacola.,1,1090,2,1,1,,respondida,autoaprovada,aprovada,210.11,1
CON03536,PED049049,2025-05-01,CLI17036,LOJ0173,6,"159,84",item_faltante,Faltou um item do pedido e a loja não respondeu.,1,1336,0,6,0,,respondida,revisao_manual,aprovada,126.19,0
CON03537,PED043866,2025-05-08,CLI15211,LOJ0091,5,121.49,pedido_incorreto,O pedido veio errado e preciso corrigir a cobrança.,0,2091,1,5,1,,respondida,revisao_manual,aprovada,79.19,0
CON03538,PED041171,2025-05-29,CLI00548,LOJ0189,6,170.69,pedido_incorreto,Recebi produtos diferentes do que selecionei.,0,31,2,6,0,,respondida,negada_ou_retirada,negada,0.00,0
CON03539,PED048130,2025-05-22,CLI14791,LOJ0338,4,92.34,produto_avariado,O produto chegou danificado dentro da sacola.,1,829,1,2,0,,sem_resposta,autoaprovada,aprovada,72.47,0
CON03540,PED040600,2025-05-06,CLI01710,LOJ0425,6,241.18,item_faltante,Não recebi todos os itens que estavam na nota.,1,2230,1,2,0,,SEM RESPOSTA,autoaprovada,aprovada,"R$ 211,39",0
CON03541,PED039825,07/05/2025,CLI09858,LOJ0188,7,58.51,qualidade,A qualidade não correspondeu ao que foi anunciado.,0,391,2,7,0,,respondida,negada_ou_retirada,negada,0.00,0
CON03542,PED044869,2025-05-13,CLI14804,LOJ0298,3,55.38,pedido_incorreto,O pedido veio errado e preciso corrigir a cobrança.,0,376,1,2,0,,sem resposta,revisao_manual,negada,0.00,0
CON03543,PED043965,2025-05-17,CLI08285,LOJ0369,2,"R$ 136,04",ITEM FALTANTE,"O pedido chegou incompleto, faltou parte da compra.",1,2176,3,1,0,,respondida,autoaprovada,aprovada,103.94,1
CON03544,PED049673,2025-05-08,CLI16857,LOJ0330,5,71.80,item_faltante,Faltou um item do pedido e a loja não respondeu.,0,726,0,4,0,,respondida,autoaprovada,aprovada,64.31,0
CON03545,PED040585,2025-05-23,CLI07550,LOJ0435,5,91.77,item_faltante,Faltou um item do pedido e a loja não respondeu.,1,803,2,2,0,,SEM RESPOSTA,autoaprovada,aprovada,76.76,0
CON03546,PED044845,2025-05-01,CLI05938,LOJ0254,4,111.27,qualidade,A comida chegou fria e com qualidade abaixo do esperado.,1,1116,1,1,0,,sem_resposta,autoaprovada,aprovada,55.17,0
CON03547,PED045445,13/05/2025,CLI15436,LOJ0266,2,129.73,item_faltante,"O pedido chegou incompleto, faltou parte da compra.",1,1925,4,2,0,,respondida,autoaprovada,aprovada,"109,33",1
CON03548,PED046316,2025-05-25,CLI15611,LOJ0098,7,121.06,item_faltante,Faltou um item do pedido e a loja não respondeu.,1,57,2,1,0,,respondida,autoaprovada,aprovada,93.63,0
CON03549,PED047349,2025-05-08,CLI03731,LOJ0142,5,79.41,item_faltante,"O pedido chegou incompleto, faltou parte da compra.",1,946,1,2,0,,sem resposta,negada_ou_retirada,negada,0.00,0
CON03550,PED046570,2025-05-10,CLI03154,LOJ0034,2,"89,39",item_faltante,Não recebi todos os itens que estavam na nota.,1,1322,6,1,0,,respondida,negada_ou_retirada,retirada,0.00,0
CON03551,PED043756,2025-05-07,CLI03990,LOJ0331,6,73.75,item_faltante,Não recebi todos os itens que estavam na nota.,1,1292,1,6,0,,sem_resposta,revisao_manual,aprovada,"R$ 54,03",1
CON03552,PED046533,2025-05-18,CLI07337,LOJ0301,7,134.86,nao_entregue,"Consta entrega concluída, porém nada foi recebido.",1,1941,0,2,0,,respondida,autoaprovada,aprovada,108.65,1
CON03553,PED040743,17/05/2025,CLI08047,LOJ0183,2,110.20,pedido_incorreto,Entregaram outro item no lugar do que comprei.,1,2294,2,1,1,,SEM RESPOSTA,autoaprovada,aprovada,95.19,1
CON03554,PED045463,2025-05-25,CLI01724,LOJ0156,3,"R$ 30,74",item_faltante,Não recebi todos os itens que estavam na nota.,0,2185,6,1,0,,respondida,negada_ou_retirada,negada,"0,00",0
CON03555,PED047628,2025-05-21,CLI14046,LOJ0238,5,81.15,nao_entregue,"O aplicativo marcou como entregue, mas não recebi o pedido.",1,364,0,4,1,,sem resposta,autoaprovada,aprovada,76.73,0
CON03556,PED046946,2025-05-24,CLI07099,LOJ0243,6,85.91,produto_avariado,O produto chegou danificado dentro da sacola.,1,1168,1,1,0,,SEM RESPOSTA,revisao_manual,aprovada,71.30,1
CON03557,PED043502,2025-05-20,CLI15418,LOJ0190,7,"114,53",item_faltante,Não recebi todos os itens que estavam na nota.,0,1599,0,5,0,,respondida,autoaprovada,aprovada,95.70,0
CON03558,PED039586,2025-05-09,CLI03591,LOJ0394,4,92.78,nao_entregue,O pedido não chegou no endereço informado.,0,647,2,3,0,,sem_resposta,autoaprovada,aprovada,59.53,0
CON03559,PED045163,18/05/2025,CLI01388,LOJ0007,2,117.75,pedido_incorreto,O pedido veio errado e preciso corrigir a cobrança.,1,1863,2,2,0,,sem resposta,autoaprovada,aprovada,107.20,0
CON03560,PED044860,2025-05-13,CLI14954,LOJ0111,2,92.12,item_faltante,Não recebi todos os itens que estavam na nota.,1,163,1,2,0,GRP022,respondida,autoaprovada,aprovada,60.53,1
CON03561,PED045058,2025-05-28,CLI08810,LOJ0034,2,73.75,produto_avariado,A embalagem chegou aberta e o produto estava avariado.,1,1016,0,1,1,,sem_resposta,revisao_manual,negada,"0,00",0
CON03562,PED041896,2025-05-24,CLI01374,LOJ0112,4,96.88,qualidade,O produto estava com aparência ruim quando chegou.,1,1006,0,3,0,GRP117,respondida,autoaprovada,aprovada,"R$ 64,36",0
CON03563,PED046021,2025-05-12,CLI09787,LOJ0327,5,83.15,qualidade,A qualidade não correspondeu ao que foi anunciado.,1,325,1,4,0,,SEM RESPOSTA,autoaprovada,aprovada,76.28,1
CON03564,PED048050,2025-05-17,CLI08421,LOJ0189,2,"125,19",item_faltante,"O pedido chegou incompleto, faltou parte da compra.",0,423,0,1,0,,sem resposta,revisao_manual,aprovada,98.55,1
CON03565,PED049619,08/05/2025,CLI07880,LOJ0355,3,"R$ 90,81",item_faltante,Faltou um item do pedido e a loja não respondeu.,0,288,1,1,0,,respondida,autoaprovada,aprovada,64.58,0
CON03566,PED049368,2025-05-31,CLI02404,LOJ0032,2,32.70,PEDIDO INCORRETO,Recebi produtos diferentes do que selecionei.,0,1779,1,1,0,,SEM RESPOSTA,negada_ou_retirada,retirada,0.00,0
CON03567,PED041837,2025-05-12,CLI09897,LOJ0107,5,138.54,pedido_incorreto,Entregaram outro item no lugar do que comprei.,1,1230,3,5,0,,respondida,autoaprovada,aprovada,125.59,0
CON03568,PED043562,2025-05-20,CLI13802,LOJ0434,5,225.92,item_faltante,"O pedido chegou incompleto, faltou parte da compra.",1,18,0,1,0,,sem_resposta,autoaprovada,aprovada,"212,16",0
CON03569,PED048386,2025-05-29,CLI16116,LOJ0035,6,160.72,item_faltante,"O pedido chegou incompleto, faltou parte da compra.",1,516,0,5,0,,respondida,revisao_manual,aprovada,150.36,0
CON03570,PED041030,2025-05-12,CLI02797,LOJ0348,2,85.33,item_faltante,Faltou um item do pedido e a loja não respondeu.,1,1507,0,1,0,,respondida,revisao_manual,aprovada,69.28,0
CON03571,PED041642,16/05/2025,CLI04660,LOJ0333,2,"141,98",pedido_incorreto,O pedido veio errado e preciso corrigir a cobrança.,1,256,0,1,0,,respondida,autoaprovada,aprovada,34.31,0
CON03572,PED041019,2025-05-29,CLI07269,LOJ0215,4,122.74,item_faltante,Não recebi todos os itens que estavam na nota.,0,439,0,3,0,,respondida,revisao_manual,aprovada,96.93,0
CON03573,PED046589,2025-05-03,CLI01917,LOJ0151,6,187.48,pedido_incorreto,O pedido veio errado e preciso corrigir a cobrança.,1,1921,1,5,0,,respondida,revisao_manual,aprovada,"R$ 163,14",0
CON03574,PED047285,2025-05-25,CLI03872,LOJ0416,2,77.75,item_faltante,Faltou um item do pedido e a loja não respondeu.,1,2337,0,1,0,,sem resposta,negada_ou_retirada,negada,0.00,0
CON03575,PED041547,2025-05-01,CLI06942,LOJ0101,6,123.48,item_faltante,Faltou um item do pedido e a loja não respondeu.,1,2372,1,1,0,,respondida,autoaprovada,aprovada,"103,43",0
CON03576,PED041505,2025-05-25,CLI06965,LOJ0135,4,"R$ 145,75",pedido_incorreto,Recebi produtos diferentes do que selecionei.,1,972,0,1,0,,sem_resposta,autoaprovada,aprovada,109.05,0
CON03577,PED045178,09/05/2025,CLI04642,LOJ0382,3,81.75,item_faltante,"O pedido chegou incompleto, faltou parte da compra.",1,477,1,1,0,,respondida,autoaprovada,aprovada,75.90,0
CON03578,PED048705,2025-05-16,CLI17293,LOJ0364,2,"107,88",item_faltante,"O pedido chegou incompleto, faltou parte da compra.",1,1537,0,1,0,,SEM RESPOSTA,revisao_manual,aprovada,103.86,0
CON03579,PED046238,2025-05-06,CLI00478,LOJ0433,5,296.24,pedido_incorreto,Recebi produtos diferentes do que selecionei.,0,416,0,3,0,,sem resposta,autoaprovada,aprovada,258.91,0
CON03580,PED040442,2025-05-22,CLI15468,LOJ0422,2,85.89,pedido_incorreto,Entregaram outro item no lugar do que comprei.,1,929,2,1,0,GRP088,SEM RESPOSTA,autoaprovada,aprovada,55.56,1
CON03581,PED049038,2025-05-28,CLI13477,LOJ0336,5,237.69,pedido_incorreto,Recebi produtos diferentes do que selecionei.,0,1862,0,5,1,,sem_resposta,revisao_manual,aprovada,214.53,1
CON03582,PED047890,2025-05-20,CLI08071,LOJ0290,5,81.54,item_faltante,"O pedido chegou incompleto, faltou parte da compra.",1,181,0,1,1,,sem resposta,autoaprovada,aprovada,"51,20",0
CON03583,PED046564,12/05/2025,CLI01300,LOJ0289,3,108.78,item_faltante,Faltou um item do pedido e a loja não respondeu.,0,768,2,2,0,,sem_resposta,autoaprovada,aprovada,91.15,0
CON03584,PED047183,2025-05-27,CLI05252,LOJ0053,4,137.63,item_faltante,Não recebi todos os itens que estavam na nota.,0,875,0,3,0,,SEM RESPOSTA,revisao_manual,aprovada,"R$ 110,65",0
CON03585,PED044158,2025-05-29,CLI06476,LOJ0237,2,"79,00",pedido_incorreto,O pedido veio errado e preciso corrigir a cobrança.,0,792,0,1,0,,respondida,autoaprovada,aprovada,69.62,0
CON03586,PED047507,2025-05-24,CLI12873,LOJ0018,4,83.72,pedido_incorreto,O pedido veio errado e preciso corrigir a cobrança.,1,735,0,3,0,,respondida,autoaprovada,aprovada,56.07,0
CON03587,PED044166,2025-05-07,CLI14404,LOJ0083,2,"R$ 106,15",item_faltante,"O pedido chegou incompleto, faltou parte da compra.",1,1514,1,1,0,,sem resposta,autoaprovada,aprovada,72.94,0
CON03588,PED046988,2025-05-15,CLI10707,LOJ0333,7,98.55,item_faltante,"O pedido chegou incompleto, faltou parte da compra.",1,2342,0,7,0,,SEM RESPOSTA,revisao_manual,negada,0.00,0
CON03589,PED048948,16/05/2025,CLI14536,LOJ0408,6,137.05,PEDIDO INCORRETO,Entregaram outro item no lugar do que comprei.,1,605,0,6,0,,sem_resposta,revisao_manual,aprovada,"88,73",0
CON03590,PED043642,2025-05-08,CLI13963,LOJ0373,7,91.31,item_faltante,"O pedido chegou incompleto, faltou parte da compra.",1,2291,0,7,0,,respondida,negada_ou_retirada,negada,0.00,0
CON03591,PED046028,2025-05-27,CLI01324,LOJ0176,4,186.53,item_faltante,Não recebi todos os itens que estavam na nota.,1,357,1,4,0,,respondida,autoaprovada,aprovada,157.69,0
CON03592,PED045890,2025-05-02,CLI02441,LOJ0089,6,"82,39",pedido_incorreto,O pedido veio errado e preciso corrigir a cobrança.,1,1570,1,5,0,,respondida,autoaprovada,aprovada,60.46,0
CON03593,PED043894,2025-05-14,CLI05520,LOJ0376,3,123.77,produto_avariado,O produto chegou danificado dentro da sacola.,1,1154,0,1,0,,sem resposta,autoaprovada,aprovada,71.04,0
CON03594,PED045484,2025-05-22,CLI06779,LOJ0019,5,175.86,pedido_incorreto,O pedido veio errado e preciso corrigir a cobrança.,1,2100,0,1,0,GRP084,respondida,autoaprovada,aprovada,140.34,0
CON03595,PED047730,25/05/2025,CLI16970,LOJ0112,4,140.09,nao_entregue,"Consta entrega concluída, porém nada foi recebido.",1,1957,1,1,0,GRP121,sem_resposta,autoaprovada,aprovada,"R$ 118,82",0
CON03596,PED047292,2025-05-08,CLI17076,LOJ0233,6,132.81,produto_avariado,O produto chegou danificado dentro da sacola.,0,2018,1,2,0,,respondida,autoaprovada,aprovada,"105,03",0
CON03597,PED039666,2025-05-16,CLI12177,LOJ0014,7,120.85,nao_entregue,"O aplicativo marcou como entregue, mas não recebi o pedido.",0,308,1,4,0,GRP026,SEM RESPOSTA,autoaprovada,aprovada,107.36,0
CON03598,PED047280,2025-05-08,CLI16543,LOJ0031,6,"R$ 285,00",produto_avariado,O item vazou durante a entrega e não dava para consumir.,1,1731,1,5,0,,respondida,autoaprovada,aprovada,274.22,0
CON03599,PED042679,2025-05-05,CLI05942,LOJ0410,6,"111,12",pedido_incorreto,Entregaram outro item no lugar do que comprei.,1,819,1,3,0,,respondida,autoaprovada,aprovada,52.85,0
CON03600,PED044572,2025-05-21,CLI04381,LOJ0269,2,129.73,qualidade,A qualidade não correspondeu ao que foi anunciado.,0,1730,0,1,0,,respondida,negada_ou_retirada,negada,0.00,0
CON03601,PED047947,13/05/2025,CLI10110,LOJ0197,7,94.26,qualidade,O produto estava com aparência ruim quando chegou.,0,1156,1,2,0,,respondida,autoaprovada,aprovada,58.32,0
CON03602,PED044459,2025-05-13,CLI03955,LOJ0197,2,40.71,produto_avariado,A embalagem chegou aberta e o produto estava avariado.,1,2373,0,1,1,,sem resposta,negada_ou_retirada,negada,0.00,0
CON03603,PED045422,2025-05-29,CLI10417,LOJ0049,6,98.56,pedido_incorreto,O pedido veio errado e preciso corrigir a cobrança.,1,1730,2,4,0,,SEM RESPOSTA,autoaprovada,aprovada,"71,61",0
CON03604,PED042401,2025-05-09,CLI14045,LOJ0287,2,91.15,item_faltante,"O pedido chegou incompleto, faltou parte da compra.",1,94,6,1,0,,respondida,autoaprovada,aprovada,72.40,1
CON03605,PED045275,2025-05-03,CLI10170,LOJ0133,4,39.00,qualidade,O produto estava com aparência ruim quando chegou.,0,2125,1,3,0,,respondida,revisao_manual,negada,0.00,0
CON03606,PED046065,2025-05-26,CLI06737,LOJ0361,7,"98,28",nao_entregue,O pedido não chegou no endereço informado.,0,665,1,3,0,,sem_resposta,autoaprovada,aprovada,"R$ 79,22",0
CON03607,PED041025,03/05/2025,CLI02541,LOJ0252,6,66.42,pedido_incorreto,Entregaram outro item no lugar do que comprei.,0,62,2,2,0,,sem resposta,revisao_manual,negada,0.00,0
CON03608,PED048054,2025-05-28,CLI03766,LOJ0168,4,131.33,item_faltante,Não recebi todos os itens que estavam na nota.,1,691,1,4,0,,respondida,autoaprovada,aprovada,97.24,0
CON03609,PED047130,2025-05-17,CLI08951,LOJ0153,2,"R$ 86,17",pedido_incorreto,Recebi produtos diferentes do que selecionei.,0,1076,4,2,0,,respondida,autoaprovada,aprovada,80.78,0
CON03610,PED048104,2025-05-12,CLI17659,LOJ0325,2,73.43,item_faltante,,1,168,1,1,0,,sem_resposta,autoaprovada,aprovada,"63,21",0
CON03611,PED047242,2025-05-27,CLI15883,LOJ0311,5,164.31,item_faltante,Faltou um item do pedido e a loja não respondeu.,0,132,1,3,0,,respondida,autoaprovada,aprovada,148.75,0
CON03612,PED042988,2025-05-27,CLI06787,LOJ0374,3,96.48,ITEM FALTANTE,Faltou um item do pedido e a loja não respondeu.,0,973,3,3,0,,SEM RESPOSTA,negada_ou_retirada,negada,0.00,0
CON03613,PED040777,14/05/2025,CLI01505,LOJ0448,2,"164,53",item_faltante,Não recebi todos os itens que estavam na nota.,0,526,0,1,0,,sem resposta,revisao_manual,aprovada,128.54,0
CON03614,PED043955,2025-05-25,CLI01032,LOJ0038,2,109.20,produto_avariado,O item vazou durante a entrega e não dava para consumir.,1,1821,0,1,0,,respondida,revisao_manual,aprovada,73.52,1
CON03615,PED047612,2025-05-30,CLI00560,LOJ0163,2,174.17,qualidade,O produto estava com aparência ruim quando chegou.,1,788,0,1,0,,respondida,autoaprovada,aprovada,136.87,0
CON03616,PED045276,2025-05-02,CLI17733,LOJ0442,2,157.22,item_faltante,Não recebi todos os itens que estavam na nota.,0,398,1,1,0,,SEM RESPOSTA,autoaprovada,aprovada,100.93,0
CON03617,PED041021,2025-05-27,CLI02301,LOJ0115,4,110.38,qualidade,A qualidade não correspondeu ao que foi anunciado.,1,1774,1,4,0,,sem_resposta,autoaprovada,aprovada,"R$ 77,63",0
CON03618,PED039617,2025-05-01,CLI08180,LOJ0204,2,143.09,nao_entregue,O pedido não chegou no endereço informado.,1,2031,2,1,0,GRP029,respondida,autoaprovada,aprovada,136.82,1
CON03619,PED043991,19/05/2025,CLI09913,LOJ0055,2,132.99,item_faltante,"O pedido chegou incompleto, faltou parte da compra.",1,959,0,1,0,,respondida,autoaprovada,aprovada,103.75,0
CON03620,PED044382,2025-05-05,CLI05357,LOJ0201,2,"R$ 32,23",pedido_incorreto,Entregaram outro item no lugar do que comprei.,1,1904,2,1,0,,respondida,negada_ou_retirada,negada,0.00,0
CON03621,PED043208,2025-05-28,CLI07815,LOJ0160,7,68.22,produto_avariado,A embalagem chegou aberta e o produto estava avariado.,0,1275,0,3,0,,sem resposta,autoaprovada,aprovada,61.02,0
CON03622,PED042684,2025-05-02,CLI07056,LOJ0045,7,134.81,item_faltante,"O pedido chegou incompleto, faltou parte da compra.",1,2123,1,4,0,,respondida,autoaprovada,aprovada,97.91,0
CON03623,PED041005,2025-05-08,CLI15331,LOJ0445,7,201.71,pedido_incorreto,Recebi produtos diferentes do que selecionei.,1,435,1,2,0,,sem_resposta,autoaprovada,aprovada,184.19,1
CON03624,PED046430,2025-05-29,CLI11236,LOJ0168,2,118.73,item_faltante,Faltou um item do pedido e a loja não respondeu.,1,2326,0,1,1,GRP008,SEM RESPOSTA,autoaprovada,aprovada,"82,67",1
CON03625,PED041812,29/05/2025,CLI05324,LOJ0128,6,113.26,item_faltante,Não recebi todos os itens que estavam na nota.,0,2301,5,3,0,,respondida,autoaprovada,aprovada,84.08,0
CON03626,PED045847,2025-05-15,CLI06452,LOJ0171,3,216.59,produto_avariado,O produto chegou danificado dentro da sacola.,1,1144,5,3,0,,sem resposta,autoaprovada,aprovada,76.26,0
CON03627,PED042602,2025-05-17,CLI05280,LOJ0280,7,"129,94",item_faltante,Faltou um item do pedido e a loja não respondeu.,1,1516,0,6,0,,SEM RESPOSTA,autoaprovada,aprovada,99.53,1
CON03628,PED040248,2025-05-03,CLI17270,LOJ0166,7,147.46,nao_entregue,O pedido não chegou no endereço informado.,1,1206,0,7,0,,sem_resposta,autoaprovada,aprovada,"R$ 118,26",0
CON03629,PED047888,2025-05-30,CLI06418,LOJ0045,2,91.52,pedido_incorreto,Recebi produtos diferentes do que selecionei.,1,2171,2,2,0,GRP081,sem resposta,autoaprovada,aprovada,41.59,1
CON03630,PED043357,2025-05-26,CLI14645,LOJ0239,4,60.02,produto_avariado,O produto chegou danificado dentro da sacola.,1,2155,0,3,0,,respondida,revisao_manual,aprovada,52.82,0
CON03631,PED042922,19/05/2025,CLI02889,LOJ0086,2,"R$ 77,62",nao_entregue,"O aplicativo marcou como entregue, mas não recebi o pedido.",0,2047,0,1,0,,respondida,autoaprovada,aprovada,"66,15",0
CON03632,PED044011,2025-05-08,CLI15190,LOJ0349,2,93.04,item_faltante,Não recebi todos os itens que estavam na nota.,0,546,1,1,0,,respondida,autoaprovada,aprovada,41.82,0
CON03633,PED041591,2025-05-16,CLI16354,LOJ0102,6,101.52,pedido_incorreto,Entregaram outro item no lugar do que comprei.,1,1981,2,4,0,,respondida,autoaprovada,aprovada,37.98,0
CON03634,PED041891,2025-05-19,CLI13956,LOJ0062,3,"69,35",qualidade,A comida chegou fria e com qualidade abaixo do esperado.,1,1219,0,2,0,,respondida,autoaprovada,aprovada,39.31,0
CON03635,PED045431,2025-05-30,CLI06810,LOJ0253,4,143.38,PEDIDO INCORRETO,Entregaram outro item no lugar do que comprei.,1,1437,0,1,0,,respondida,autoaprovada,aprovada,107.63,1
CON03636,PED041654,2025-05-04,CLI15748,LOJ0426,5,89.87,pedido_incorreto,Entregaram outro item no lugar do que comprei.,0,1331,2,2,0,,sem_resposta,autoaprovada,aprovada,81.94,0
CON03637,PED043038,10/05/2025,CLI07725,LOJ0080,3,121.45,item_faltante,"O pedido chegou incompleto, faltou parte da compra.",0,1516,0,2,0,GRP065,SEM RESPOSTA,autoaprovada,aprovada,78.67,1
CON03638,PED047429,2025-05-31,CLI00291,LOJ0287,7,83.15,qualidade,O produto estava com aparência ruim quando chegou.,1,967,2,6,0,,sem resposta,autoaprovada,aprovada,"57,72",0
CON03639,PED045531,2025-05-26,CLI10199,LOJ0381,2,127.16,pedido_incorreto,O pedido veio errado e preciso corrigir a cobrança.,1,2217,2,1,0,,SEM RESPOSTA,autoaprovada,aprovada,"R$ 101,87",0
CON03640,PED041906,2025-05-27,CLI10064,LOJ0318,5,109.11,pedido_incorreto,Recebi produtos diferentes do que selecionei.,1,760,2,3,0,,respondida,autoaprovada,aprovada,89.76,0
CON03641,PED040925,2025-05-25,CLI01363,LOJ0338,2,"181,03",item_faltante,Não recebi todos os itens que estavam na nota.,0,1262,2,1,0,GRP012,sem_resposta,autoaprovada,aprovada,157.15,1
CON03642,PED041265,2025-05-16,CLI05384,LOJ0081,6,"R$ 90,22",qualidade,A qualidade não correspondeu ao que foi anunciado.,0,328,0,2,0,,sem resposta,autoaprovada,aprovada,72.90,0
CON03643,PED043519,17/05/2025,CLI17199,LOJ0408,5,174.16,item_faltante,Faltou um item do pedido e a loja não respondeu.,1,2029,1,1,0,,respondida,autoaprovada,aprovada,167.22,0
CON03644,PED040973,2025-05-03,CLI04315,LOJ0231,7,147.04,pedido_incorreto,Recebi produtos diferentes do que selecionei.,0,1397,1,5,0,,respondida,revisao_manual,aprovada,133.88,0
CON03645,PED046363,2025-05-30,CLI00804,LOJ0260,2,123.74,nao_entregue,"O aplicativo marcou como entregue, mas não recebi o pedido.",1,1334,5,1,0,,respondida,revisao_manual,negada,"0,00",0
CON03646,PED045072,2025-05-09,CLI14540,LOJ0379,6,74.14,pedido_incorreto,Entregaram outro item no lugar do que comprei.,0,976,1,5,0,,respondida,revisao_manual,negada,0.00,0
CON03647,PED044788,2025-05-05,CLI12095,LOJ0110,7,120.29,item_faltante,Não recebi todos os itens que estavam na nota.,1,1460,0,1,0,GRP095,respondida,autoaprovada,aprovada,83.66,0
CON03648,PED048904,2025-05-30,CLI13963,LOJ0359,7,"120,00",pedido_incorreto,O pedido veio errado e preciso corrigir a cobrança.,0,1697,0,7,0,,sem_resposta,autoaprovada,aprovada,115.25,0
CON03649,PED041621,26/05/2025,CLI11266,LOJ0230,2,112.54,nao_entregue,"O aplicativo marcou como entregue, mas não recebi o pedido.",1,2312,0,2,0,,SEM RESPOSTA,autoaprovada,aprovada,93.02,1
CON03650,PED046333,2025-05-31,CLI01166,LOJ0183,6,92.14,pedido_incorreto,O pedido veio errado e preciso corrigir a cobrança.,1,1646,2,2,0,,respondida,autoaprovada,aprovada,"R$ 43,67",0
CON03651,PED040688,2025-05-04,CLI11906,LOJ0274,3,117.17,qualidade,A comida chegou fria e com qualidade abaixo do esperado.,1,1236,0,1,1,,respondida,negada_ou_retirada,negada,0.00,0
CON03652,PED040243,2025-05-10,CLI08933,LOJ0303,6,80.21,nao_entregue,O pedido não chegou no endereço informado.,1,725,1,2,0,,sem resposta,revisao_manual,aprovada,"72,91",1
CON03653,PED043927,2025-05-20,CLI17316,LOJ0391,2,"R$ 142,77",produto_avariado,O produto chegou danificado dentro da sacola.,1,2034,1,1,0,,respondida,revisao_manual,aprovada,138.21,0
CON03654,PED048596,2025-05-24,CLI04298,LOJ0203,5,97.94,qualidade,A qualidade não correspondeu ao que foi anunciado.,1,1133,1,2,0,,respondida,autoaprovada,aprovada,68.44,0
CON03655,PED045927,15/05/2025,CLI13906,LOJ0419,4,"98,57",item_faltante,Faltou um item do pedido e a loja não respondeu.,1,1877,1,1,0,,SEM RESPOSTA,autoaprovada,aprovada,62.90,0
CON03656,PED046409,2025-05-27,CLI05905,LOJ0307,3,146.74,produto_avariado,O produto chegou danificado dentro da sacola.,1,248,0,1,0,,respondida,autoaprovada,aprovada,141.82,0
CON03657,PED049798,2025-05-26,CLI14465,LOJ0377,7,94.06,pedido_incorreto,Recebi produtos diferentes do que selecionei.,1,27,0,3,0,,respondida,autoaprovada,aprovada,76.89,0
CON03658,PED045786,2025-05-06,CLI01308,LOJ0160,4,179.39,ITEM FALTANTE,"O pedido chegou incompleto, faltou parte da compra.",1,1635,0,3,0,GRP119,respondida,autoaprovada,aprovada,142.30,0
CON03659,PED048629,2025-05-19,CLI02945,LOJ0337,2,90.71,produto_avariado,O produto chegou danificado dentro da sacola.,1,282,0,1,0,,respondida,autoaprovada,aprovada,"65,99",0
CON03660,PED040893,2025-05-15,CLI16766,LOJ0283,7,148.38,pedido_incorreto,O pedido veio errado e preciso corrigir a cobrança.,1,2094,0,1,0,,sem_resposta,revisao_manual,aprovada,126.78,0
CON03661,PED044993,08/05/2025,CLI02302,LOJ0268,7,82.84,item_faltante,Não recebi todos os itens que estavam na nota.,1,534,0,1,0,,respondida,autoaprovada,aprovada,"R$ 52,01",0
CON03662,PED046217,2025-05-21,CLI08880,LOJ0234,2,"127,40",nao_entregue,"O aplicativo marcou como entregue, mas não recebi o pedido.",1,622,0,1,0,,sem resposta,revisao_manual,aprovada,114.25,0
CON03663,PED049714,2025-05-11,CLI17552,LOJ0435,3,196.81,pedido_incorreto,Entregaram outro item no lugar do que comprei.,1,1995,0,3,0,,respondida,autoaprovada,aprovada,182.09,0
CON03664,PED046251,2025-05-12,CLI00087,LOJ0291,3,"R$ 96,86",qualidade,O produto estava com aparência ruim quando chegou.,1,656,1,2,0,,respondida,revisao_manual,negada,0.00,0
CON03665,PED040509,2025-05-26,CLI01369,LOJ0404,6,85.95,item_faltante,Não recebi todos os itens que estavam na nota.,1,365,0,6,0,,respondida,autoaprovada,aprovada,80.45,1
CON03666,PED040349,2025-05-10,CLI12661,LOJ0412,3,79.54,produto_avariado,O item vazou durante a entrega e não dava para consumir.,1,347,1,2,0,,respondida,autoaprovada,aprovada,"59,52",0
CON03667,PED046502,14/05/2025,CLI08331,LOJ0258,2,95.99,pedido_incorreto,Recebi produtos diferentes do que selecionei.,1,2076,2,1,0,,respondida,autoaprovada,aprovada,60.46,0
CON03668,PED047237,2025-05-23,CLI11657,LOJ0035,4,75.36,item_faltante,Não recebi todos os itens que estavam na nota.,0,1121,5,3,0,,respondida,autoaprovada,aprovada,54.83,0
CON03669,PED048652,2025-05-06,CLI00086,LOJ0067,4,"68,03",nao_entregue,"O aplicativo marcou como entregue, mas não recebi o pedido.",1,1268,0,2,0,,respondida,autoaprovada,aprovada,33.11,0
CON03670,PED040095,2025-05-04,CLI08817,LOJ0187,2,123.64,item_faltante,"O pedido chegou incompleto, faltou parte da compra.",0,1905,0,1,0,GRP046,sem_resposta,autoaprovada,aprovada,90.25,0
CON03671,PED040255,2025-05-07,CLI13113,LOJ0141,6,70.04,item_faltante,"O pedido chegou incompleto, faltou parte da compra.",1,1536,1,5,0,,SEM RESPOSTA,negada_ou_retirada,negada,0.00,0
CON03672,PED045795,2025-05-16,CLI13277,LOJ0201,2,139.91,produto_avariado,O produto chegou danificado dentro da sacola.,1,2004,1,1,0,,sem resposta,revisao_manual,aprovada,"R$ 111,61",0
CON03673,PED043417,06/05/2025,CLI03253,LOJ0115,6,72.40,produto_avariado,O item vazou durante a entrega e não dava para consumir.,1,1812,0,3,0,,respondida,autoaprovada,aprovada,"40,80",0
CON03674,PED045626,2025-05-29,CLI16975,LOJ0196,3,74.41,item_faltante,"O pedido chegou incompleto, faltou parte da compra.",0,171,0,2,0,,respondida,autoaprovada,aprovada,64.95,0
CON03675,PED044194,2025-05-11,CLI07870,LOJ0447,2,"R$ 126,31",item_faltante,Faltou um item do pedido e a loja não respondeu.,0,1329,0,2,1,,respondida,autoaprovada,aprovada,112.62,1
CON03676,PED040761,2025-05-23,CLI12924,LOJ0171,2,"53,82",pedido_incorreto,O pedido veio errado e preciso corrigir a cobrança.,1,2189,0,1,1,,SEM RESPOSTA,autoaprovada,aprovada,40.10,1
CON03677,PED045860,2025-05-24,CLI03777,LOJ0349,7,156.64,pedido_incorreto,Entregaram outro item no lugar do que comprei.,1,756,0,1,1,,sem_resposta,autoaprovada,aprovada,130.16,0
CON03678,PED044639,2025-05-24,CLI08537,LOJ0425,5,163.49,produto_avariado,O produto chegou danificado dentro da sacola.,1,917,0,4,0,,respondida,autoaprovada,aprovada,150.62,0
CON03679,PED046654,26/05/2025,CLI13726,LOJ0096,7,138.37,nao_entregue,"O aplicativo marcou como entregue, mas não recebi o pedido.",1,806,2,5,0,,sem resposta,autoaprovada,aprovada,113.10,0
CON03680,PED041048,2025-05-23,CLI02735,LOJ0052,2,48.77,pedido_incorreto,Recebi produtos diferentes do que selecionei.,0,457,0,1,1,,respondida,revisao_manual,negada,"0,00",0
CON03681,PED042171,2025-05-27,CLI14725,LOJ0063,3,163.80,ITEM FALTANTE,"O pedido chegou incompleto, faltou parte da compra.",0,1351,0,3,0,,respondida,autoaprovada,aprovada,76.86,0
CON03682,PED041530,2025-05-07,CLI14500,LOJ0072,2,89.84,qualidade,O produto estava com aparência ruim quando chegou.,1,1650,0,1,0,,respondida,autoaprovada,aprovada,74.82,0
CON03683,PED042053,2025-05-01,CLI03316,LOJ0064,7,"124,40",produto_avariado,O item vazou durante a entrega e não dava para consumir.,1,522,2,7,0,,respondida,negada_ou_retirada,retirada,"R$ 0,00",0
CON03684,PED044961,2025-05-10,CLI05252,LOJ0101,3,134.57,produto_avariado,A embalagem chegou aberta e o produto estava avariado.,1,1438,1,1,0,,respondida,revisao_manual,aprovada,42.34,0
CON03685,PED040592,31/05/2025,CLI09754,LOJ0240,4,169.46,item_faltante,Não recebi todos os itens que estavam na nota.,1,1085,0,3,0,,respondida,autoaprovada,aprovada,141.54,0
CON03686,PED043399,2025-05-30,CLI03797,LOJ0071,3,"R$ 109,60",nao_entregue,"Consta entrega concluída, porém nada foi recebido.",1,1647,1,3,0,,sem_resposta,autoaprovada,aprovada,94.54,1
CON03687,PED047196,2025-05-01,CLI13771,LOJ0056,7,143.89,nao_entregue,"O aplicativo marcou como entregue, mas não recebi o pedido.",0,1173,1,1,0,,respondida,autoaprovada,aprovada,"130,45",0
CON03688,PED046809,2025-05-09,CLI02064,LOJ0203,6,123.54,pedido_incorreto,O pedido veio errado e preciso corrigir a cobrança.,1,112,0,1,0,,respondida,autoaprovada,aprovada,112.81,0
CON03689,PED049405,2025-05-07,CLI06042,LOJ0005,2,134.10,qualidade,A qualidade não correspondeu ao que foi anunciado.,1,219,1,1,0,,respondida,autoaprovada,aprovada,104.26,0
CON03690,PED049567,2025-05-17,CLI15632,LOJ0389,2,"143,35",produto_avariado,A embalagem chegou aberta e o produto estava avariado.,1,543,1,1,0,,respondida,autoaprovada,aprovada,121.59,1
CON03691,PED039517,17/05/2025,CLI03991,LOJ0273,5,130.37,item_faltante,Faltou um item do pedido e a loja não respondeu.,1,1370,1,1,1,,SEM RESPOSTA,autoaprovada,aprovada,124.99,1
CON03692,PED042250,2025-05-09,CLI04018,LOJ0183,4,140.14,item_faltante,Faltou um item do pedido e a loja não respondeu.,1,543,0,1,0,,respondida,negada_ou_retirada,negada,0.00,0
CON03693,PED042400,2025-05-17,CLI14170,LOJ0415,6,103.94,nao_entregue,"O aplicativo marcou como entregue, mas não recebi o pedido.",1,1003,3,3,0,GRP079,sem resposta,revisao_manual,negada,0.00,0
CON03694,PED048620,2025-05-20,CLI06942,LOJ0069,2,94.75,nao_entregue,O pedido não chegou no endereço informado.,1,1684,1,1,0,,respondida,revisao_manual,aprovada,"R$ 57,29",0
CON03695,PED040415,2025-05-28,CLI10449,LOJ0284,6,104.38,pedido_incorreto,Entregaram outro item no lugar do que comprei.,1,2380,0,1,0,,SEM RESPOSTA,autoaprovada,aprovada,47.36,0
CON03696,PED041439,2025-05-16,CLI04498,LOJ0251,2,72.99,item_faltante,Faltou um item do pedido e a loja não respondeu.,1,461,1,1,0,,respondida,revisao_manual,negada,0.00,0
CON03697,PED040671,24/05/2025,CLI13667,LOJ0368,6,"R$ 139,14",nao_entregue,"O aplicativo marcou como entregue, mas não recebi o pedido.",1,1705,0,5,0,,respondida,autoaprovada,aprovada,114.16,0
CON03698,PED044111,2025-05-20,CLI13177,LOJ0163,6,167.59,item_faltante,"O pedido chegou incompleto, faltou parte da compra.",1,1661,1,6,0,,respondida,autoaprovada,aprovada,162.19,1
CON03699,PED039851,2025-05-13,CLI16765,LOJ0385,4,224.80,pedido_incorreto,Entregaram outro item no lugar do que comprei.,1,396,0,2,0,,respondida,autoaprovada,aprovada,216.04,1
CON03700,PED040923,2025-05-18,CLI01698,LOJ0026,4,107.16,pedido_incorreto,O pedido veio errado e preciso corrigir a cobrança.,0,1968,0,3,0,,sem_resposta,revisao_manual,aprovada,91.07,0
CON03701,PED047531,2025-05-18,CLI07448,LOJ0325,5,62.21,nao_entregue,O pedido não chegou no endereço informado.,1,1305,1,4,1,,sem resposta,negada_ou_retirada,negada,"0,00",0
CON03702,PED042449,2025-05-04,CLI08787,LOJ0025,2,117.21,nao_entregue,"Consta entrega concluída, porém nada foi recebido.",1,2200,0,1,0,,respondida,autoaprovada,aprovada,105.99,0
CON03703,PED048994,27/05/2025,CLI17740,LOJ0190,3,139.30,nao_entregue,O pedido não chegou no endereço informado.,1,252,0,2,0,,respondida,autoaprovada,aprovada,106.69,0
CON03704,PED040434,2025-05-18,CLI05092,LOJ0082,3,"101,10",ITEM FALTANTE,Faltou um item do pedido e a loja não respondeu.,1,377,1,2,0,,respondida,autoaprovada,aprovada,91.22,0
CON03705,PED047908,2025-05-18,CLI02462,LOJ0238,6,114.87,pedido_incorreto,O pedido veio errado e preciso corrigir a cobrança.,1,1186,0,5,1,,sem_resposta,autoaprovada,aprovada,"R$ 86,98",0
CON03706,PED043652,2025-05-24,CLI07833,LOJ0031,3,65.23,pedido_incorreto,Entregaram outro item no lugar do que comprei.,1,573,0,2,1,,SEM RESPOSTA,negada_ou_retirada,negada,0.00,0
CON03707,PED044045,2025-05-11,CLI03059,LOJ0404,5,86.48,qualidade,A comida chegou fria e com qualidade abaixo do esperado.,0,358,1,1,0,,sem resposta,autoaprovada,aprovada,76.36,0
CON03708,PED040328,2025-05-02,CLI17886,LOJ0221,7,"R$ 110,45",produto_avariado,O item vazou durante a entrega e não dava para consumir.,0,2363,0,6,0,,SEM RESPOSTA,autoaprovada,aprovada,"94,04",0
CON03709,PED044316,06/05/2025,CLI11596,LOJ0138,5,111.77,qualidade,O produto estava com aparência ruim quando chegou.,0,1086,0,2,0,,respondida,autoaprovada,aprovada,85.60,0
CON03710,PED049505,2025-05-08,CLI12134,LOJ0125,2,127.87,produto_avariado,A embalagem chegou aberta e o produto estava avariado.,0,1014,0,2,0,,sem_resposta,autoaprovada,aprovada,109.17,1
CON03711,PED043529,2025-05-30,CLI04261,LOJ0282,5,"128,65",item_faltante,"O pedido chegou incompleto, faltou parte da compra.",0,2385,1,2,0,,respondida,autoaprovada,aprovada,97.20,0
CON03712,PED043891,2025-05-08,CLI04104,LOJ0278,4,109.63,nao_entregue,O pedido não chegou no endereço informado.,1,988,1,1,0,,sem resposta,autoaprovada,aprovada,68.23,1
CON03713,PED044407,2025-05-04,CLI08311,LOJ0437,4,89.48,nao_entregue,O pedido não chegou no endereço informado.,0,556,1,2,0,,respondida,revisao_manual,negada,0.00,0
CON03714,PED043369,2025-05-01,CLI13026,LOJ0112,3,181.85,item_faltante,Faltou um item do pedido e a loja não respondeu.,0,787,1,1,0,,respondida,autoaprovada,aprovada,149.50,0
CON03715,PED040644,22/05/2025,CLI14939,LOJ0042,6,111.56,item_faltante,"O pedido chegou incompleto, faltou parte da compra.",0,1850,1,5,0,,sem_resposta,autoaprovada,aprovada,"83,39",0
CON03716,PED043134,2025-05-19,CLI12682,LOJ0439,5,97.31,item_faltante,"O pedido chegou incompleto, faltou parte da compra.",1,351,0,1,0,,respondida,autoaprovada,aprovada,"R$ 84,31",0
CON03717,PED043090,2025-05-16,CLI09640,LOJ0128,3,95.41,pedido_incorreto,Entregaram outro item no lugar do que comprei.,0,2267,1,2,0,,respondida,autoaprovada,aprovada,63.35,0
CON03718,PED043644,2025-05-22,CLI17104,LOJ0351,2,"129,26",item_faltante,Não recebi todos os itens que estavam na nota.,0,1708,1,1,0,,respondida,autoaprovada,aprovada,122.17,0
CON03719,PED040810,2025-05-16,CLI16391,LOJ0248,3,"R$ 295,81",qualidade,A qualidade não correspondeu ao que foi anunciado.,1,215,0,2,0,,respondida,revisao_manual,aprovada,276.59,0
CON03720,PED043702,2025-05-10,CLI16865,LOJ0423,2,152.59,pedido_incorreto,Recebi produtos diferentes do que selecionei.,0,161,0,1,0,,SEM RESPOSTA,revisao_manual,aprovada,144.38,0
CON03721,PED041502,30/05/2025,CLI11798,LOJ0301,7,100.97,item_faltante,Faltou um item do pedido e a loja não respondeu.,1,1436,1,7,1,,respondida,autoaprovada,aprovada,75.75,0
CON03722,PED048312,2025-05-05,CLI12746,LOJ0305,3,103.86,item_faltante,Não recebi todos os itens que estavam na nota.,0,2126,0,3,0,,respondida,negada_ou_retirada,negada,"0,00",0
CON03723,PED047178,2025-05-04,CLI06515,LOJ0218,4,37.83,produto_avariado,A embalagem chegou aberta e o produto estava avariado.,1,1475,2,2,0,,respondida,revisao_manual,negada,0.00,0
CON03724,PED040846,2025-05-27,CLI03705,LOJ0077,2,85.99,produto_avariado,O item vazou durante a entrega e não dava para consumir.,1,1243,0,1,0,,respondida,autoaprovada,aprovada,58.30,0
CON03725,PED045204,2025-05-25,CLI11025,LOJ0002,7,"178,38",item_faltante,Faltou um item do pedido e a loja não respondeu.,1,32,0,1,0,,respondida,autoaprovada,aprovada,163.12,0
CON03726,PED044796,2025-05-16,CLI11313,LOJ0200,3,173.09,produto_avariado,O item vazou durante a entrega e não dava para consumir.,0,1707,1,3,0,,sem resposta,autoaprovada,aprovada,142.28,1
CON03727,PED047155,01/05/2025,CLI14597,LOJ0386,4,129.30,NAO ENTREGUE,"Consta entrega concluída, porém nada foi recebido.",1,631,5,4,0,,respondida,autoaprovada,aprovada,"R$ 88,63",1
CON03728,PED039719,2025-05-01,CLI10272,LOJ0331,4,152.91,nao_entregue,O pedido não chegou no endereço informado.,1,1700,0,1,0,,respondida,autoaprovada,aprovada,139.84,0
CON03729,PED043525,2025-05-22,CLI02539,LOJ0287,2,91.04,pedido_incorreto,Recebi produtos diferentes do que selecionei.,1,795,0,1,0,,respondida,autoaprovada,aprovada,"55,42",0
CON03730,PED049014,2025-05-14,CLI01304,LOJ0114,4,"R$ 201,02",pedido_incorreto,O pedido veio errado e preciso corrigir a cobrança.,1,1268,1,2,0,GRP011,respondida,autoaprovada,aprovada,175.24,0
CON03731,PED043833,2025-05-10,CLI06895,LOJ0031,5,111.90,item_faltante,Faltou um item do pedido e a loja não respondeu.,0,2307,1,4,0,,respondida,autoaprovada,aprovada,75.90,0
CON03732,PED047515,2025-05-01,CLI10149,LOJ0196,5,"79,90",item_faltante,Não recebi todos os itens que estavam na nota.,0,897,1,4,0,,SEM RESPOSTA,negada_ou_retirada,retirada,0.00,0
CON03733,PED042873,03/05/2025,CLI13729,LOJ0294,6,206.32,item_faltante,"O pedido chegou incompleto, faltou parte da compra.",1,1978,0,3,0,,sem_resposta,autoaprovada,aprovada,179.25,0
CON03734,PED046429,2025-05-04,CLI09213,LOJ0318,4,162.93,item_faltante,Não recebi todos os itens que estavam na nota.,1,1706,2,2,0,,respondida,revisao_manual,aprovada,142.14,0
CON03735,PED046820,2025-05-09,CLI10864,LOJ0370,2,59.30,nao_entregue,"O aplicativo marcou como entregue, mas não recebi o pedido.",0,962,1,1,0,,sem resposta,negada_ou_retirada,negada,0.00,0
CON03736,PED040725,2025-05-23,CLI04811,LOJ0088,7,167.84,item_faltante,Não recebi todos os itens que estavam na nota.,1,1149,2,4,0,,sem_resposta,autoaprovada,aprovada,"52,06",0
CON03737,PED042376,2025-05-25,CLI11681,LOJ0097,6,102.69,pedido_incorreto,Entregaram outro item no lugar do que comprei.,0,2385,0,5,0,,respondida,negada_ou_retirada,negada,0.00,0
CON03738,PED046216,2025-05-03,CLI16461,LOJ0349,4,26.87,produto_avariado,O item vazou durante a entrega e não dava para consumir.,1,801,0,4,1,,SEM RESPOSTA,negada_ou_retirada,negada,"R$ 0,00",0
CON03739,PED040989,27/05/2025,CLI14089,LOJ0384,3,"110,35",pedido_incorreto,Recebi produtos diferentes do que selecionei.,0,1908,0,3,0,,sem resposta,autoaprovada,aprovada,80.04,1
CON03740,PED045891,2025-05-24,CLI01807,LOJ0186,7,67.28,pedido_incorreto,Recebi produtos diferentes do que selecionei.,1,2010,1,5,0,,SEM RESPOSTA,autoaprovada,aprovada,45.46,0
CON03741,PED049036,2025-05-30,CLI08115,LOJ0317,7,"R$ 68,24",item_faltante,"O pedido chegou incompleto, faltou parte da compra.",0,2004,0,3,0,,respondida,revisao_manual,negada,0.00,0
CON03742,PED047090,2025-05-22,CLI09205,LOJ0226,3,81.70,item_faltante,Faltou um item do pedido e a loja não respondeu.,0,1111,2,1,0,,sem_resposta,autoaprovada,aprovada,72.09,0
CON03743,PED043508,2025-05-22,CLI10541,LOJ0222,2,128.83,item_faltante,Faltou um item do pedido e a loja não respondeu.,1,251,1,1,0,,sem resposta,autoaprovada,aprovada,"116,41",0
CON03744,PED046455,2025-05-26,CLI10446,LOJ0357,4,86.08,item_faltante,Não recebi todos os itens que estavam na nota.,0,1206,0,4,0,,sem_resposta,autoaprovada,aprovada,64.64,1
CON03745,PED042657,04/05/2025,CLI15162,LOJ0267,2,72.11,produto_avariado,O item vazou durante a entrega e não dava para consumir.,1,476,0,1,1,,SEM RESPOSTA,autoaprovada,aprovada,67.45,1
CON03746,PED047394,2025-05-10,CLI04393,LOJ0059,4,"142,15",produto_avariado,A embalagem chegou aberta e o produto estava avariado.,0,617,1,1,0,,sem resposta,revisao_manual,aprovada,106.46,0
CON03747,PED049407,2025-05-27,CLI15611,LOJ0083,7,88.50,pedido_incorreto,Entregaram outro item no lugar do que comprei.,0,607,1,1,1,,respondida,revisao_manual,aprovada,77.63,0
CON03748,PED042832,2025-05-29,CLI11962,LOJ0159,7,36.44,pedido_incorreto,Entregaram outro item no lugar do que comprei.,1,1146,1,4,0,,SEM RESPOSTA,negada_ou_retirada,negada,0.00,0
CON03749,PED043142,2025-05-17,CLI12967,LOJ0293,7,138.91,qualidade,A comida chegou fria e com qualidade abaixo do esperado.,1,2319,2,5,0,GRP127,sem_resposta,autoaprovada,aprovada,"R$ 62,70",1
CON03750,PED049584,2025-05-09,CLI17866,LOJ0190,7,147.13,QUALIDADE,O produto estava com aparência ruim quando chegou.,0,192,1,4,0,,sem resposta,autoaprovada,aprovada,"123,73",0
CON03751,PED046408,31/05/2025,CLI03793,LOJ0358,5,77.34,produto_avariado,A embalagem chegou aberta e o produto estava avariado.,1,1385,2,5,0,,respondida,autoaprovada,aprovada,37.47,0
CON03752,PED041303,2025-05-15,CLI09298,LOJ0209,4,"R$ 37,79",produto_avariado,O produto chegou danificado dentro da sacola.,1,1960,0,1,0,,respondida,revisao_manual,negada,0.00,0
CON03753,PED042184,2025-05-26,CLI14018,LOJ0132,3,"66,37",item_faltante,"O pedido chegou incompleto, faltou parte da compra.",0,124,2,3,1,,respondida,autoaprovada,aprovada,56.27,1
CON03754,PED045017,2025-05-29,CLI12267,LOJ0228,4,79.93,qualidade,A comida chegou fria e com qualidade abaixo do esperado.,1,1064,0,3,0,GRP065,sem_resposta,autoaprovada,aprovada,56.50,0
CON03755,PED044464,2025-05-05,CLI05480,LOJ0259,2,96.65,pedido_incorreto,O pedido veio errado e preciso corrigir a cobrança.,1,133,0,1,0,,respondida,autoaprovada,aprovada,55.94,0
CON03756,PED049793,2025-05-18,CLI01953,LOJ0173,2,47.01,qualidade,O produto estava com aparência ruim quando chegou.,1,1111,1,1,0,,respondida,revisao_manual,negada,0.00,0
CON03757,PED045859,05/05/2025,CLI09171,LOJ0276,2,184.20,item_faltante,"O pedido chegou incompleto, faltou parte da compra.",0,568,0,1,0,,respondida,autoaprovada,aprovada,"167,28",0
CON03758,PED042981,2025-05-15,CLI05142,LOJ0073,6,74.73,qualidade,A qualidade não correspondeu ao que foi anunciado.,0,1780,1,1,0,,respondida,autoaprovada,aprovada,47.16,0
CON03759,PED046388,2025-05-25,CLI06659,LOJ0051,3,212.56,item_faltante,"O pedido chegou incompleto, faltou parte da compra.",1,323,0,1,0,,SEM RESPOSTA,autoaprovada,aprovada,182.93,1
CON03760,PED046873,2025-05-11,CLI07176,LOJ0283,2,"77,41",item_faltante,Faltou um item do pedido e a loja não respondeu.,1,1374,0,2,0,,respondida,revisao_manual,negada,"R$ 0,00",0
CON03761,PED043372,2025-05-14,CLI02646,LOJ0293,6,123.97,nao_entregue,"O aplicativo marcou como entregue, mas não recebi o pedido.",0,831,2,2,0,,sem resposta,autoaprovada,aprovada,108.38,0
CON03762,PED047208,2025-05-19,CLI13531,LOJ0446,5,91.43,pedido_incorreto,O pedido veio errado e preciso corrigir a cobrança.,1,894,2,3,1,,SEM RESPOSTA,autoaprovada,aprovada,76.13,0
CON03763,PED044883,16/05/2025,CLI10347,LOJ0274,7,"R$ 98,45",qualidade,A qualidade não correspondeu ao que foi anunciado.,0,1858,2,7,0,,respondida,revisao_manual,aprovada,68.89,1
CON03764,PED043754,2025-05-01,CLI13372,LOJ0243,2,114.62,pedido_incorreto,Entregaram outro item no lugar do que comprei.,1,1930,1,2,0,,respondida,autoaprovada,aprovada,"92,49",0
CON03765,PED040551,2025-05-02,CLI13532,LOJ0179,6,85.30,pedido_incorreto,Entregaram outro item no lugar do que comprei.,0,786,0,2,0,,respondida,negada_ou_retirada,retirada,0.00,0
CON03766,PED046419,2025-05-12,CLI04497,LOJ0127,3,209.61,pedido_incorreto,Recebi produtos diferentes do que selecionei.,1,977,2,1,0,GRP047,respondida,autoaprovada,aprovada,172.45,0
CON03767,PED043476,2025-05-11,CLI03593,LOJ0305,2,"132,92",nao_entregue,"Consta entrega concluída, porém nada foi recebido.",0,2215,0,2,0,,respondida,autoaprovada,aprovada,99.97,0
CON03768,PED049273,2025-05-26,CLI12796,LOJ0187,5,166.95,nao_entregue,O pedido não chegou no endereço informado.,0,1820,2,3,0,,sem_resposta,revisao_manual,aprovada,151.97,1
CON03769,PED047562,20/05/2025,CLI10657,LOJ0361,5,162.24,item_faltante,Faltou um item do pedido e a loja não respondeu.,1,1021,6,3,0,,sem resposta,negada_ou_retirada,negada,0.00,0
CON03770,PED049108,2025-05-24,CLI02590,LOJ0163,4,149.74,nao_entregue,"Consta entrega concluída, porém nada foi recebido.",1,539,2,3,0,,sem_resposta,autoaprovada,aprovada,98.27,0
CON03771,PED043951,2025-05-09,CLI05562,LOJ0392,3,124.50,produto_avariado,O item vazou durante a entrega e não dava para consumir.,1,191,0,1,0,,respondida,autoaprovada,aprovada,"R$ 93,01",0
CON03772,PED046580,2025-05-22,CLI11967,LOJ0436,7,182.92,produto_avariado,O produto chegou danificado dentro da sacola.,1,1501,1,7,0,,respondida,autoaprovada,aprovada,167.35,0
CON03773,PED041047,2025-05-07,CLI10547,LOJ0431,3,65.39,NAO ENTREGUE,"Consta entrega concluída, porém nada foi recebido.",1,776,1,2,0,,SEM RESPOSTA,autoaprovada,aprovada,50.96,0
CON03774,PED040089,2025-05-18,CLI09239,LOJ0335,6,"R$ 65,99",nao_entregue,"Consta entrega concluída, porém nada foi recebido.",0,2120,1,2,0,,sem resposta,revisao_manual,aprovada,56.48,0
CON03775,PED040001,18/05/2025,CLI09110,LOJ0243,4,136.03,item_faltante,Não recebi todos os itens que estavam na nota.,1,1839,1,4,0,,respondida,autoaprovada,aprovada,111.01,0
CON03776,PED041038,2025-05-19,CLI07292,LOJ0379,7,173.92,item_faltante,Não recebi todos os itens que estavam na nota.,1,405,1,1,0,,respondida,autoaprovada,aprovada,137.39,0
CON03777,PED041710,2025-05-06,CLI17421,LOJ0362,2,82.64,pedido_incorreto,Recebi produtos diferentes do que selecionei.,1,999,1,1,0,,respondida,autoaprovada,aprovada,66.79,0
CON03778,PED042246,2025-05-22,CLI02386,LOJ0080,6,108.45,nao_entregue,"Consta entrega concluída, porém nada foi recebido.",1,1091,0,6,0,,SEM RESPOSTA,autoaprovada,aprovada,"90,47",0
CON03779,PED043906,2025-05-16,CLI07656,LOJ0425,2,81.52,qualidade,O produto estava com aparência ruim quando chegou.,1,2355,6,2,0,,respondida,autoaprovada,aprovada,72.61,1
CON03780,PED047484,2025-05-19,CLI07607,LOJ0192,7,94.44,pedido_incorreto,Entregaram outro item no lugar do que comprei.,1,1308,0,1,0,,sem_resposta,autoaprovada,aprovada,69.44,1
CON03781,PED043388,04/05/2025,CLI04301,LOJ0379,2,"134,29",pedido_incorreto,O pedido veio errado e preciso corrigir a cobrança.,0,1869,0,1,0,,sem resposta,revisao_manual,aprovada,107.15,0
CON03782,PED039700,2025-05-29,CLI12547,LOJ0342,2,142.71,item_faltante,Faltou um item do pedido e a loja não respondeu.,1,1918,2,1,0,,respondida,autoaprovada,aprovada,"R$ 104,86",0
CON03783,PED041150,2025-05-05,CLI14157,LOJ0055,5,99.72,nao_entregue,"Consta entrega concluída, porém nada foi recebido.",1,2378,1,2,0,,sem_resposta,autoaprovada,aprovada,71.60,0
CON03784,PED048409,2025-05-26,CLI06080,LOJ0324,5,150.87,produto_avariado,O item vazou durante a entrega e não dava para consumir.,1,1887,0,3,0,,respondida,autoaprovada,aprovada,121.92,0
CON03785,PED048197,2025-05-28,CLI01252,LOJ0230,2,"R$ 55,79",pedido_incorreto,Entregaram outro item no lugar do que comprei.,1,1411,6,1,0,,SEM RESPOSTA,autoaprovada,aprovada,"49,88",1
CON03786,PED042386,2025-05-31,CLI15901,LOJ0319,7,124.68,pedido_incorreto,O pedido veio errado e preciso corrigir a cobrança.,0,2060,2,2,0,,respondida,autoaprovada,aprovada,92.47,0
CON03787,PED046610,24/05/2025,CLI17123,LOJ0229,6,52.96,pedido_incorreto,Recebi produtos diferentes do que selecionei.,0,1276,0,3,0,,respondida,negada_ou_retirada,negada,0.00,0
CON03788,PED044186,2025-05-23,CLI15324,LOJ0299,4,"105,29",pedido_incorreto,Recebi produtos diferentes do que selecionei.,0,1551,0,4,0,,sem resposta,autoaprovada,aprovada,84.48,0
CON03789,PED044757,2025-05-11,CLI17681,LOJ0348,5,73.10,nao_entregue,O pedido não chegou no endereço informado.,1,1692,1,1,0,,SEM RESPOSTA,autoaprovada,aprovada,35.43,0
CON03790,PED041117,2025-05-29,CLI16715,LOJ0449,5,147.92,item_faltante,"O pedido chegou incompleto, faltou parte da compra.",0,757,0,3,0,,sem_resposta,autoaprovada,aprovada,141.85,0
CON03791,PED039528,2025-05-17,CLI04953,LOJ0050,4,90.46,pedido_incorreto,Recebi produtos diferentes do que selecionei.,0,1901,0,2,0,,respondida,autoaprovada,aprovada,77.95,0
CON03792,PED045965,2025-05-04,CLI14404,LOJ0134,3,204.28,item_faltante,"O pedido chegou incompleto, faltou parte da compra.",1,936,1,1,0,,respondida,autoaprovada,aprovada,"184,48",0
CON03793,PED039947,06/05/2025,CLI13040,LOJ0001,3,70.04,nao_entregue,O pedido não chegou no endereço informado.,1,2246,0,2,1,,sem resposta,revisao_manual,aprovada,"R$ 52,46",1
CON03794,PED048288,2025-05-22,CLI15672,LOJ0427,2,118.58,item_faltante,Não recebi todos os itens que estavam na nota.,0,745,2,1,0,,respondida,negada_ou_retirada,retirada,0.00,0
CON03795,PED042547,2025-05-18,CLI05620,LOJ0170,3,"224,89",produto_avariado,A embalagem chegou aberta e o produto estava avariado.,1,907,1,1,0,,respondida,autoaprovada,aprovada,189.17,0
CON03796,PED040841,2025-05-27,CLI07901,LOJ0100,5,"R$ 81,43",QUALIDADE,A comida chegou fria e com qualidade abaixo do esperado.,1,1653,0,3,0,,respondida,autoaprovada,aprovada,53.70,0
CON03797,PED046534,2025-05-02,CLI00013,LOJ0287,7,87.17,item_faltante,Não recebi todos os itens que estavam na nota.,0,1022,2,3,1,,sem_resposta,autoaprovada,aprovada,75.51,1
CON03798,PED042711,2025-05-22,CLI03182,LOJ0206,6,95.38,item_faltante,Não recebi todos os itens que estavam na nota.,1,980,2,6,0,,respondida,autoaprovada,aprovada,38.50,0
CON03799,PED048358,05/05/2025,CLI01816,LOJ0077,2,129.76,item_faltante,Faltou um item do pedido e a loja não respondeu.,0,555,1,1,0,,respondida,autoaprovada,aprovada,"57,50",0
CON03800,PED049550,2025-05-18,CLI14913,LOJ0426,3,117.70,pedido_incorreto,Entregaram outro item no lugar do que comprei.,0,1765,2,2,0,,respondida,autoaprovada,aprovada,100.71,0
CON03801,PED049791,2025-05-04,CLI01246,LOJ0190,3,131.47,qualidade,O produto estava com aparência ruim quando chegou.,1,118,2,2,0,,respondida,autoaprovada,aprovada,108.73,0
CON03802,PED049167,2025-05-07,CLI15917,LOJ0178,3,"169,13",pedido_incorreto,Entregaram outro item no lugar do que comprei.,1,1662,2,1,0,,respondida,autoaprovada,aprovada,79.96,0
CON03803,PED040354,2025-05-12,CLI14781,LOJ0079,2,127.83,item_faltante,Não recebi todos os itens que estavam na nota.,1,993,0,1,0,,SEM RESPOSTA,autoaprovada,aprovada,116.53,0
CON03804,PED044817,2025-05-23,CLI12594,LOJ0410,7,67.87,nao_entregue,"O aplicativo marcou como entregue, mas não recebi o pedido.",1,1145,1,6,0,,respondida,negada_ou_retirada,negada,"R$ 0,00",0
CON03805,PED048840,21/05/2025,CLI15428,LOJ0305,5,86.86,item_faltante,Faltou um item do pedido e a loja não respondeu.,1,698,0,2,0,,respondida,revisao_manual,negada,0.00,0
CON03806,PED044359,2025-05-07,CLI15275,LOJ0245,3,82.54,nao_entregue,"O aplicativo marcou como entregue, mas não recebi o pedido.",1,194,0,2,0,,respondida,negada_ou_retirada,negada,"0,00",0
CON03807,PED043673,2025-05-22,CLI00304,LOJ0033,5,"R$ 107,60",item_faltante,Faltou um item do pedido e a loja não respondeu.,1,129,1,1,0,,respondida,autoaprovada,aprovada,88.95,0
CON03808,PED041305,2025-05-19,CLI16525,LOJ0291,2,110.15,item_faltante,"O pedido chegou incompleto, faltou parte da compra.",1,991,3,1,0,,sem resposta,autoaprovada,aprovada,76.57,1
CON03809,PED046594,2025-05-07,CLI17923,LOJ0360,3,"48,74",pedido_incorreto,Entregaram outro item no lugar do que comprei.,0,1531,2,1,0,,SEM RESPOSTA,revisao_manual,negada,0.00,0
CON03810,PED043535,2025-05-24,CLI03753,LOJ0089,2,85.59,item_faltante,Não recebi todos os itens que estavam na nota.,0,1133,4,2,0,,respondida,autoaprovada,aprovada,48.20,1
CON03811,PED046290,29/05/2025,CLI06546,LOJ0102,3,126.34,pedido_incorreto,Entregaram outro item no lugar do que comprei.,1,2345,2,1,0,,respondida,autoaprovada,aprovada,116.25,0
CON03812,PED040670,2025-05-03,CLI01578,LOJ0137,2,169.95,item_faltante,Não recebi todos os itens que estavam na nota.,1,422,0,2,0,,respondida,autoaprovada,aprovada,144.50,0
CON03813,PED049706,2025-05-16,CLI01884,LOJ0222,3,120.07,item_faltante,"O pedido chegou incompleto, faltou parte da compra.",1,1013,2,1,0,,sem_resposta,autoaprovada,aprovada,"111,26",0
CON03814,PED043996,2025-05-03,CLI07986,LOJ0310,7,53.69,item_faltante,Faltou um item do pedido e a loja não respondeu.,1,78,0,6,0,,respondida,negada_ou_retirada,negada,0.00,0
CON03815,PED040307,2025-05-18,CLI08034,LOJ0337,4,278.64,pedido_incorreto,Recebi produtos diferentes do que selecionei.,1,1395,1,1,1,,respondida,autoaprovada,aprovada,"R$ 248,46",0
CON03816,PED048000,2025-05-05,CLI03964,LOJ0443,6,"100,48",nao_entregue,"Consta entrega concluída, porém nada foi recebido.",1,1818,0,6,0,,respondida,autoaprovada,aprovada,76.04,1
CON03817,PED043110,25/05/2025,CLI06992,LOJ0081,4,134.11,pedido_incorreto,Recebi produtos diferentes do que selecionei.,1,422,2,1,1,,sem resposta,autoaprovada,aprovada,101.48,0
CON03818,PED041026,2025-05-05,CLI04784,LOJ0144,2,"R$ 93,01",pedido_incorreto,Recebi produtos diferentes do que selecionei.,0,852,1,1,0,,respondida,autoaprovada,aprovada,74.23,0
CON03819,PED042323,2025-05-11,CLI17183,LOJ0124,7,80.44,PRODUTO AVARIADO,O produto chegou danificado dentro da sacola.,1,1802,1,2,0,,sem_resposta,negada_ou_retirada,retirada,0.00,0
CON03820,PED047111,2025-05-28,CLI01955,LOJ0394,2,144.49,pedido_incorreto,Entregaram outro item no lugar do que comprei.,1,161,0,1,0,GRP048,SEM RESPOSTA,autoaprovada,aprovada,"65,20",0
CON03821,PED042858,2025-05-05,CLI10067,LOJ0097,3,171.51,produto_avariado,O produto chegou danificado dentro da sacola.,1,1722,0,2,0,,respondida,revisao_manual,aprovada,161.25,0
CON03822,PED048636,2025-05-22,CLI17157,LOJ0240,5,157.55,pedido_incorreto,O pedido veio errado e preciso corrigir a cobrança.,0,1758,0,1,0,,sem resposta,autoaprovada,aprovada,143.41,0
CON03823,PED040800,17/05/2025,CLI00401,LOJ0428,2,"122,78",produto_avariado,O produto chegou danificado dentro da sacola.,1,146,0,1,0,,respondida,autoaprovada,aprovada,101.96,0
CON03824,PED041976,2025-05-31,CLI07720,LOJ0049,2,195.89,item_faltante,Faltou um item do pedido e a loja não respondeu.,0,2056,1,1,0,,respondida,autoaprovada,aprovada,179.48,1
CON03825,PED047758,2025-05-03,CLI14029,LOJ0124,6,78.05,item_faltante,Não recebi todos os itens que estavam na nota.,1,1342,1,4,0,,SEM RESPOSTA,autoaprovada,aprovada,62.67,0
CON03826,PED046888,2025-05-04,CLI06375,LOJ0019,4,161.97,item_faltante,Faltou um item do pedido e a loja não respondeu.,1,1818,2,1,0,,respondida,revisao_manual,aprovada,"R$ 144,15",0
CON03827,PED041519,2025-05-29,CLI03398,LOJ0241,2,121.39,pedido_incorreto,Recebi produtos diferentes do que selecionei.,1,1524,1,1,0,,respondida,autoaprovada,aprovada,"103,87",1
CON03828,PED039912,2025-05-22,CLI01026,LOJ0172,2,66.13,item_faltante,"O pedido chegou incompleto, faltou parte da compra.",1,1747,0,1,0,GRP062,respondida,revisao_manual,aprovada,57.14,0
CON03829,PED041493,05/05/2025,CLI13179,LOJ0360,4,"R$ 109,04",nao_entregue,O pedido não chegou no endereço informado.,0,1580,1,4,0,,respondida,autoaprovada,aprovada,94.42,1
CON03830,PED044990,2025-05-11,CLI09051,LOJ0282,2,"104,23",item_faltante,Faltou um item do pedido e a loja não respondeu.,0,1333,0,1,1,,respondida,revisao_manual,negada,0.00,0
CON03831,PED042359,2025-05-27,CLI04166,LOJ0337,2,140.90,pedido_incorreto,Entregaram outro item no lugar do que comprei.,0,783,0,1,0,,sem_resposta,autoaprovada,aprovada,103.26,0
CON03832,PED045460,2025-05-18,CLI06478,LOJ0129,6,56.16,item_faltante,Faltou um item do pedido e a loja não respondeu.,1,2187,0,6,0,GRP049,respondida,revisao_manual,negada,0.00,0
CON03833,PED043308,2025-05-02,CLI06518,LOJ0196,2,62.21,produto_avariado,A embalagem chegou aberta e o produto estava avariado.,0,730,1,1,0,,sem resposta,autoaprovada,aprovada,57.86,0
CON03834,PED043526,2025-05-15,CLI10317,LOJ0103,6,209.72,pedido_incorreto,Recebi produtos diferentes do que selecionei.,1,902,0,4,0,,respondida,autoaprovada,aprovada,"181,76",0
CON03835,PED046344,06/05/2025,CLI16013,LOJ0430,4,109.61,nao_entregue,"O aplicativo marcou como entregue, mas não recebi o pedido.",1,101,1,2,0,,respondida,autoaprovada,aprovada,99.61,0
CON03836,PED043568,2025-05-09,CLI10753,LOJ0318,2,100.28,item_faltante,Não recebi todos os itens que estavam na nota.,0,1992,0,1,0,,respondida,revisao_manual,aprovada,68.85,0
CON03837,PED046652,2025-05-23,CLI00254,LOJ0290,3,"196,74",pedido_incorreto,Entregaram outro item no lugar do que comprei.,1,321,0,1,0,,sem_resposta,autoaprovada,aprovada,"R$ 182,04",0
CON03838,PED041391,2025-05-24,CLI14876,LOJ0069,2,105.11,item_faltante,"O pedido chegou incompleto, faltou parte da compra.",0,1973,1,2,0,,respondida,autoaprovada,aprovada,93.68,0
CON03839,PED040784,2025-05-31,CLI00848,LOJ0267,6,49.38,pedido_incorreto,Entregaram outro item no lugar do que comprei.,1,319,1,3,0,,SEM RESPOSTA,revisao_manual,negada,0.00,0
CON03840,PED046554,2025-05-23,CLI13604,LOJ0020,4,"R$ 81,64",pedido_incorreto,Entregaram outro item no lugar do que comprei.,1,1786,0,4,0,,sem resposta,autoaprovada,aprovada,76.58,1
CON03841,PED042230,14/05/2025,CLI15687,LOJ0362,4,58.82,nao_entregue,"Consta entrega concluída, porém nada foi recebido.",0,2165,2,2,0,,respondida,negada_ou_retirada,retirada,"0,00",0
CON03842,PED046350,2025-05-08,CLI12428,LOJ0067,3,149.69,ITEM FALTANTE,"O pedido chegou incompleto, faltou parte da compra.",1,120,0,1,0,,respondida,revisao_manual,aprovada,129.46,0
CON03843,PED047045,2025-05-30,CLI17229,LOJ0423,4,104.57,qualidade,A qualidade não correspondeu ao que foi anunciado.,0,1549,1,2,0,,SEM RESPOSTA,autoaprovada,aprovada,71.95,0
CON03844,PED044768,2025-05-17,CLI07960,LOJ0343,5,"100,39",item_faltante,Não recebi todos os itens que estavam na nota.,1,497,1,1,0,,sem_resposta,autoaprovada,aprovada,78.61,0
CON03845,PED043819,2025-05-27,CLI00775,LOJ0382,4,96.26,item_faltante,"O pedido chegou incompleto, faltou parte da compra.",1,805,1,4,0,,sem resposta,autoaprovada,aprovada,67.28,1
CON03846,PED042364,2025-05-02,CLI06383,LOJ0196,5,105.49,produto_avariado,O item vazou durante a entrega e não dava para consumir.,1,1066,1,4,0,,respondida,autoaprovada,aprovada,81.06,0
CON03847,PED040178,15/05/2025,CLI10536,LOJ0232,6,155.62,qualidade,A comida chegou fria e com qualidade abaixo do esperado.,1,676,1,1,1,,sem_resposta,autoaprovada,aprovada,121.21,1
CON03848,PED043611,2025-05-08,CLI05913,LOJ0254,7,102.37,item_faltante,Faltou um item do pedido e a loja não respondeu.,0,1590,1,1,0,,SEM RESPOSTA,autoaprovada,aprovada,"R$ 88,51",0
CON03849,PED040099,2025-05-26,CLI17814,LOJ0226,5,122.00,item_faltante,Não recebi todos os itens que estavam na nota.,1,635,2,2,0,,sem resposta,autoaprovada,aprovada,104.62,0
CON03850,PED044349,2025-05-18,CLI11793,LOJ0356,7,105.41,produto_avariado,O produto chegou danificado dentro da sacola.,1,1705,0,2,0,,SEM RESPOSTA,negada_ou_retirada,retirada,0.00,0
CON03851,PED039606,2025-05-25,CLI17220,LOJ0353,6,"R$ 147,41",qualidade,O produto estava com aparência ruim quando chegou.,1,124,0,1,0,,sem_resposta,autoaprovada,aprovada,67.09,0
CON03852,PED049529,2025-05-17,CLI08116,LOJ0237,2,200.91,pedido_incorreto,O pedido veio errado e preciso corrigir a cobrança.,1,1693,1,1,0,GRP016,sem resposta,autoaprovada,aprovada,169.76,0
CON03853,PED039756,04/05/2025,CLI07586,LOJ0292,7,105.08,nao_entregue,O pedido não chegou no endereço informado.,1,1852,0,4,0,,sem_resposta,autoaprovada,aprovada,58.99,0
CON03854,PED042022,2025-05-26,CLI11650,LOJ0230,2,102.52,produto_avariado,O produto chegou danificado dentro da sacola.,0,144,1,1,0,,respondida,autoaprovada,aprovada,80.76,0
CON03855,PED040937,2025-05-11,CLI13289,LOJ0076,2,93.40,pedido_incorreto,O pedido veio errado e preciso corrigir a cobrança.,1,2237,0,1,0,,SEM RESPOSTA,autoaprovada,aprovada,"86,55",0
CON03856,PED044571,2025-05-20,CLI10989,LOJ0051,3,109.70,nao_entregue,O pedido não chegou no endereço informado.,1,444,1,3,0,,respondida,autoaprovada,aprovada,64.59,0
CON03857,PED042228,2025-05-31,CLI16052,LOJ0234,2,82.25,qualidade,A qualidade não correspondeu ao que foi anunciado.,1,1424,0,1,0,,sem resposta,autoaprovada,aprovada,67.95,0
CON03858,PED041350,2025-05-31,CLI01500,LOJ0049,3,"90,65",pedido_incorreto,O pedido veio errado e preciso corrigir a cobrança.,1,190,3,3,0,GRP042,SEM RESPOSTA,autoaprovada,aprovada,54.57,1
CON03859,PED039789,10/05/2025,CLI01693,LOJ0362,2,76.30,item_faltante,"O pedido chegou incompleto, faltou parte da compra.",1,311,0,1,0,,sem_resposta,autoaprovada,aprovada,"R$ 58,00",1
CON03860,PED041589,2025-05-16,CLI03737,LOJ0132,2,86.25,pedido_incorreto,O pedido veio errado e preciso corrigir a cobrança.,0,2237,1,1,0,GRP099,respondida,autoaprovada,aprovada,51.02,0
CON03861,PED045888,2025-05-10,CLI12748,LOJ0046,3,132.63,item_faltante,Não recebi todos os itens que estavam na nota.,1,2115,0,1,0,,respondida,autoaprovada,aprovada,33.13,0
CON03862,PED042191,2025-05-31,CLI01743,LOJ0296,5,"R$ 37,45",pedido_incorreto,Entregaram outro item no lugar do que comprei.,1,1994,2,4,0,,respondida,revisao_manual,negada,"0,00",0
CON03863,PED042852,2025-05-29,CLI13865,LOJ0080,2,35.62,item_faltante,"O pedido chegou incompleto, faltou parte da compra.",1,1302,0,2,0,,respondida,revisao_manual,negada,0.00,0
CON03864,PED040384,2025-05-16,CLI02859,LOJ0301,4,72.56,qualidade,O produto estava com aparência ruim quando chegou.,1,2160,0,3,0,,sem resposta,autoaprovada,aprovada,67.30,0
CON03865,PED039557,03/05/2025,CLI06036,LOJ0114,5,"113,44",PEDIDO INCORRETO,O pedido veio errado e preciso corrigir a cobrança.,1,1969,0,1,0,,respondida,negada_ou_retirada,negada,0.00,0
CON03866,PED046852,2025-05-30,CLI07495,LOJ0378,7,112.47,pedido_incorreto,Recebi produtos diferentes do que selecionei.,1,1871,0,7,0,GRP116,respondida,autoaprovada,aprovada,39.89,1
CON03867,PED046744,2025-05-02,CLI10084,LOJ0022,3,112.73,nao_entregue,O pedido não chegou no endereço informado.,1,1898,0,2,0,,respondida,autoaprovada,aprovada,86.73,0
CON03868,PED042845,2025-05-12,CLI02321,LOJ0287,3,67.19,item_faltante,Faltou um item do pedido e a loja não respondeu.,1,342,0,2,0,,respondida,autoaprovada,aprovada,54.88,0
CON03869,PED049385,2025-05-16,CLI11275,LOJ0196,2,95.31,pedido_incorreto,Recebi produtos diferentes do que selecionei.,1,1867,1,1,0,,respondida,autoaprovada,aprovada,"70,86",0
CON03870,PED048160,2025-05-31,CLI14704,LOJ0141,5,136.63,item_faltante,Não recebi todos os itens que estavam na nota.,1,982,1,2,0,,respondida,negada_ou_retirada,retirada,"R$ 0,00",0
CON03871,PED043043,27/05/2025,CLI14714,LOJ0357,7,162.43,item_faltante,Faltou um item do pedido e a loja não respondeu.,1,275,0,5,0,,sem_resposta,autoaprovada,aprovada,125.35,1
CON03872,PED048871,2025-05-31,CLI07648,LOJ0197,6,"83,04",produto_avariado,O item vazou durante a entrega e não dava para consumir.,1,431,0,6,0,,respondida,revisao_manual,negada,0.00,0
CON03873,PED046896,2025-05-28,CLI17082,LOJ0384,3,"R$ 77,01",item_faltante,Faltou um item do pedido e a loja não respondeu.,0,1297,0,2,0,,respondida,autoaprovada,aprovada,70.08,0
CON03874,PED043597,2025-05-27,CLI15750,LOJ0177,6,136.37,item_faltante,Não recebi todos os itens que estavam na nota.,0,652,0,2,0,,SEM RESPOSTA,autoaprovada,aprovada,113.36,0
CON03875,PED041466,2025-05-24,CLI12619,LOJ0312,3,253.88,pedido_incorreto,Recebi produtos diferentes do que selecionei.,0,2348,0,1,0,,sem resposta,autoaprovada,aprovada,225.07,0
CON03876,PED039806,2025-05-04,CLI10565,LOJ0129,2,75.81,nao_entregue,"Consta entrega concluída, porém nada foi recebido.",1,381,1,1,0,,respondida,revisao_manual,negada,"0,00",0
CON03877,PED048762,26/05/2025,CLI10753,LOJ0448,2,112.31,produto_avariado,O item vazou durante a entrega e não dava para consumir.,1,1593,1,1,0,,respondida,autoaprovada,aprovada,92.75,1
CON03878,PED043609,2025-05-14,CLI07390,LOJ0404,2,30.88,item_faltante,"O pedido chegou incompleto, faltou parte da compra.",1,922,1,2,0,,respondida,negada_ou_retirada,retirada,0.00,0
CON03879,PED048951,2025-05-23,CLI17670,LOJ0005,5,"188,87",nao_entregue,O pedido não chegou no endereço informado.,1,2148,1,1,0,,respondida,autoaprovada,aprovada,168.12,0
CON03880,PED041278,2025-05-16,CLI07802,LOJ0408,2,82.92,pedido_incorreto,Recebi produtos diferentes do que selecionei.,0,644,1,1,0,,SEM RESPOSTA,autoaprovada,aprovada,55.52,1
CON03881,PED046685,2025-05-23,CLI02177,LOJ0425,3,139.44,qualidade,O produto estava com aparência ruim quando chegou.,1,1332,0,1,0,,sem_resposta,autoaprovada,aprovada,"R$ 102,32",1
CON03882,PED048599,2025-05-30,CLI17341,LOJ0088,3,136.31,item_faltante,"O pedido chegou incompleto, faltou parte da compra.",1,1777,3,1,0,GRP034,respondida,autoaprovada,aprovada,105.84,1
CON03883,PED039896,28/05/2025,CLI11137,LOJ0117,3,130.02,nao_entregue,"Consta entrega concluída, porém nada foi recebido.",1,595,0,2,1,,respondida,autoaprovada,aprovada,"111,10",1
CON03884,PED042729,2025-05-18,CLI09290,LOJ0408,4,"R$ 82,89",produto_avariado,O item vazou durante a entrega e não dava para consumir.,1,1224,0,4,0,GRP025,respondida,autoaprovada,aprovada,39.84,0
CON03885,PED046713,2025-05-29,CLI16593,LOJ0267,2,116.26,produto_avariado,O produto chegou danificado dentro da sacola.,1,18,0,1,0,,sem resposta,autoaprovada,aprovada,61.45,0
CON03886,PED046739,2025-05-13,CLI06047,LOJ0061,7,"100,62",qualidade,O produto estava com aparência ruim quando chegou.,1,972,0,1,0,,respondida,autoaprovada,aprovada,75.11,0
CON03887,PED040340,2025-05-05,CLI11245,LOJ0291,5,114.27,item_faltante,Não recebi todos os itens que estavam na nota.,0,1429,5,4,0,,respondida,negada_ou_retirada,retirada,0.00,0
CON03888,PED044275,2025-05-21,CLI00352,LOJ0284,7,75.07,PRODUTO AVARIADO,O item vazou durante a entrega e não dava para consumir.,1,1731,2,1,0,,sem_resposta,autoaprovada,aprovada,45.24,0
CON03889,PED041024,20/05/2025,CLI09397,LOJ0170,7,111.58,nao_entregue,O pedido não chegou no endereço informado.,1,2216,0,6,0,,SEM RESPOSTA,negada_ou_retirada,negada,0.00,0
CON03890,PED043541,2025-05-09,CLI09354,LOJ0333,7,65.92,pedido_incorreto,Entregaram outro item no lugar do que comprei.,1,1439,1,6,0,,respondida,revisao_manual,negada,"0,00",0
CON03891,PED039554,2025-05-12,CLI15415,LOJ0231,3,77.39,pedido_incorreto,Entregaram outro item no lugar do que comprei.,1,1237,0,1,0,,respondida,autoaprovada,aprovada,31.68,0
CON03892,PED049639,2025-05-02,CLI10921,LOJ0330,2,72.89,produto_avariado,A embalagem chegou aberta e o produto estava avariado.,1,1373,2,1,0,,respondida,revisao_manual,negada,"R$ 0,00",0
CON03893,PED044580,2025-05-03,CLI07003,LOJ0049,7,"81,71",produto_avariado,O produto chegou danificado dentro da sacola.,1,356,0,7,0,,respondida,negada_ou_retirada,retirada,0.00,0
CON03894,PED042055,2025-05-17,CLI16357,LOJ0381,4,121.33,pedido_incorreto,Recebi produtos diferentes do que selecionei.,1,173,1,3,0,,respondida,autoaprovada,aprovada,102.40,0
CON03895,PED044692,31/05/2025,CLI14415,LOJ0252,4,"R$ 64,83",nao_entregue,"O aplicativo marcou como entregue, mas não recebi o pedido.",1,752,2,1,0,,respondida,autoaprovada,aprovada,52.65,0
CON03896,PED040872,2025-05-14,CLI03923,LOJ0337,7,139.80,item_faltante,Faltou um item do pedido e a loja não respondeu.,0,687,0,1,0,,sem resposta,revisao_manual,aprovada,71.75,0
CON03897,PED043979,2025-05-02,CLI04465,LOJ0093,5,77.98,item_faltante,"O pedido chegou incompleto, faltou parte da compra.",1,1959,1,1,0,,respondida,autoaprovada,aprovada,"40,76",0
CON03898,PED046423,2025-05-28,CLI10744,LOJ0126,4,156.41,produto_avariado,O produto chegou danificado dentro da sacola.,1,1038,0,2,0,,SEM RESPOSTA,autoaprovada,aprovada,133.01,0
CON03899,PED041500,2025-05-07,CLI00920,LOJ0396,3,65.63,qualidade,A qualidade não correspondeu ao que foi anunciado.,1,1935,0,2,0,,sem_resposta,revisao_manual,negada,0.00,0
CON03900,PED047319,2025-05-21,CLI06533,LOJ0194,6,"144,81",nao_entregue,O pedido não chegou no endereço informado.,1,853,3,3,0,,sem resposta,autoaprovada,aprovada,83.19,1
CON03901,PED043240,04/05/2025,CLI09302,LOJ0122,2,127.16,pedido_incorreto,Entregaram outro item no lugar do que comprei.,1,1694,2,1,0,,respondida,autoaprovada,aprovada,63.35,0
CON03902,PED045456,2025-05-17,CLI03272,LOJ0195,7,182.88,pedido_incorreto,Recebi produtos diferentes do que selecionei.,1,926,0,1,0,,respondida,autoaprovada,aprovada,90.82,0
CON03903,PED049386,2025-05-28,CLI11880,LOJ0214,2,49.82,nao_entregue,"Consta entrega concluída, porém nada foi recebido.",1,1214,2,2,0,,respondida,negada_ou_retirada,negada,"R$ 0,00",0
CON03904,PED046135,2025-05-07,CLI01931,LOJ0400,2,131.34,qualidade,A qualidade não correspondeu ao que foi anunciado.,1,2217,0,1,0,,respondida,autoaprovada,aprovada,"119,60",0
CON03905,PED045333,2025-05-20,CLI02438,LOJ0391,2,91.56,pedido_incorreto,O pedido veio errado e preciso corrigir a cobrança.,1,1817,0,1,0,,sem_resposta,autoaprovada,aprovada,63.46,0
CON03906,PED049332,2025-05-10,CLI11433,LOJ0057,2,"R$ 86,92",qualidade,A comida chegou fria e com qualidade abaixo do esperado.,1,290,0,1,0,GRP124,respondida,revisao_manual,negada,0.00,0
CON03907,PED043148,13/05/2025,CLI16356,LOJ0302,6,"240,73",qualidade,A qualidade não correspondeu ao que foi anunciado.,1,1552,1,5,0,,respondida,revisao_manual,aprovada,230.14,0
CON03908,PED042875,2025-05-15,CLI00301,LOJ0202,2,113.05,item_faltante,"O pedido chegou incompleto, faltou parte da compra.",0,1534,0,1,0,,respondida,autoaprovada,aprovada,87.21,0
CON03909,PED044432,2025-05-01,CLI00451,LOJ0383,5,109.21,pedido_incorreto,Entregaram outro item no lugar do que comprei.,0,898,0,5,0,,respondida,autoaprovada,aprovada,71.38,1
CON03910,PED049118,2025-05-08,CLI11984,LOJ0092,5,137.91,pedido_incorreto,Entregaram outro item no lugar do que comprei.,1,1411,6,1,0,,SEM RESPOSTA,revisao_manual,negada,0.00,0
CON03911,PED049398,2025-05-25,CLI11272,LOJ0020,4,72.40,PEDIDO INCORRETO,O pedido veio errado e preciso corrigir a cobrança.,1,1210,5,1,0,GRP069,sem resposta,negada_ou_retirada,retirada,"0,00",0
CON03912,PED040623,2025-05-20,CLI10978,LOJ0104,7,91.43,qualidade,A comida chegou fria e com qualidade abaixo do esperado.,1,110,1,2,0,,respondida,autoaprovada,aprovada,51.85,0
CON03913,PED045534,22/05/2025,CLI01405,LOJ0011,2,76.86,pedido_incorreto,O pedido veio errado e preciso corrigir a cobrança.,1,1398,1,1,0,,SEM RESPOSTA,revisao_manual,negada,0.00,0
CON03914,PED044890,2025-05-23,CLI17754,LOJ0328,6,"159,19",pedido_incorreto,O pedido veio errado e preciso corrigir a cobrança.,1,2247,1,2,0,,sem_resposta,autoaprovada,aprovada,"R$ 132,83",0
CON03915,PED042176,2025-05-04,CLI10150,LOJ0095,6,129.94,nao_entregue,O pedido não chegou no endereço informado.,1,361,0,3,0,GRP027,respondida,autoaprovada,aprovada,111.95,0
CON03916,PED054790,2025-06-24,CLI10485,LOJ0316,7,150.67,produto_avariado,O item vazou durante a entrega e não dava para consumir.,1,111,2,3,0,,respondida,autoaprovada,aprovada,132.09,1
CON03917,PED058039,2025-06-30,CLI14266,LOJ0116,3,"R$ 101,69",item_faltante,"O pedido chegou incompleto, faltou parte da compra.",1,1353,0,1,0,,respondida,autoaprovada,aprovada,85.64,0
CON03918,PED050247,2025-06-09,CLI12944,LOJ0329,2,40.22,item_faltante,Não recebi todos os itens que estavam na nota.,1,2252,2,2,0,,respondida,revisao_manual,negada,"0,00",0
CON03919,PED050270,21/06/2025,CLI13060,LOJ0409,2,111.33,nao_entregue,O pedido não chegou no endereço informado.,1,458,1,1,0,,respondida,autoaprovada,aprovada,78.81,0
CON03920,PED053497,2025-06-22,CLI15298,LOJ0288,6,136.12,item_faltante,Não recebi todos os itens que estavam na nota.,0,296,1,1,0,,respondida,autoaprovada,aprovada,118.16,1
CON03921,PED050378,2025-06-02,CLI04869,LOJ0042,5,"95,30",qualidade,O produto estava com aparência ruim quando chegou.,1,1551,0,1,0,,respondida,autoaprovada,aprovada,76.39,0
CON03922,PED050919,2025-06-06,CLI11417,LOJ0229,2,130.12,qualidade,O produto estava com aparência ruim quando chegou.,1,1637,0,1,0,,respondida,autoaprovada,aprovada,94.26,0
CON03923,PED051605,2025-06-07,CLI11535,LOJ0245,3,62.94,qualidade,A qualidade não correspondeu ao que foi anunciado.,0,1573,0,1,0,,sem resposta,autoaprovada,aprovada,44.72,1
CON03924,PED059278,2025-06-21,CLI02220,LOJ0271,7,124.63,pedido_incorreto,Recebi produtos diferentes do que selecionei.,0,1446,0,7,0,,sem_resposta,autoaprovada,aprovada,96.36,0
CON03925,PED060000,18/06/2025,CLI04704,LOJ0329,7,141.42,pedido_incorreto,Recebi produtos diferentes do que selecionei.,1,1412,1,3,0,,SEM RESPOSTA,autoaprovada,aprovada,"R$ 117,68",0
CON03926,PED058344,2025-06-25,CLI02682,LOJ0119,5,93.19,pedido_incorreto,Recebi produtos diferentes do que selecionei.,0,2334,1,3,0,,sem resposta,autoaprovada,aprovada,45.21,0
CON03927,PED058522,2025-06-30,CLI09863,LOJ0193,4,107.71,item_faltante,"O pedido chegou incompleto, faltou parte da compra.",0,477,1,4,0,,respondida,revisao_manual,aprovada,83.87,0
CON03928,PED057944,2025-06-30,CLI15473,LOJ0308,2,"R$ 129,07",qualidade,A qualidade não correspondeu ao que foi anunciado.,1,1434,0,1,0,,SEM RESPOSTA,negada_ou_retirada,retirada,0.00,0
CON03929,PED056620,2025-06-21,CLI09199,LOJ0338,6,150.82,qualidade,A comida chegou fria e com qualidade abaixo do esperado.,1,2014,1,1,0,,sem_resposta,revisao_manual,aprovada,133.03,0
CON03930,PED055050,2025-06-05,CLI10191,LOJ0186,2,158.04,nao_entregue,"Consta entrega concluída, porém nada foi recebido.",1,155,0,1,0,,sem resposta,autoaprovada,aprovada,126.49,1
CON03931,PED050164,08/06/2025,CLI09181,LOJ0407,3,52.07,pedido_incorreto,Recebi produtos diferentes do que selecionei.,0,2302,0,2,0,,sem_resposta,revisao_manual,negada,0.00,0
CON03932,PED051104,2025-06-15,CLI09411,LOJ0150,7,81.50,pedido_incorreto,Recebi produtos diferentes do que selecionei.,1,21,5,6,0,,SEM RESPOSTA,autoaprovada,aprovada,"51,48",0
CON03933,PED050271,2025-06-16,CLI13883,LOJ0341,6,117.19,produto_avariado,A embalagem chegou aberta e o produto estava avariado.,1,1473,1,6,1,,sem resposta,autoaprovada,aprovada,82.56,1
CON03934,PED056323,2025-06-13,CLI17020,LOJ0107,6,96.31,PEDIDO INCORRETO,O pedido veio errado e preciso corrigir a cobrança.,0,1666,0,5,0,,respondida,negada_ou_retirada,retirada,0.00,0
CON03935,PED053935,2025-06-07,CLI16963,LOJ0037,4,"73,06",pedido_incorreto,Entregaram outro item no lugar do que comprei.,1,2124,1,2,0,,respondida,autoaprovada,aprovada,51.94,0
CON03936,PED059189,2025-06-29,CLI17905,LOJ0397,5,75.60,item_faltante,Não recebi todos os itens que estavam na nota.,1,1165,2,1,0,,SEM RESPOSTA,autoaprovada,aprovada,"R$ 53,78",0
CON03937,PED059981,26/06/2025,CLI08090,LOJ0114,4,64.85,produto_avariado,O produto chegou danificado dentro da sacola.,1,2359,1,4,0,,respondida,autoaprovada,aprovada,58.02,0
CON03938,PED052591,2025-06-15,CLI04296,LOJ0168,4,98.58,pedido_incorreto,Entregaram outro item no lugar do que comprei.,1,1301,1,1,0,,sem_resposta,autoaprovada,aprovada,53.20,0
CON03939,PED054492,2025-06-12,CLI03985,LOJ0146,4,"R$ 83,01",pedido_incorreto,Entregaram outro item no lugar do que comprei.,1,1234,1,3,1,,respondida,revisao_manual,aprovada,"48,22",1
CON03940,PED056405,2025-06-02,CLI11439,LOJ0442,3,84.77,item_faltante,Não recebi todos os itens que estavam na nota.,1,2262,1,3,0,,respondida,autoaprovada,aprovada,58.16,0
CON03941,PED053844,2025-06-25,CLI03162,LOJ0186,3,100.28,item_faltante,"O pedido chegou incompleto, faltou parte da compra.",1,1016,0,2,0,,respondida,autoaprovada,aprovada,74.25,0
CON03942,PED050937,2025-06-01,CLI00304,LOJ0308,3,"108,14",produto_avariado,O produto chegou danificado dentro da sacola.,0,398,0,1,0,GRP001,respondida,autoaprovada,aprovada,97.90,0
CON03943,PED052396,14/06/2025,CLI08661,LOJ0109,6,82.71,item_faltante,Faltou um item do pedido e a loja não respondeu.,1,1699,0,3,0,,sem resposta,autoaprovada,aprovada,57.38,0
CON03944,PED056526,2025-06-30,CLI11941,LOJ0322,2,159.60,item_faltante,Faltou um item do pedido e a loja não respondeu.,1,1902,1,1,0,,respondida,revisao_manual,aprovada,147.45,0
CON03945,PED050030,2025-06-01,CLI08052,LOJ0080,3,100.19,pedido_incorreto,O pedido veio errado e preciso corrigir a cobrança.,1,2018,0,3,1,,sem_resposta,revisao_manual,negada,0.00,0
CON03946,PED059650,2025-06-05,CLI07811,LOJ0179,2,133.78,pedido_incorreto,Recebi produtos diferentes do que selecionei.,1,140,0,1,0,,respondida,autoaprovada,aprovada,"110,84",1
CON03947,PED051846,2025-06-24,CLI06175,LOJ0318,7,153.60,pedido_incorreto,Recebi produtos diferentes do que selecionei.,1,1842,0,5,0,,SEM RESPOSTA,autoaprovada,aprovada,"R$ 118,87",0
CON03948,PED059628,2025-06-29,CLI00532,LOJ0124,2,47.30,item_faltante,Faltou um item do pedido e a loja não respondeu.,1,1771,1,1,1,,sem resposta,negada_ou_retirada,retirada,0.00,0
CON03949,PED053116,02/06/2025,CLI08244,LOJ0327,4,"94,84",pedido_incorreto,Recebi produtos diferentes do que selecionei.,1,1715,0,2,0,,SEM RESPOSTA,autoaprovada,aprovada,54.79,0
CON03950,PED055439,2025-06-27,CLI08341,LOJ0032,7,"R$ 81,39",item_faltante,"O pedido chegou incompleto, faltou parte da compra.",1,1640,0,6,0,,respondida,autoaprovada,aprovada,77.13,0
CON03951,PED057998,2025-06-09,CLI16009,LOJ0181,5,112.78,item_faltante,Faltou um item do pedido e a loja não respondeu.,1,670,1,3,0,,respondida,autoaprovada,aprovada,82.57,0
CON03952,PED055030,2025-06-21,CLI10393,LOJ0286,4,214.35,item_faltante,"O pedido chegou incompleto, faltou parte da compra.",1,99,1,4,0,,sem_resposta,autoaprovada,aprovada,84.29,1
CON03953,PED051339,2025-06-26,CLI04541,LOJ0313,3,144.52,produto_avariado,O item vazou durante a entrega e não dava para consumir.,1,1970,1,3,0,,sem resposta,autoaprovada,aprovada,"121,65",0
CON03954,PED053025,2025-06-26,CLI10339,LOJ0275,5,186.90,nao_entregue,"O aplicativo marcou como entregue, mas não recebi o pedido.",1,1159,1,1,1,,respondida,autoaprovada,aprovada,157.01,0
CON03955,PED050371,13/06/2025,CLI12560,LOJ0216,2,125.69,pedido_incorreto,Recebi produtos diferentes do que selecionei.,1,130,1,2,0,,respondida,autoaprovada,aprovada,67.25,0
CON03956,PED059632,2025-06-10,CLI03770,LOJ0217,4,"123,96",item_faltante,Faltou um item do pedido e a loja não respondeu.,1,239,1,2,1,,respondida,autoaprovada,aprovada,90.14,0
CON03957,PED055760,2025-06-03,CLI04714,LOJ0194,2,82.72,NAO ENTREGUE,"O aplicativo marcou como entregue, mas não recebi o pedido.",1,1610,1,1,0,GRP128,sem_resposta,revisao_manual,aprovada,70.27,1
CON03958,PED055150,2025-06-28,CLI01118,LOJ0287,3,112.80,item_faltante,Faltou um item do pedido e a loja não respondeu.,0,2359,0,2,0,,SEM RESPOSTA,autoaprovada,aprovada,"R$ 80,54",0
CON03959,PED054562,2025-06-18,CLI07263,LOJ0439,7,69.33,produto_avariado,A embalagem chegou aberta e o produto estava avariado.,1,2074,0,4,0,,respondida,revisao_manual,negada,0.00,0
CON03960,PED057306,2025-06-15,CLI02112,LOJ0114,5,101.23,item_faltante,"O pedido chegou incompleto, faltou parte da compra.",1,946,3,4,0,,sem resposta,revisao_manual,aprovada,"81,94",0
CON03961,PED052448,30/06/2025,CLI01535,LOJ0339,5,"R$ 146,81",item_faltante,Faltou um item do pedido e a loja não respondeu.,1,1259,0,3,0,,SEM RESPOSTA,revisao_manual,aprovada,112.88,0
CON03962,PED052445,2025-06-02,CLI04273,LOJ0290,7,175.20,pedido_incorreto,Entregaram outro item no lugar do que comprei.,0,980,0,3,0,,respondida,autoaprovada,aprovada,152.89,0
CON03963,PED057727,2025-06-29,CLI01379,LOJ0250,2,"129,97",qualidade,A comida chegou fria e com qualidade abaixo do esperado.,1,849,0,1,1,,sem_resposta,autoaprovada,aprovada,55.95,0
CON03964,PED056712,2025-06-02,CLI16588,LOJ0243,7,123.61,item_faltante,Não recebi todos os itens que estavam na nota.,1,942,0,7,0,,sem resposta,revisao_manual,aprovada,87.33,0
CON03965,PED056543,2025-06-25,CLI09923,LOJ0147,2,152.71,produto_avariado,O item vazou durante a entrega e não dava para consumir.,1,877,1,1,0,,sem_resposta,autoaprovada,aprovada,140.57,0
CON03966,PED050071,2025-06-26,CLI11595,LOJ0103,2,100.56,item_faltante,Faltou um item do pedido e a loja não respondeu.,1,25,2,1,0,,SEM RESPOSTA,autoaprovada,aprovada,48.02,0
CON03967,PED053206,24/06/2025,CLI09895,LOJ0432,2,246.10,nao_entregue,O pedido não chegou no endereço informado.,1,188,0,1,0,,respondida,autoaprovada,aprovada,"213,04",0
CON03968,PED051568,2025-06-02,CLI08150,LOJ0022,4,73.03,item_faltante,Faltou um item do pedido e a loja não respondeu.,1,392,4,3,0,,respondida,autoaprovada,aprovada,66.13,1
CON03969,PED059349,2025-06-17,CLI17622,LOJ0274,5,99.04,produto_avariado,O produto chegou danificado dentro da sacola.,1,1695,0,1,0,,respondida,autoaprovada,aprovada,"R$ 53,94",0
CON03970,PED056522,2025-06-11,CLI06786,LOJ0252,7,"65,59",item_faltante,Não recebi todos os itens que estavam na nota.,1,2199,0,5,0,GRP024,sem resposta,revisao_manual,negada,0.00,0
CON03971,PED059444,2025-06-26,CLI00718,LOJ0371,5,144.23,produto_avariado,O produto chegou danificado dentro da sacola.,1,2238,2,3,0,,respondida,autoaprovada,aprovada,133.93,0
CON03972,PED052008,2025-06-15,CLI11695,LOJ0210,3,"R$ 75,26",qualidade,A qualidade não correspondeu ao que foi anunciado.,1,2055,1,2,0,,respondida,autoaprovada,aprovada,66.48,0
CON03973,PED059540,20/06/2025,CLI09213,LOJ0239,4,65.20,item_faltante,Faltou um item do pedido e a loja não respondeu.,1,2013,0,3,0,,respondida,autoaprovada,aprovada,29.93,0
CON03974,PED051450,2025-06-22,CLI17921,LOJ0277,2,160.37,pedido_incorreto,Entregaram outro item no lugar do que comprei.,1,1829,0,1,0,,respondida,autoaprovada,aprovada,"125,71",0
CON03975,PED053625,2025-06-30,CLI01136,LOJ0038,2,89.25,pedido_incorreto,O pedido veio errado e preciso corrigir a cobrança.,1,1582,1,2,1,,respondida,autoaprovada,aprovada,65.49,1
CON03976,PED050697,2025-06-14,CLI03374,LOJ0159,4,98.15,item_faltante,Faltou um item do pedido e a loja não respondeu.,1,482,1,1,0,,SEM RESPOSTA,revisao_manual,aprovada,85.18,0
CON03977,PED052718,2025-06-27,CLI14471,LOJ0153,7,"56,98",qualidade,A comida chegou fria e com qualidade abaixo do esperado.,0,1321,1,1,0,,sem_resposta,negada_ou_retirada,retirada,0.00,0
CON03978,PED057973,2025-06-16,CLI06881,LOJ0129,4,120.18,qualidade,O produto estava com aparência ruim quando chegou.,0,2152,1,1,0,,sem resposta,autoaprovada,aprovada,111.05,0
CON03979,PED058430,09/06/2025,CLI13426,LOJ0264,3,61.72,item_faltante,Faltou um item do pedido e a loja não respondeu.,0,2069,2,1,0,,sem_resposta,negada_ou_retirada,negada,0.00,0
CON03980,PED050319,2025-06-24,CLI12354,LOJ0082,5,132.62,ITEM FALTANTE,Não recebi todos os itens que estavam na nota.,0,57,1,1,0,,respondida,negada_ou_retirada,retirada,"R$ 0,00",0
CON03981,PED054276,2025-06-20,CLI11460,LOJ0317,6,81.40,item_faltante,Faltou um item do pedido e a loja não respondeu.,1,908,2,1,1,,respondida,autoaprovada,aprovada,"45,28",0
CON03982,PED050973,2025-06-27,CLI04334,LOJ0328,7,215.03,produto_avariado,O item vazou durante a entrega e não dava para consumir.,1,1543,2,3,0,,respondida,autoaprovada,aprovada,190.63,0
CON03983,PED053362,2025-06-25,CLI14982,LOJ0051,5,"R$ 111,62",pedido_incorreto,O pedido veio errado e preciso corrigir a cobrança.,1,600,1,5,0,,respondida,autoaprovada,aprovada,93.34,1
CON03984,PED052922,2025-06-26,CLI07187,LOJ0320,6,"117,60",item_faltante,"O pedido chegou incompleto, faltou parte da compra.",1,1078,1,1,0,,respondida,autoaprovada,aprovada,94.37,0
CON03985,PED058864,02/06/2025,CLI09134,LOJ0255,5,167.65,pedido_incorreto,Entregaram outro item no lugar do que comprei.,1,2049,0,3,0,,SEM RESPOSTA,autoaprovada,aprovada,156.60,0
CON03986,PED052209,2025-06-25,CLI17614,LOJ0025,7,190.60,nao_entregue,"O aplicativo marcou como entregue, mas não recebi o pedido.",1,234,1,6,0,,sem resposta,autoaprovada,aprovada,166.59,1
CON03987,PED052665,2025-06-29,CLI13346,LOJ0158,7,151.93,qualidade,O produto estava com aparência ruim quando chegou.,0,2035,1,3,0,,respondida,revisao_manual,aprovada,116.56,0
CON03988,PED057989,2025-06-12,CLI11246,LOJ0368,6,88.40,qualidade,O produto estava com aparência ruim quando chegou.,1,1143,0,3,0,,SEM RESPOSTA,negada_ou_retirada,negada,"0,00",0
CON03989,PED056062,2025-06-27,CLI06868,LOJ0220,7,148.41,nao_entregue,O pedido não chegou no endereço informado.,0,1963,0,5,0,,sem_resposta,autoaprovada,aprovada,113.14,0
CON03990,PED058683,2025-06-12,CLI13717,LOJ0312,7,40.19,item_faltante,Não recebi todos os itens que estavam na nota.,1,2302,1,7,0,,sem resposta,revisao_manual,negada,0.00,0
CON03991,PED050530,06/06/2025,CLI12032,LOJ0439,6,"34,34",item_faltante,Não recebi todos os itens que estavam na nota.,1,664,1,5,0,,sem_resposta,revisao_manual,negada,"R$ 0,00",0
CON03992,PED058070,2025-06-22,CLI04947,LOJ0389,3,101.05,item_faltante,"O pedido chegou incompleto, faltou parte da compra.",1,469,0,2,0,,SEM RESPOSTA,autoaprovada,aprovada,76.75,0
CON03993,PED056487,2025-06-30,CLI17162,LOJ0228,7,67.86,item_faltante,"O pedido chegou incompleto, faltou parte da compra.",1,1734,0,4,0,,sem resposta,negada_ou_retirada,retirada,0.00,0
CON03994,PED051277,2025-06-04,CLI07831,LOJ0410,7,"R$ 87,84",qualidade,O produto estava com aparência ruim quando chegou.,1,2299,0,4,0,,SEM RESPOSTA,autoaprovada,aprovada,48.76,1
CON03995,PED054804,2025-06-20,CLI11601,LOJ0244,2,112.41,qualidade,O produto estava com aparência ruim quando chegou.,0,81,0,1,0,,sem_resposta,revisao_manual,aprovada,"84,49",1
CON03996,PED057911,2025-06-01,CLI07887,LOJ0438,4,161.51,qualidade,A comida chegou fria e com qualidade abaixo do esperado.,0,1751,0,1,0,,sem resposta,revisao_manual,aprovada,137.57,1
CON03997,PED056524,29/06/2025,CLI03993,LOJ0260,3,110.91,item_faltante,Faltou um item do pedido e a loja não respondeu.,0,1494,2,1,0,,sem_resposta,autoaprovada,aprovada,77.47,0
CON03998,PED057628,2025-06-20,CLI17434,LOJ0164,4,"122,50",pedido_incorreto,Entregaram outro item no lugar do que comprei.,1,1809,3,3,0,,SEM RESPOSTA,autoaprovada,aprovada,86.21,0
CON03999,PED057556,2025-06-20,CLI03679,LOJ0261,6,116.05,item_faltante,Não recebi todos os itens que estavam na nota.,1,995,4,3,0,GRP024,sem resposta,revisao_manual,aprovada,86.47,0
CON04000,PED059421,2025-06-03,CLI04288,LOJ0347,2,195.22,nao_entregue,"Consta entrega concluída, porém nada foi recebido.",1,2017,1,2,0,,respondida,autoaprovada,aprovada,184.62,1
CON04001,PED051686,2025-06-30,CLI14934,LOJ0048,5,63.82,qualidade,A comida chegou fria e com qualidade abaixo do esperado.,0,1142,0,5,1,,respondida,autoaprovada,aprovada,41.86,1
CON04002,PED051776,2025-06-15,CLI12705,LOJ0369,7,72.89,nao_entregue,"O aplicativo marcou como entregue, mas não recebi o pedido.",0,2167,0,7,0,GRP004,respondida,negada_ou_retirada,negada,"R$ 0,00",0
CON04003,PED056221,14/06/2025,CLI08402,LOJ0184,7,97.85,NAO ENTREGUE,"O aplicativo marcou como entregue, mas não recebi o pedido.",1,587,0,1,0,,respondida,revisao_manual,aprovada,87.44,0
CON04004,PED058818,2025-06-30,CLI03047,LOJ0087,2,148.11,nao_entregue,"Consta entrega concluída, porém nada foi recebido.",1,1911,2,1,0,,respondida,autoaprovada,aprovada,127.98,0
CON04005,PED057624,2025-06-12,CLI00408,LOJ0407,4,"R$ 109,93",item_faltante,Faltou um item do pedido e a loja não respondeu.,1,187,1,2,0,,SEM RESPOSTA,revisao_manual,aprovada,102.06,1
CON04006,PED059466,2025-06-23,CLI17129,LOJ0156,3,115.38,pedido_incorreto,Recebi produtos diferentes do que selecionei.,1,1332,2,2,0,,sem_resposta,autoaprovada,aprovada,98.33,0
CON04007,PED051953,2025-06-07,CLI10034,LOJ0424,6,156.32,produto_avariado,O item vazou durante a entrega e não dava para consumir.,1,269,1,6,0,,respondida,autoaprovada,aprovada,120.89,0
CON04008,PED058028,2025-06-17,CLI15750,LOJ0267,4,160.27,pedido_incorreto,Entregaram outro item no lugar do que comprei.,0,868,0,3,0,,sem resposta,autoaprovada,aprovada,146.58,0
CON04009,PED057300,15/06/2025,CLI13377,LOJ0255,2,85.82,produto_avariado,O item vazou durante a entrega e não dava para consumir.,1,2056,0,1,0,,sem_resposta,autoaprovada,aprovada,"63,76",0
CON04010,PED055339,2025-06-26,CLI14073,LOJ0389,3,119.64,item_faltante,Faltou um item do pedido e a loja não respondeu.,0,542,2,1,0,,respondida,autoaprovada,aprovada,100.96,0
CON04011,PED051517,2025-06-11,CLI15481,LOJ0340,2,162.15,qualidade,,0,393,1,1,0,,SEM RESPOSTA,revisao_manual,aprovada,128.18,1
CON04012,PED057725,2025-06-13,CLI02893,LOJ0353,2,"133,74",produto_avariado,A embalagem chegou aberta e o produto estava avariado.,0,531,0,1,0,,sem resposta,autoaprovada,aprovada,119.28,0
CON04013,PED050458,2025-06-09,CLI11314,LOJ0112,3,78.89,qualidade,A qualidade não correspondeu ao que foi anunciado.,1,2080,1,1,0,,SEM RESPOSTA,revisao_manual,aprovada,"R$ 72,17",1
CON04014,PED057880,2025-06-08,CLI08141,LOJ0331,5,104.85,item_faltante,Faltou um item do pedido e a loja não respondeu.,1,2031,2,3,0,,respondida,autoaprovada,aprovada,89.06,0
CON04015,PED052625,06/06/2025,CLI08586,LOJ0045,6,78.28,qualidade,O produto estava com aparência ruim quando chegou.,1,679,1,2,0,GRP008,sem_resposta,autoaprovada,aprovada,42.58,0
CON04016,PED055479,2025-06-27,CLI08901,LOJ0425,3,"R$ 130,37",qualidade,A comida chegou fria e com qualidade abaixo do esperado.,1,1282,0,2,0,,sem resposta,autoaprovada,aprovada,"120,27",0
CON04017,PED054887,2025-06-23,CLI14148,LOJ0360,2,99.50,nao_entregue,O pedido não chegou no endereço informado.,1,1424,0,1,0,,respondida,autoaprovada,aprovada,94.69,0
CON04018,PED051191,2025-06-14,CLI09513,LOJ0217,2,76.60,pedido_incorreto,Recebi produtos diferentes do que selecionei.,1,1086,2,1,0,,respondida,revisao_manual,negada,0.00,0
CON04019,PED053924,2025-06-21,CLI17972,LOJ0308,2,"68,85",nao_entregue,"O aplicativo marcou como entregue, mas não recebi o pedido.",1,736,1,1,0,,respondida,autoaprovada,aprovada,53.17,0
CON04020,PED054096,2025-06-15,CLI06880,LOJ0026,3,110.79,item_faltante,"O pedido chegou incompleto, faltou parte da compra.",1,1252,0,3,1,,sem_resposta,autoaprovada,aprovada,85.80,1
CON04021,PED051309,04/06/2025,CLI03359,LOJ0317,2,149.02,item_faltante,Faltou um item do pedido e a loja não respondeu.,1,2192,0,1,0,,SEM RESPOSTA,autoaprovada,aprovada,114.18,0
CON04022,PED053630,2025-06-06,CLI10435,LOJ0139,4,130.16,pedido_incorreto,Recebi produtos diferentes do que selecionei.,1,1945,2,1,0,,respondida,autoaprovada,aprovada,83.36,0
CON04023,PED054034,2025-06-06,CLI06824,LOJ0255,3,83.41,nao_entregue,O pedido não chegou no endereço informado.,1,1145,0,2,0,,respondida,autoaprovada,aprovada,"71,00",0
CON04024,PED054341,2025-06-23,CLI15150,LOJ0268,2,100.62,item_faltante,Não recebi todos os itens que estavam na nota.,0,987,1,2,0,,sem resposta,autoaprovada,aprovada,"R$ 53,14",0
CON04025,PED051784,2025-06-12,CLI15900,LOJ0015,4,124.94,item_faltante,Não recebi todos os itens que estavam na nota.,1,1560,1,4,0,,SEM RESPOSTA,autoaprovada,aprovada,107.60,0
CON04026,PED059443,2025-06-23,CLI00549,LOJ0354,7,"84,08",PRODUTO AVARIADO,O item vazou durante a entrega e não dava para consumir.,0,2220,0,5,0,,respondida,autoaprovada,aprovada,79.47,0
CON04027,PED054077,25/06/2025,CLI09717,LOJ0080,4,"R$ 155,36",item_faltante,Faltou um item do pedido e a loja não respondeu.,1,1095,2,3,0,,respondida,autoaprovada,aprovada,143.01,0
CON04028,PED050385,2025-06-22,CLI10655,LOJ0379,2,132.35,pedido_incorreto,O pedido veio errado e preciso corrigir a cobrança.,0,849,0,1,0,,sem_resposta,autoaprovada,aprovada,115.42,0
CON04029,PED055870,2025-06-23,CLI08961,LOJ0422,2,64.32,produto_avariado,O produto chegou danificado dentro da sacola.,1,1175,0,1,1,,respondida,revisao_manual,aprovada,32.35,1
CON04030,PED051662,2025-06-16,CLI00810,LOJ0227,2,37.70,produto_avariado,A embalagem chegou aberta e o produto estava avariado.,1,1090,0,1,0,,sem resposta,negada_ou_retirada,negada,"0,00",0
CON04031,PED058671,2025-06-04,CLI14832,LOJ0331,5,196.91,item_faltante,Faltou um item do pedido e a loja não respondeu.,0,1643,1,4,0,,respondida,autoaprovada,aprovada,159.24,1
CON04032,PED059711,2025-06-18,CLI14880,LOJ0413,7,50.24,pedido_incorreto,Entregaram outro item no lugar do que comprei.,0,827,1,5,0,,respondida,revisao_manual,aprovada,26.78,0
CON04033,PED053752,13/06/2025,CLI15802,LOJ0410,3,"165,88",item_faltante,Não recebi todos os itens que estavam na nota.,1,1620,3,3,0,,respondida,revisao_manual,aprovada,134.83,1
CON04034,PED050244,2025-06-09,CLI06802,LOJ0180,6,95.10,pedido_incorreto,Entregaram outro item no lugar do que comprei.,0,393,0,3,0,,respondida,revisao_manual,aprovada,73.25,0
CON04035,PED052783,2025-06-06,CLI05479,LOJ0181,3,81.17,pedido_incorreto,Entregaram outro item no lugar do que comprei.,1,1216,1,1,0,,respondida,autoaprovada,aprovada,"R$ 69,49",0
CON04036,PED050948,2025-06-19,CLI03826,LOJ0314,3,118.73,item_faltante,Faltou um item do pedido e a loja não respondeu.,0,1523,1,3,0,,respondida,negada_ou_retirada,retirada,0.00,0
CON04037,PED051292,2025-06-08,CLI12870,LOJ0424,5,66.04,item_faltante,"O pedido chegou incompleto, faltou parte da compra.",1,324,2,5,0,,respondida,autoaprovada,aprovada,"44,16",0
CON04038,PED055158,2025-06-02,CLI05536,LOJ0073,6,"R$ 79,41",nao_entregue,"O aplicativo marcou como entregue, mas não recebi o pedido.",0,1843,0,5,0,,sem_resposta,autoaprovada,aprovada,66.42,0
CON04039,PED052274,20/06/2025,CLI04277,LOJ0132,6,128.55,qualidade,O produto estava com aparência ruim quando chegou.,1,613,2,5,0,,respondida,autoaprovada,aprovada,46.54,0
CON04040,PED055506,2025-06-14,CLI16812,LOJ0163,6,"145,64",produto_avariado,O item vazou durante a entrega e não dava para consumir.,0,1296,1,4,1,,SEM RESPOSTA,autoaprovada,aprovada,107.98,1
CON04041,PED059191,2025-06-23,CLI05345,LOJ0196,2,118.26,produto_avariado,A embalagem chegou aberta e o produto estava avariado.,0,411,0,1,0,,respondida,autoaprovada,aprovada,95.96,0
CON04042,PED050567,2025-06-02,CLI08515,LOJ0219,4,205.23,qualidade,O produto estava com aparência ruim quando chegou.,1,1069,0,1,0,GRP005,sem resposta,autoaprovada,aprovada,192.63,1
CON04043,PED056085,2025-06-01,CLI05584,LOJ0370,5,115.84,item_faltante,"O pedido chegou incompleto, faltou parte da compra.",0,1041,0,1,0,,SEM RESPOSTA,autoaprovada,aprovada,108.75,0
CON04044,PED059525,2025-06-25,CLI17818,LOJ0206,3,133.94,item_faltante,Não recebi todos os itens que estavam na nota.,1,2173,2,1,0,,sem_resposta,autoaprovada,aprovada,"112,89",0
CON04045,PED056748,24/06/2025,CLI08810,LOJ0002,4,107.89,pedido_incorreto,Entregaram outro item no lugar do que comprei.,1,1446,2,2,0,,sem resposta,revisao_manual,aprovada,64.98,0
CON04046,PED054580,2025-06-05,CLI17556,LOJ0441,4,56.50,item_faltante,Faltou um item do pedido e a loja não respondeu.,0,689,0,1,0,,sem_resposta,revisao_manual,negada,"R$ 0,00",0
CON04047,PED053562,2025-06-17,CLI10236,LOJ0191,6,"85,24",item_faltante,Faltou um item do pedido e a loja não respondeu.,1,99,0,4,1,,respondida,autoaprovada,aprovada,76.94,0
CON04048,PED054875,2025-06-12,CLI17388,LOJ0359,4,110.82,item_faltante,Faltou um item do pedido e a loja não respondeu.,1,528,0,1,0,,SEM RESPOSTA,revisao_manual,aprovada,79.47,1
CON04049,PED050620,2025-06-04,CLI01348,LOJ0313,4,"R$ 153,33",ITEM FALTANTE,Não recebi todos os itens que estavam na nota.,1,823,0,1,0,,respondida,autoaprovada,aprovada,133.93,0
CON04050,PED052756,2025-06-10,CLI12997,LOJ0242,4,102.30,qualidade,O produto estava com aparência ruim quando chegou.,0,1891,1,3,1,GRP099,respondida,autoaprovada,aprovada,49.46,1
CON04051,PED054323,02/06/2025,CLI16159,LOJ0175,3,85.42,produto_avariado,O produto chegou danificado dentro da sacola.,1,2282,0,2,0,,sem resposta,autoaprovada,aprovada,"52,47",0
CON04052,PED056775,2025-06-23,CLI08200,LOJ0397,2,76.01,nao_entregue,"O aplicativo marcou como entregue, mas não recebi o pedido.",0,2129,0,1,0,,SEM RESPOSTA,autoaprovada,aprovada,59.46,1
CON04053,PED053614,2025-06-14,CLI15400,LOJ0372,5,92.97,item_faltante,Não recebi todos os itens que estavam na nota.,1,2028,1,4,0,GRP114,sem_resposta,autoaprovada,aprovada,69.44,0
CON04054,PED053857,2025-06-01,CLI03244,LOJ0061,2,"92,53",pedido_incorreto,Recebi produtos diferentes do que selecionei.,1,68,0,1,0,,respondida,revisao_manual,negada,0.00,0
CON04055,PED052013,2025-06-10,CLI00290,LOJ0017,4,118.67,qualidade,A comida chegou fria e com qualidade abaixo do esperado.,1,160,2,1,1,,sem resposta,autoaprovada,aprovada,84.34,1
CON04056,PED055793,2025-06-18,CLI07586,LOJ0216,2,98.83,item_faltante,Não recebi todos os itens que estavam na nota.,1,638,0,1,0,,respondida,revisao_manual,aprovada,79.09,0
CON04057,PED058895,24/06/2025,CLI01877,LOJ0050,3,114.29,pedido_incorreto,Recebi produtos diferentes do que selecionei.,1,1390,2,1,0,GRP019,sem_resposta,autoaprovada,aprovada,"R$ 105,19",1
CON04058,PED053991,2025-06-15,CLI07223,LOJ0205,4,132.92,pedido_incorreto,O pedido veio errado e preciso corrigir a cobrança.,1,1722,2,1,0,,respondida,autoaprovada,aprovada,"101,40",0
CON04059,PED058333,2025-06-27,CLI00181,LOJ0289,6,118.48,item_faltante,Não recebi todos os itens que estavam na nota.,1,1925,2,5,0,,SEM RESPOSTA,autoaprovada,aprovada,59.84,1
CON04060,PED057276,2025-06-27,CLI16225,LOJ0239,5,"R$ 127,27",item_faltante,Faltou um item do pedido e a loja não respondeu.,0,1510,1,1,0,,respondida,revisao_manual,aprovada,103.53,0
CON04061,PED051362,2025-06-24,CLI11295,LOJ0315,7,"133,94",produto_avariado,O item vazou durante a entrega e não dava para consumir.,1,659,1,1,1,,respondida,autoaprovada,aprovada,100.50,0
CON04062,PED059789,2025-06-23,CLI17866,LOJ0321,3,75.87,item_faltante,"O pedido chegou incompleto, faltou parte da compra.",0,1139,4,3,0,,respondida,autoaprovada,aprovada,51.66,1
CON04063,PED053439,24/06/2025,CLI11936,LOJ0316,3,89.27,nao_entregue,"O aplicativo marcou como entregue, mas não recebi o pedido.",0,37,1,1,0,,respondida,autoaprovada,aprovada,45.45,0
CON04064,PED051219,2025-06-22,CLI07640,LOJ0100,2,112.54,produto_avariado,O item vazou durante a entrega e não dava para consumir.,1,697,0,1,0,,sem resposta,autoaprovada,aprovada,82.48,1
CON04065,PED059516,2025-06-07,CLI07056,LOJ0366,5,96.34,qualidade,A qualidade não correspondeu ao que foi anunciado.,1,331,5,2,0,,SEM RESPOSTA,autoaprovada,aprovada,"78,28",0
CON04066,PED052860,2025-06-08,CLI11361,LOJ0155,2,169.98,produto_avariado,O produto chegou danificado dentro da sacola.,0,176,1,1,0,,sem_resposta,autoaprovada,aprovada,132.18,0
CON04067,PED052582,2025-06-12,CLI15477,LOJ0450,2,154.82,produto_avariado,A embalagem chegou aberta e o produto estava avariado.,1,1249,0,1,0,,respondida,autoaprovada,aprovada,38.56,0
CON04068,PED055270,2025-06-20,CLI17032,LOJ0088,2,"78,02",nao_entregue,"O aplicativo marcou como entregue, mas não recebi o pedido.",1,1665,1,1,0,,respondida,revisao_manual,negada,"R$ 0,00",0
CON04069,PED054970,18/06/2025,CLI13945,LOJ0079,4,195.33,qualidade,A qualidade não correspondeu ao que foi anunciado.,1,645,0,3,0,,respondida,autoaprovada,aprovada,176.49,0
CON04070,PED050574,2025-06-29,CLI06017,LOJ0052,4,74.60,produto_avariado,O produto chegou danificado dentro da sacola.,1,74,0,3,0,,respondida,autoaprovada,aprovada,53.43,0
CON04071,PED056507,2025-06-24,CLI04519,LOJ0196,2,"R$ 112,02",item_faltante,"O pedido chegou incompleto, faltou parte da compra.",1,2089,0,1,0,,sem resposta,autoaprovada,aprovada,102.02,0
CON04072,PED056575,2025-06-03,CLI06019,LOJ0011,2,106.32,QUALIDADE,O produto estava com aparência ruim quando chegou.,1,1448,1,1,0,GRP032,sem_resposta,revisao_manual,negada,"0,00",0
CON04073,PED057802,2025-06-12,CLI12600,LOJ0243,3,104.83,pedido_incorreto,O pedido veio errado e preciso corrigir a cobrança.,0,1660,0,2,0,,respondida,autoaprovada,aprovada,93.62,0
CON04074,PED057571,2025-06-15,CLI00229,LOJ0284,4,142.93,produto_avariado,A embalagem chegou aberta e o produto estava avariado.,1,1675,1,1,0,,SEM RESPOSTA,autoaprovada,aprovada,113.83,0
CON04075,PED056850,26/06/2025,CLI01481,LOJ0048,2,"162,58",item_faltante,"O pedido chegou incompleto, faltou parte da compra.",1,1555,1,1,0,,respondida,autoaprovada,aprovada,62.54,0
CON04076,PED049871,2025-06-20,CLI14273,LOJ0064,4,133.02,pedido_incorreto,Entregaram outro item no lugar do que comprei.,1,1487,0,3,0,,respondida,autoaprovada,aprovada,108.67,0
CON04077,PED056266,2025-06-30,CLI15158,LOJ0052,7,98.42,qualidade,A qualidade não correspondeu ao que foi anunciado.,1,1770,1,3,0,,respondida,revisao_manual,negada,0.00,0
CON04078,PED053349,2025-06-27,CLI07722,LOJ0074,5,161.24,pedido_incorreto,Recebi produtos diferentes do que selecionei.,1,1634,2,1,0,,sem resposta,autoaprovada,aprovada,124.77,0
CON04079,PED052694,2025-06-26,CLI01496,LOJ0040,5,82.86,qualidade,O produto estava com aparência ruim quando chegou.,0,2295,2,1,0,,respondida,revisao_manual,aprovada,"R$ 56,98",1
CON04080,PED051429,2025-06-15,CLI05387,LOJ0126,2,96.50,item_faltante,Não recebi todos os itens que estavam na nota.,1,1699,0,2,0,,SEM RESPOSTA,autoaprovada,aprovada,67.95,1
CON04081,PED055672,26/06/2025,CLI11531,LOJ0419,4,190.91,qualidade,A qualidade não correspondeu ao que foi anunciado.,0,918,0,4,0,GRP120,respondida,autoaprovada,aprovada,154.64,1
CON04082,PED057978,2025-06-04,CLI17665,LOJ0067,7,"R$ 149,37",pedido_incorreto,Entregaram outro item no lugar do que comprei.,1,837,0,2,0,,sem_resposta,autoaprovada,aprovada,145.08,0
CON04083,PED058060,2025-06-10,CLI08953,LOJ0277,5,105.13,pedido_incorreto,Recebi produtos diferentes do que selecionei.,1,1196,1,2,0,,sem resposta,autoaprovada,aprovada,72.60,0
CON04084,PED056252,2025-06-11,CLI05104,LOJ0235,5,64.56,item_faltante,Faltou um item do pedido e a loja não respondeu.,1,2038,0,2,0,,respondida,revisao_manual,negada,0.00,0
CON04085,PED052045,2025-06-25,CLI08697,LOJ0022,2,54.50,item_faltante,Faltou um item do pedido e a loja não respondeu.,0,2082,1,1,0,,sem_resposta,negada_ou_retirada,retirada,0.00,0
CON04086,PED058113,2025-06-19,CLI03046,LOJ0079,4,110.35,item_faltante,"O pedido chegou incompleto, faltou parte da compra.",1,24,6,2,0,,SEM RESPOSTA,negada_ou_retirada,negada,"0,00",0
CON04087,PED059524,25/06/2025,CLI08657,LOJ0125,4,174.98,item_faltante,Faltou um item do pedido e a loja não respondeu.,1,256,0,2,0,,sem resposta,autoaprovada,aprovada,137.58,0
CON04088,PED058462,2025-06-26,CLI12145,LOJ0106,2,196.12,item_faltante,Faltou um item do pedido e a loja não respondeu.,0,578,1,1,0,,SEM RESPOSTA,revisao_manual,aprovada,158.89,0
CON04089,PED050332,2025-06-02,CLI13729,LOJ0138,6,"79,91",pedido_incorreto,Recebi produtos diferentes do que selecionei.,1,2150,1,4,0,,sem_resposta,autoaprovada,aprovada,65.19,0
CON04090,PED051821,2025-06-26,CLI00085,LOJ0343,6,203.32,item_faltante,"O pedido chegou incompleto, faltou parte da compra.",1,345,1,5,0,,sem resposta,autoaprovada,aprovada,"R$ 173,96",0
CON04091,PED059608,2025-06-13,CLI09490,LOJ0233,7,123.86,item_faltante,"O pedido chegou incompleto, faltou parte da compra.",1,2016,2,3,0,,respondida,autoaprovada,aprovada,57.42,0
CON04092,PED055931,2025-06-13,CLI16926,LOJ0105,4,106.66,nao_entregue,O pedido não chegou no endereço informado.,1,1768,2,4,0,,respondida,autoaprovada,aprovada,83.53,0
CON04093,PED052496,24/06/2025,CLI00465,LOJ0421,5,"R$ 117,93",nao_entregue,O pedido não chegou no endereço informado.,0,832,0,1,0,,respondida,autoaprovada,aprovada,"101,97",1
CON04094,PED050301,2025-06-04,CLI14447,LOJ0148,5,165.61,item_faltante,Faltou um item do pedido e a loja não respondeu.,1,2029,0,1,0,,respondida,autoaprovada,aprovada,146.38,0
CON04095,PED053364,2025-06-16,CLI03259,LOJ0345,7,105.43,ITEM FALTANTE,Faltou um item do pedido e a loja não respondeu.,0,2122,2,7,0,,sem_resposta,autoaprovada,aprovada,86.74,0
CON04096,PED054436,2025-06-12,CLI02117,LOJ0103,2,"77,23",item_faltante,Não recebi todos os itens que estavam na nota.,0,250,0,2,0,,respondida,revisao_manual,aprovada,58.04,0
CON04097,PED055743,2025-06-18,CLI00631,LOJ0309,7,80.28,qualidade,O produto estava com aparência ruim quando chegou.,1,656,2,6,1,,respondida,revisao_manual,aprovada,66.92,1
CON04098,PED050996,2025-06-14,CLI09867,LOJ0215,5,128.03,item_faltante,Faltou um item do pedido e a loja não respondeu.,0,482,0,2,0,,SEM RESPOSTA,autoaprovada,aprovada,73.53,0
CON04099,PED053736,13/06/2025,CLI17860,LOJ0019,6,83.52,nao_entregue,"Consta entrega concluída, porém nada foi recebido.",1,620,0,5,0,,respondida,autoaprovada,aprovada,49.94,0
CON04100,PED056858,2025-06-03,CLI16002,LOJ0320,4,197.40,qualidade,A comida chegou fria e com qualidade abaixo do esperado.,1,1091,0,2,0,,respondida,autoaprovada,aprovada,"172,15",0
CON04101,PED057716,2025-06-27,CLI02432,LOJ0217,4,74.52,pedido_incorreto,Entregaram outro item no lugar do que comprei.,1,2147,0,2,0,,sem resposta,autoaprovada,aprovada,"R$ 66,18",0
CON04102,PED056028,2025-06-21,CLI00129,LOJ0312,2,89.45,pedido_incorreto,O pedido veio errado e preciso corrigir a cobrança.,0,178,1,2,0,,SEM RESPOSTA,autoaprovada,aprovada,53.45,1
CON04103,PED055189,2025-06-14,CLI01454,LOJ0271,3,"169,12",produto_avariado,O item vazou durante a entrega e não dava para consumir.,1,1567,1,1,0,,sem_resposta,autoaprovada,aprovada,104.68,0
CON04104,PED057999,2025-06-11,CLI17347,LOJ0095,4,"R$ 132,96",item_faltante,Faltou um item do pedido e a loja não respondeu.,1,923,5,3,0,,sem resposta,revisao_manual,aprovada,102.44,1
CON04105,PED055127,14/06/2025,CLI17873,LOJ0413,3,73.08,item_faltante,"O pedido chegou incompleto, faltou parte da compra.",1,783,0,2,0,,sem_resposta,negada_ou_retirada,retirada,0.00,0
CON04106,PED054109,2025-06-19,CLI13001,LOJ0312,4,117.66,item_faltante,"O pedido chegou incompleto, faltou parte da compra.",1,279,1,4,0,,respondida,autoaprovada,aprovada,81.78,1
CON04107,PED052969,2025-06-30,CLI07173,LOJ0327,2,70.67,produto_avariado,O produto chegou danificado dentro da sacola.,1,2064,1,1,0,,respondida,revisao_manual,aprovada,"40,95",1
CON04108,PED054689,2025-06-26,CLI03103,LOJ0391,2,68.82,item_faltante,"O pedido chegou incompleto, faltou parte da compra.",0,2017,0,1,0,,SEM RESPOSTA,autoaprovada,aprovada,43.10,0
CON04109,PED052532,2025-06-28,CLI17724,LOJ0251,5,118.64,item_faltante,Não recebi todos os itens que estavam na nota.,0,1413,0,3,0,GRP057,respondida,autoaprovada,aprovada,102.64,0
CON04110,PED057498,2025-06-04,CLI13903,LOJ0175,2,"115,15",pedido_incorreto,Entregaram outro item no lugar do que comprei.,0,1922,0,1,0,GRP013,sem resposta,autoaprovada,aprovada,100.37,1
CON04111,PED056965,01/06/2025,CLI01156,LOJ0122,2,86.48,pedido_incorreto,O pedido veio errado e preciso corrigir a cobrança.,0,508,0,1,0,,respondida,autoaprovada,aprovada,69.67,0
CON04112,PED056877,2025-06-28,CLI09712,LOJ0144,4,185.40,item_faltante,"O pedido chegou incompleto, faltou parte da compra.",1,232,1,3,0,,SEM RESPOSTA,autoaprovada,aprovada,"R$ 151,12",0
CON04113,PED053193,2025-06-13,CLI01229,LOJ0041,7,86.53,pedido_incorreto,Entregaram outro item no lugar do que comprei.,1,1740,0,7,0,,respondida,revisao_manual,aprovada,69.03,1
CON04114,PED059922,2025-06-05,CLI11270,LOJ0206,3,135.78,item_faltante,Não recebi todos os itens que estavam na nota.,1,1269,2,2,0,,respondida,autoaprovada,aprovada,"115,92",0
CON04115,PED053104,2025-06-21,CLI17080,LOJ0272,2,"R$ 93,65",produto_avariado,A embalagem chegou aberta e o produto estava avariado.,1,1797,1,1,0,,sem_resposta,negada_ou_retirada,negada,0.00,0
CON04116,PED056160,2025-06-05,CLI10830,LOJ0246,3,265.09,nao_entregue,O pedido não chegou no endereço informado.,1,2135,2,1,0,,sem resposta,revisao_manual,aprovada,233.36,1
CON04117,PED053125,26/06/2025,CLI10010,LOJ0432,7,"134,62",qualidade,A qualidade não correspondeu ao que foi anunciado.,1,980,1,2,0,GRP062,respondida,autoaprovada,aprovada,115.22,1
CON04118,PED055316,2025-06-18,CLI04919,LOJ0434,6,136.19,NAO ENTREGUE,"Consta entrega concluída, porém nada foi recebido.",0,1317,2,1,0,,sem_resposta,autoaprovada,aprovada,103.10,1
CON04119,PED052782,2025-06-27,CLI05302,LOJ0351,6,189.82,pedido_incorreto,Entregaram outro item no lugar do que comprei.,1,766,2,1,0,,respondida,revisao_manual,negada,0.00,0
CON04120,PED050916,2025-06-22,CLI13102,LOJ0160,2,81.85,pedido_incorreto,O pedido veio errado e preciso corrigir a cobrança.,1,21,0,1,0,,SEM RESPOSTA,negada_ou_retirada,retirada,0.00,0
CON04121,PED056144,2025-06-11,CLI11438,LOJ0009,7,86.19,item_faltante,Não recebi todos os itens que estavam na nota.,0,1549,0,2,0,,sem resposta,revisao_manual,aprovada,"68,17",0
CON04122,PED057901,2025-06-21,CLI04493,LOJ0367,4,136.99,qualidade,A qualidade não correspondeu ao que foi anunciado.,1,664,0,2,0,,SEM RESPOSTA,revisao_manual,aprovada,84.68,1
CON04123,PED049940,28/06/2025,CLI15659,LOJ0195,3,113.85,produto_avariado,O item vazou durante a entrega e não dava para consumir.,1,1078,0,1,0,,respondida,autoaprovada,aprovada,"R$ 79,60",0
CON04124,PED057933,2025-06-14,CLI06791,LOJ0120,5,"288,17",produto_avariado,O item vazou durante a entrega e não dava para consumir.,1,928,1,3,0,,respondida,autoaprovada,aprovada,277.09,0
CON04125,PED050104,2025-06-01,CLI02012,LOJ0143,4,124.21,item_faltante,Não recebi todos os itens que estavam na nota.,1,1933,0,3,0,,respondida,autoaprovada,aprovada,106.14,0
CON04126,PED053388,2025-06-26,CLI01855,LOJ0423,2,"R$ 144,43",qualidade,A comida chegou fria e com qualidade abaixo do esperado.,1,174,3,1,0,,respondida,autoaprovada,aprovada,124.47,0
CON04127,PED052304,2025-06-13,CLI00739,LOJ0431,7,80.90,pedido_incorreto,O pedido veio errado e preciso corrigir a cobrança.,1,1437,0,2,0,,respondida,autoaprovada,aprovada,71.78,0
CON04128,PED053060,2025-06-01,CLI13625,LOJ0368,5,118.16,item_faltante,"O pedido chegou incompleto, faltou parte da compra.",1,1474,0,1,0,,sem_resposta,autoaprovada,aprovada,"96,45",0
CON04129,PED050331,30/06/2025,CLI05117,LOJ0327,2,142.89,produto_avariado,A embalagem chegou aberta e o produto estava avariado.,1,165,4,1,0,,respondida,autoaprovada,aprovada,118.18,0
CON04130,PED051258,2025-06-16,CLI17564,LOJ0264,2,101.06,item_faltante,Não recebi todos os itens que estavam na nota.,1,2297,0,1,0,,sem resposta,revisao_manual,aprovada,89.19,0
CON04131,PED052029,2025-06-02,CLI16947,LOJ0184,6,"200,47",pedido_incorreto,Entregaram outro item no lugar do que comprei.,1,188,1,2,0,,sem_resposta,revisao_manual,aprovada,175.38,0
CON04132,PED054928,2025-06-08,CLI13863,LOJ0212,7,264.01,qualidade,A qualidade não correspondeu ao que foi anunciado.,1,1099,0,6,0,,SEM RESPOSTA,autoaprovada,aprovada,227.38,0
CON04133,PED053406,2025-06-18,CLI06715,LOJ0186,4,128.19,qualidade,A qualidade não correspondeu ao que foi anunciado.,1,1387,4,2,0,,sem resposta,negada_ou_retirada,negada,0.00,0
CON04134,PED055381,2025-06-24,CLI03064,LOJ0291,3,211.47,produto_avariado,O produto chegou danificado dentro da sacola.,0,2112,3,2,0,,SEM RESPOSTA,revisao_manual,aprovada,"R$ 177,78",1
CON04135,PED052517,25/06/2025,CLI05437,LOJ0049,5,162.76,produto_avariado,O produto chegou danificado dentro da sacola.,1,1502,0,3,0,,respondida,revisao_manual,aprovada,"136,23",0
CON04136,PED049998,2025-06-17,CLI08927,LOJ0138,2,96.93,pedido_incorreto,O pedido veio errado e preciso corrigir a cobrança.,1,1246,0,2,0,,sem_resposta,autoaprovada,aprovada,48.48,0
CON04137,PED057515,2025-06-14,CLI06987,LOJ0037,2,"R$ 77,72",pedido_incorreto,Entregaram outro item no lugar do que comprei.,0,1705,0,1,0,,sem resposta,autoaprovada,aprovada,36.95,0
CON04138,PED055453,2025-06-18,CLI11154,LOJ0052,5,"119,60",item_faltante,Não recebi todos os itens que estavam na nota.,1,567,0,1,1,,respondida,autoaprovada,aprovada,103.65,0
CON04139,PED050633,2025-06-17,CLI11953,LOJ0384,3,108.31,pedido_incorreto,Entregaram outro item no lugar do que comprei.,1,2082,0,2,0,,respondida,autoaprovada,aprovada,77.23,0
CON04140,PED052323,2025-06-22,CLI04484,LOJ0434,2,108.94,produto_avariado,A embalagem chegou aberta e o produto estava avariado.,0,878,6,1,0,GRP109,sem_resposta,autoaprovada,aprovada,103.79,1
CON04141,PED059021,06/06/2025,CLI16426,LOJ0185,2,154.74,QUALIDADE,A comida chegou fria e com qualidade abaixo do esperado.,1,1173,1,1,0,,SEM RESPOSTA,autoaprovada,aprovada,93.94,0
CON04142,PED059949,2025-06-30,CLI14827,LOJ0441,2,98.07,qualidade,A qualidade não correspondeu ao que foi anunciado.,1,2004,0,1,0,,sem resposta,autoaprovada,aprovada,"44,64",0
CON04143,PED054479,2025-06-01,CLI00578,LOJ0420,7,46.18,item_faltante,Faltou um item do pedido e a loja não respondeu.,1,2320,0,5,1,,respondida,negada_ou_retirada,retirada,0.00,0
CON04144,PED059584,2025-06-26,CLI16752,LOJ0419,7,201.69,item_faltante,Faltou um item do pedido e a loja não respondeu.,1,1287,1,5,0,,SEM RESPOSTA,autoaprovada,aprovada,184.36,0
CON04145,PED057662,2025-06-10,CLI09612,LOJ0038,5,"174,25",item_faltante,"O pedido chegou incompleto, faltou parte da compra.",1,1894,1,1,0,,sem_resposta,autoaprovada,aprovada,"R$ 77,99",0
CON04146,PED050431,2025-06-10,CLI12335,LOJ0009,3,81.76,pedido_incorreto,Recebi produtos diferentes do que selecionei.,1,1582,0,2,0,,sem resposta,negada_ou_retirada,retirada,0.00,0
CON04147,PED058401,17/06/2025,CLI02411,LOJ0265,2,111.06,nao_entregue,"Consta entrega concluída, porém nada foi recebido.",1,953,0,1,0,,respondida,autoaprovada,aprovada,100.57,0
CON04148,PED054118,2025-06-25,CLI12402,LOJ0036,4,"R$ 74,08",pedido_incorreto,Recebi produtos diferentes do que selecionei.,0,1754,1,3,0,,respondida,autoaprovada,aprovada,43.08,0
CON04149,PED059013,2025-06-21,CLI10378,LOJ0008,7,128.24,produto_avariado,O item vazou durante a entrega e não dava para consumir.,1,179,0,1,0,,sem_resposta,autoaprovada,aprovada,"109,79",0
CON04150,PED053563,2025-06-08,CLI03075,LOJ0342,2,37.56,item_faltante,Faltou um item do pedido e a loja não respondeu.,1,1934,0,1,0,GRP004,respondida,revisao_manual,negada,0.00,0
CON04151,PED059684,2025-06-25,CLI13248,LOJ0292,4,98.96,item_faltante,Não recebi todos os itens que estavam na nota.,1,1493,4,2,0,,respondida,revisao_manual,aprovada,49.52,1
CON04152,PED053821,2025-06-05,CLI14940,LOJ0365,5,"206,04",produto_avariado,O produto chegou danificado dentro da sacola.,0,1667,2,4,0,,SEM RESPOSTA,autoaprovada,aprovada,187.69,0
CON04153,PED055249,20/06/2025,CLI13801,LOJ0437,2,216.46,qualidade,O produto estava com aparência ruim quando chegou.,1,483,1,1,0,,sem resposta,autoaprovada,aprovada,183.26,0
CON04154,PED056774,2025-06-01,CLI02308,LOJ0041,4,171.17,item_faltante,"O pedido chegou incompleto, faltou parte da compra.",1,2181,1,1,0,,respondida,autoaprovada,aprovada,135.76,0
CON04155,PED059208,2025-06-20,CLI08506,LOJ0237,2,108.06,item_faltante,"O pedido chegou incompleto, faltou parte da compra.",0,1231,1,1,1,,SEM RESPOSTA,autoaprovada,aprovada,71.22,1
CON04156,PED056612,2025-06-24,CLI00659,LOJ0307,4,116.68,qualidade,A comida chegou fria e com qualidade abaixo do esperado.,0,39,0,2,0,GRP126,sem_resposta,revisao_manual,aprovada,"R$ 85,14",0
CON04157,PED059339,2025-06-05,CLI01243,LOJ0188,6,165.41,nao_entregue,O pedido não chegou no endereço informado.,0,1130,2,5,0,,sem resposta,autoaprovada,aprovada,159.43,0
CON04158,PED057351,2025-06-13,CLI04172,LOJ0115,2,79.03,qualidade,A comida chegou fria e com qualidade abaixo do esperado.,1,1558,2,1,1,,respondida,autoaprovada,aprovada,42.98,0
CON04159,PED056754,09/06/2025,CLI09452,LOJ0117,7,"R$ 120,99",pedido_incorreto,O pedido veio errado e preciso corrigir a cobrança.,0,2034,1,7,0,,respondida,autoaprovada,aprovada,96.87,1
CON04160,PED051856,2025-06-24,CLI09610,LOJ0438,6,85.13,item_faltante,"O pedido chegou incompleto, faltou parte da compra.",1,2034,0,3,0,,respondida,autoaprovada,aprovada,27.38,0
CON04161,PED050323,2025-06-29,CLI07504,LOJ0246,4,73.51,pedido_incorreto,O pedido veio errado e preciso corrigir a cobrança.,0,2023,1,4,0,,sem_resposta,autoaprovada,aprovada,58.00,0
CON04162,PED059114,2025-06-08,CLI06908,LOJ0329,3,118.98,nao_entregue,"O aplicativo marcou como entregue, mas não recebi o pedido.",0,1515,0,2,0,,respondida,autoaprovada,aprovada,49.37,0
CON04163,PED059549,2025-06-14,CLI17675,LOJ0401,2,126.37,item_faltante,"O pedido chegou incompleto, faltou parte da compra.",1,346,0,1,0,,respondida,autoaprovada,aprovada,"90,76",0
CON04164,PED053020,2025-06-12,CLI10299,LOJ0030,2,67.68,ITEM FALTANTE,"O pedido chegou incompleto, faltou parte da compra.",1,742,2,1,0,GRP081,respondida,negada_ou_retirada,negada,0.00,0
CON04165,PED052177,04/06/2025,CLI09374,LOJ0220,4,50.49,nao_entregue,"Consta entrega concluída, porém nada foi recebido.",0,1700,2,3,0,,respondida,autoaprovada,aprovada,35.14,0
CON04166,PED055369,2025-06-19,CLI16925,LOJ0273,2,"82,50",nao_entregue,O pedido não chegou no endereço informado.,1,1728,1,1,0,GRP114,SEM RESPOSTA,autoaprovada,aprovada,71.07,1
CON04167,PED052597,2025-06-19,CLI15193,LOJ0445,2,36.52,produto_avariado,A embalagem chegou aberta e o produto estava avariado.,1,770,0,1,0,,respondida,negada_ou_retirada,retirada,"R$ 0,00",0
CON04168,PED052053,2025-06-06,CLI11450,LOJ0043,4,116.73,item_faltante,Faltou um item do pedido e a loja não respondeu.,1,1415,1,3,0,,sem resposta,autoaprovada,aprovada,89.60,0
CON04169,PED053689,2025-06-25,CLI03775,LOJ0431,6,91.48,nao_entregue,"O aplicativo marcou como entregue, mas não recebi o pedido.",1,922,0,2,0,,respondida,autoaprovada,aprovada,45.76,0
CON04170,PED053992,2025-06-12,CLI16047,LOJ0306,2,"R$ 222,94",pedido_incorreto,Entregaram outro item no lugar do que comprei.,1,1408,0,1,0,,respondida,autoaprovada,aprovada,"196,52",0
CON04171,PED056763,20/06/2025,CLI06794,LOJ0084,4,114.81,item_faltante,"O pedido chegou incompleto, faltou parte da compra.",1,1406,0,3,0,,respondida,autoaprovada,aprovada,48.86,0
CON04172,PED058843,2025-06-26,CLI06076,LOJ0368,4,150.70,qualidade,A qualidade não correspondeu ao que foi anunciado.,1,1952,0,2,0,,SEM RESPOSTA,autoaprovada,aprovada,120.35,0
CON04173,PED059975,2025-06-16,CLI10237,LOJ0221,7,"72,39",qualidade,O produto estava com aparência ruim quando chegou.,1,1335,0,5,0,,sem_resposta,negada_ou_retirada,retirada,0.00,0
CON04174,PED051817,2025-06-17,CLI07985,LOJ0407,5,133.65,item_faltante,Faltou um item do pedido e a loja não respondeu.,1,2310,0,2,0,,sem resposta,autoaprovada,aprovada,96.26,0
CON04175,PED053983,2025-06-10,CLI10475,LOJ0288,2,44.58,item_faltante,Não recebi todos os itens que estavam na nota.,0,2184,2,1,0,,respondida,negada_ou_retirada,negada,0.00,0
CON04176,PED054177,2025-06-12,CLI12635,LOJ0012,7,121.55,item_faltante,"O pedido chegou incompleto, faltou parte da compra.",1,1153,0,3,0,,respondida,autoaprovada,aprovada,72.90,0
CON04177,PED058904,22/06/2025,CLI13155,LOJ0232,7,220.73,item_faltante,"O pedido chegou incompleto, faltou parte da compra.",0,2311,1,4,0,,sem_resposta,autoaprovada,aprovada,"194,80",0
CON04178,PED055525,2025-06-01,CLI17156,LOJ0214,6,206.44,pedido_incorreto,Entregaram outro item no lugar do que comprei.,1,1485,2,5,0,,SEM RESPOSTA,autoaprovada,aprovada,"R$ 200,36",0
CON04179,PED050895,2025-06-19,CLI14509,LOJ0394,7,113.18,pedido_incorreto,Recebi produtos diferentes do que selecionei.,0,1959,1,4,1,,respondida,autoaprovada,aprovada,104.36,0
CON04180,PED053645,2025-06-02,CLI08576,LOJ0176,7,"152,78",produto_avariado,O item vazou durante a entrega e não dava para consumir.,1,909,1,7,0,,sem resposta,revisao_manual,negada,0.00,0
CON04181,PED053231,2025-06-22,CLI09361,LOJ0425,2,"R$ 121,20",pedido_incorreto,Recebi produtos diferentes do que selecionei.,1,956,0,1,0,,respondida,autoaprovada,aprovada,93.72,0
CON04182,PED053070,2025-06-07,CLI16814,LOJ0366,2,91.46,pedido_incorreto,O pedido veio errado e preciso corrigir a cobrança.,1,2303,0,1,0,,SEM RESPOSTA,autoaprovada,aprovada,73.57,0
CON04183,PED055873,10/06/2025,CLI02445,LOJ0251,3,98.17,produto_avariado,O item vazou durante a entrega e não dava para consumir.,1,693,0,1,0,,sem_resposta,autoaprovada,aprovada,65.64,0
CON04184,PED059202,2025-06-15,CLI17033,LOJ0339,3,130.33,produto_avariado,O item vazou durante a entrega e não dava para consumir.,1,2039,0,2,0,,sem resposta,revisao_manual,aprovada,"106,12",0
CON04185,PED053692,2025-06-26,CLI05079,LOJ0201,2,80.32,pedido_incorreto,Recebi produtos diferentes do que selecionei.,1,619,0,1,1,,respondida,autoaprovada,aprovada,48.18,0
CON04186,PED054418,2025-06-23,CLI02823,LOJ0099,2,118.30,produto_avariado,O item vazou durante a entrega e não dava para consumir.,1,722,0,1,0,,respondida,autoaprovada,aprovada,87.97,0
CON04187,PED052949,2025-06-09,CLI06245,LOJ0208,2,"177,57",PRODUTO AVARIADO,O produto chegou danificado dentro da sacola.,1,978,0,1,0,,respondida,revisao_manual,aprovada,164.71,0
CON04188,PED056432,2025-06-03,CLI14712,LOJ0340,2,118.90,item_faltante,Não recebi todos os itens que estavam na nota.,1,805,0,1,0,,respondida,autoaprovada,aprovada,96.13,0
CON04189,PED053445,18/06/2025,CLI11260,LOJ0245,4,122.24,item_faltante,Faltou um item do pedido e a loja não respondeu.,1,1214,0,1,0,,respondida,autoaprovada,aprovada,"R$ 91,40",0
CON04190,PED051887,2025-06-18,CLI15761,LOJ0400,2,127.39,produto_avariado,A embalagem chegou aberta e o produto estava avariado.,1,1060,3,1,1,,sem_resposta,autoaprovada,aprovada,100.18,0
CON04191,PED056864,2025-06-20,CLI15797,LOJ0407,2,146.96,nao_entregue,"O aplicativo marcou como entregue, mas não recebi o pedido.",1,2121,0,1,0,GRP002,respondida,autoaprovada,aprovada,"70,48",0
CON04192,PED059472,2025-06-03,CLI10145,LOJ0272,2,"R$ 67,93",pedido_incorreto,Recebi produtos diferentes do que selecionei.,1,1048,0,1,0,,respondida,autoaprovada,aprovada,52.15,0
CON04193,PED050124,2025-06-08,CLI14185,LOJ0281,5,174.48,produto_avariado,O produto chegou danificado dentro da sacola.,1,1896,2,5,0,,SEM RESPOSTA,autoaprovada,aprovada,155.06,1
CON04194,PED057915,2025-06-30,CLI09240,LOJ0126,2,"130,17",produto_avariado,O item vazou durante a entrega e não dava para consumir.,1,998,1,1,0,,sem resposta,autoaprovada,aprovada,62.27,0
CON04195,PED051631,10/06/2025,CLI04508,LOJ0107,2,92.09,item_faltante,Faltou um item do pedido e a loja não respondeu.,1,2283,0,2,1,GRP044,respondida,revisao_manual,negada,0.00,0
CON04196,PED052617,2025-06-20,CLI01812,LOJ0183,4,129.22,qualidade,O produto estava com aparência ruim quando chegou.,1,1302,0,1,0,,respondida,autoaprovada,aprovada,96.76,1
CON04197,PED053793,2025-06-13,CLI05786,LOJ0034,5,90.85,nao_entregue,"Consta entrega concluída, porém nada foi recebido.",0,1851,0,1,0,,SEM RESPOSTA,autoaprovada,aprovada,77.38,0
CON04198,PED052503,2025-06-13,CLI07494,LOJ0433,7,122.05,item_faltante,Não recebi todos os itens que estavam na nota.,1,1550,2,7,0,,sem_resposta,autoaprovada,aprovada,"84,34",0
CON04199,PED054405,2025-06-05,CLI03065,LOJ0347,2,213.28,nao_entregue,O pedido não chegou no endereço informado.,1,302,4,1,0,,sem resposta,autoaprovada,aprovada,207.23,1
CON04200,PED058014,2025-06-25,CLI02117,LOJ0146,2,296.26,pedido_incorreto,O pedido veio errado e preciso corrigir a cobrança.,1,1948,0,1,0,,sem_resposta,autoaprovada,aprovada,"R$ 272,98",0
CON04201,PED059011,29/06/2025,CLI07548,LOJ0152,4,"121,53",pedido_incorreto,Recebi produtos diferentes do que selecionei.,0,1996,0,3,1,,SEM RESPOSTA,autoaprovada,aprovada,62.27,1
CON04202,PED055312,2025-06-07,CLI04616,LOJ0252,2,259.71,qualidade,A comida chegou fria e com qualidade abaixo do esperado.,1,1686,1,1,0,,sem resposta,autoaprovada,aprovada,224.61,0
CON04203,PED050557,2025-06-26,CLI15978,LOJ0265,4,"R$ 105,00",item_faltante,Faltou um item do pedido e a loja não respondeu.,1,1595,2,1,1,,respondida,autoaprovada,aprovada,90.90,0
CON04204,PED057703,2025-06-13,CLI15293,LOJ0196,7,73.61,produto_avariado,O produto chegou danificado dentro da sacola.,0,442,0,2,0,,respondida,autoaprovada,aprovada,49.57,0
CON04205,PED051593,2025-06-27,CLI10334,LOJ0421,2,109.50,pedido_incorreto,Entregaram outro item no lugar do que comprei.,0,1850,0,1,0,,SEM RESPOSTA,autoaprovada,aprovada,"102,51",0
CON04206,PED052071,2025-06-15,CLI12863,LOJ0214,5,96.13,item_faltante,Faltou um item do pedido e a loja não respondeu.,0,1053,3,3,0,,respondida,negada_ou_retirada,negada,0.00,0
CON04207,PED052275,04/06/2025,CLI02730,LOJ0311,5,83.66,item_faltante,"O pedido chegou incompleto, faltou parte da compra.",1,1657,2,2,0,,respondida,autoaprovada,aprovada,61.46,0
CON04208,PED050248,2025-06-13,CLI16183,LOJ0068,6,"127,15",produto_avariado,O produto chegou danificado dentro da sacola.,1,178,0,5,0,,respondida,autoaprovada,aprovada,52.07,0
CON04209,PED054246,2025-06-27,CLI08855,LOJ0348,6,73.57,item_faltante,"O pedido chegou incompleto, faltou parte da compra.",1,224,0,3,0,,respondida,negada_ou_retirada,retirada,0.00,0
CON04210,PED054838,2025-06-17,CLI08933,LOJ0195,4,149.30,PEDIDO INCORRETO,Entregaram outro item no lugar do que comprei.,1,1628,1,1,0,,respondida,autoaprovada,aprovada,130.66,1
CON04211,PED059944,2025-06-30,CLI16356,LOJ0425,7,94.26,pedido_incorreto,Recebi produtos diferentes do que selecionei.,1,1217,0,2,0,,sem_resposta,autoaprovada,aprovada,"R$ 74,88",1
CON04212,PED051635,2025-06-19,CLI08599,LOJ0325,2,122.02,nao_entregue,O pedido não chegou no endereço informado.,1,238,2,1,0,,respondida,autoaprovada,aprovada,"79,49",0
CON04213,PED050048,11/06/2025,CLI03229,LOJ0401,2,195.16,pedido_incorreto,O pedido veio errado e preciso corrigir a cobrança.,1,1525,0,1,1,,respondida,autoaprovada,aprovada,188.07,0
CON04214,PED051955,2025-06-19,CLI02997,LOJ0204,7,"R$ 71,56",pedido_incorreto,Recebi produtos diferentes do que selecionei.,1,2311,1,7,0,,sem resposta,revisao_manual,aprovada,62.23,0
CON04215,PED050103,2025-06-16,CLI07271,LOJ0143,5,"103,39",item_faltante,"O pedido chegou incompleto, faltou parte da compra.",1,447,2,3,0,,sem_resposta,negada_ou_retirada,retirada,0.00,0
CON04216,PED057098,2025-06-21,CLI00124,LOJ0327,7,156.53,pedido_incorreto,O pedido veio errado e preciso corrigir a cobrança.,0,1528,1,2,0,,respondida,autoaprovada,aprovada,136.90,1
CON04217,PED057254,2025-06-30,CLI14691,LOJ0271,2,117.32,nao_entregue,"O aplicativo marcou como entregue, mas não recebi o pedido.",1,849,1,1,0,,respondida,revisao_manual,aprovada,90.56,0
CON04218,PED059368,2025-06-13,CLI09036,LOJ0343,6,76.99,qualidade,A comida chegou fria e com qualidade abaixo do esperado.,0,509,3,1,0,GRP007,respondida,autoaprovada,aprovada,62.71,1
CON04219,PED056696,03/06/2025,CLI07050,LOJ0329,2,119.84,nao_entregue,"O aplicativo marcou como entregue, mas não recebi o pedido.",1,1786,0,1,0,,SEM RESPOSTA,revisao_manual,aprovada,"54,03",0
CON04220,PED057034,2025-06-12,CLI01953,LOJ0236,5,67.02,qualidade,A qualidade não correspondeu ao que foi anunciado.,1,2268,5,5,0,,respondida,revisao_manual,aprovada,59.03,0
CON04221,PED052669,2025-06-19,CLI08797,LOJ0247,2,61.66,item_faltante,Não recebi todos os itens que estavam na nota.,1,1596,1,1,0,,respondida,autoaprovada,aprovada,45.40,0
CON04222,PED055376,2025-06-27,CLI01179,LOJ0203,3,"171,57",item_faltante,Não recebi todos os itens que estavam na nota.,0,1146,1,3,0,,sem resposta,autoaprovada,aprovada,"R$ 141,57",1
CON04223,PED054258,2025-06-07,CLI00811,LOJ0413,4,228.06,item_faltante,Faltou um item do pedido e a loja não respondeu.,0,988,1,2,0,,SEM RESPOSTA,autoaprovada,aprovada,216.12,1
CON04224,PED057408,2025-06-22,CLI11266,LOJ0176,5,157.59,produto_avariado,O item vazou durante a entrega e não dava para consumir.,1,2140,2,1,0,,respondida,autoaprovada,aprovada,64.80,0
CON04225,PED050847,26/06/2025,CLI10589,LOJ0053,5,"R$ 87,02",nao_entregue,"O aplicativo marcou como entregue, mas não recebi o pedido.",1,713,1,1,0,,sem_resposta,autoaprovada,aprovada,81.82,0
CON04226,PED058965,2025-06-30,CLI02256,LOJ0299,2,112.51,item_faltante,"O pedido chegou incompleto, faltou parte da compra.",1,663,0,1,0,,sem resposta,autoaprovada,aprovada,"86,78",0
CON04227,PED059920,2025-06-04,CLI08572,LOJ0347,7,148.83,produto_avariado,O produto chegou danificado dentro da sacola.,1,545,1,1,0,,sem_resposta,autoaprovada,aprovada,113.75,0
CON04228,PED052993,2025-06-13,CLI13487,LOJ0385,5,120.91,produto_avariado,A embalagem chegou aberta e o produto estava avariado.,1,925,1,2,0,,SEM RESPOSTA,autoaprovada,aprovada,55.35,0
CON04229,PED057181,2025-06-18,CLI10037,LOJ0112,4,"62,53",pedido_incorreto,Recebi produtos diferentes do que selecionei.,1,1663,0,1,0,,respondida,negada_ou_retirada,negada,0.00,0
CON04230,PED054027,2025-06-20,CLI14897,LOJ0176,7,298.62,nao_entregue,O pedido não chegou no endereço informado.,0,525,5,5,0,,sem resposta,autoaprovada,aprovada,294.10,0
CON04231,PED051078,03/06/2025,CLI08361,LOJ0003,6,76.93,nao_entregue,"O aplicativo marcou como entregue, mas não recebi o pedido.",1,1779,1,6,0,,SEM RESPOSTA,negada_ou_retirada,retirada,0.00,0
CON04232,PED055005,2025-06-25,CLI12922,LOJ0199,2,125.77,produto_avariado,A embalagem chegou aberta e o produto estava avariado.,0,1039,0,1,0,,respondida,autoaprovada,aprovada,47.88,0
CON04233,PED054332,2025-06-13,CLI10219,LOJ0105,6,170.82,PEDIDO INCORRETO,Entregaram outro item no lugar do que comprei.,0,975,0,2,0,GRP104,sem_resposta,negada_ou_retirada,retirada,"R$ 0,00",0
CON04234,PED057199,2025-06-02,CLI03908,LOJ0272,3,144.34,qualidade,A qualidade não correspondeu ao que foi anunciado.,0,208,0,2,0,,respondida,revisao_manual,aprovada,136.54,0
CON04235,PED054824,2025-06-01,CLI16256,LOJ0334,3,222.75,item_faltante,Faltou um item do pedido e a loja não respondeu.,1,204,2,3,0,,sem resposta,autoaprovada,aprovada,216.07,0
CON04236,PED050396,2025-06-11,CLI03532,LOJ0352,4,"R$ 146,29",item_faltante,Faltou um item do pedido e a loja não respondeu.,1,227,0,1,0,,sem_resposta,autoaprovada,aprovada,118.91,1
CON04237,PED058319,18/06/2025,CLI09874,LOJ0282,4,47.74,item_faltante,Faltou um item do pedido e a loja não respondeu.,1,2124,0,3,0,,SEM RESPOSTA,revisao_manual,aprovada,33.62,1
CON04238,PED053643,2025-06-06,CLI06111,LOJ0289,4,114.11,qualidade,O produto estava com aparência ruim quando chegou.,0,615,0,1,0,,respondida,autoaprovada,aprovada,85.29,1
CON04239,PED051585,2025-06-14,CLI11654,LOJ0335,2,57.49,item_faltante,Não recebi todos os itens que estavam na nota.,1,730,2,1,0,,respondida,negada_ou_retirada,retirada,0.00,0
CON04240,PED059371,2025-06-07,CLI10143,LOJ0235,2,84.31,item_faltante,Não recebi todos os itens que estavam na nota.,1,1026,1,1,0,,respondida,autoaprovada,aprovada,"59,17",0
CON04241,PED053242,2025-06-12,CLI10868,LOJ0449,5,129.64,produto_avariado,O produto chegou danificado dentro da sacola.,1,558,1,3,1,,respondida,autoaprovada,aprovada,109.78,1
CON04242,PED055153,2025-06-09,CLI07062,LOJ0156,5,116.44,pedido_incorreto,Entregaram outro item no lugar do que comprei.,1,448,0,2,0,,respondida,autoaprovada,aprovada,102.84,0
CON04243,PED055658,12/06/2025,CLI10736,LOJ0031,6,"84,48",item_faltante,"O pedido chegou incompleto, faltou parte da compra.",0,835,0,4,0,,respondida,autoaprovada,aprovada,75.01,1
CON04244,PED055625,2025-06-06,CLI07796,LOJ0147,5,176.29,item_faltante,"O pedido chegou incompleto, faltou parte da compra.",1,168,0,4,0,,respondida,autoaprovada,aprovada,"R$ 140,37",0
CON04245,PED050266,2025-06-09,CLI02252,LOJ0434,5,76.95,item_faltante,Não recebi todos os itens que estavam na nota.,0,872,0,1,0,,respondida,revisao_manual,negada,0.00,0
CON04246,PED056013,2025-06-12,CLI09177,LOJ0281,6,112.57,nao_entregue,"O aplicativo marcou como entregue, mas não recebi o pedido.",1,1482,5,4,0,,sem resposta,autoaprovada,aprovada,74.76,0
CON04247,PED059029,2025-06-18,CLI02046,LOJ0130,7,"R$ 98,76",item_faltante,Faltou um item do pedido e a loja não respondeu.,1,1588,0,3,0,,SEM RESPOSTA,autoaprovada,aprovada,"76,60",0
CON04248,PED055346,2025-06-26,CLI01893,LOJ0376,2,122.75,qualidade,A qualidade não correspondeu ao que foi anunciado.,1,2008,3,1,0,,sem_resposta,autoaprovada,aprovada,96.72,0
CON04249,PED053813,21/06/2025,CLI12006,LOJ0011,4,211.61,nao_entregue,"O aplicativo marcou como entregue, mas não recebi o pedido.",1,1988,2,1,0,,sem resposta,autoaprovada,aprovada,179.35,0
CON04250,PED057649,2025-06-14,CLI14589,LOJ0222,2,"98,34",item_faltante,Faltou um item do pedido e a loja não respondeu.,0,705,2,2,0,,respondida,negada_ou_retirada,retirada,0.00,0
CON04251,PED049976,2025-06-29,CLI13560,LOJ0039,4,79.51,item_faltante,Não recebi todos os itens que estavam na nota.,1,884,0,1,0,,sem_resposta,autoaprovada,aprovada,59.06,0
CON04252,PED057812,2025-06-04,CLI15692,LOJ0373,5,28.82,item_faltante,"O pedido chegou incompleto, faltou parte da compra.",1,1962,1,3,0,,respondida,negada_ou_retirada,negada,0.00,0
CON04253,PED055239,2025-06-01,CLI07196,LOJ0153,5,197.06,item_faltante,Faltou um item do pedido e a loja não respondeu.,1,313,0,4,1,,respondida,autoaprovada,aprovada,192.43,1
CON04254,PED059907,2025-06-17,CLI11570,LOJ0069,3,181.00,item_faltante,Faltou um item do pedido e a loja não respondeu.,1,2005,1,1,0,,respondida,autoaprovada,aprovada,"143,08",0
CON04255,PED059938,16/06/2025,CLI12325,LOJ0165,2,77.43,item_faltante,"O pedido chegou incompleto, faltou parte da compra.",1,1662,1,1,0,,SEM RESPOSTA,autoaprovada,aprovada,"R$ 56,10",0
CON04256,PED057423,2025-06-25,CLI08786,LOJ0047,5,102.81,PEDIDO INCORRETO,Recebi produtos diferentes do que selecionei.,1,713,1,3,0,,respondida,autoaprovada,aprovada,94.40,0
CON04257,PED059879,2025-06-09,CLI05007,LOJ0243,4,"121,14",qualidade,O produto estava com aparência ruim quando chegou.,0,652,0,2,0,,respondida,autoaprovada,aprovada,82.09,0
CON04258,PED050157,2025-06-10,CLI01557,LOJ0268,5,"R$ 96,45",produto_avariado,O produto chegou danificado dentro da sacola.,1,2255,0,5,0,,respondida,revisao_manual,negada,0.00,0
CON04259,PED053417,2025-06-01,CLI05155,LOJ0378,4,100.92,nao_entregue,O pedido não chegou no endereço informado.,1,780,0,4,0,,sem resposta,autoaprovada,aprovada,64.01,1
CON04260,PED056955,2025-06-04,CLI11759,LOJ0375,5,67.41,qualidade,O produto estava com aparência ruim quando chegou.,0,493,0,2,0,GRP045,respondida,autoaprovada,aprovada,60.51,1
CON04261,PED054912,20/06/2025,CLI08888,LOJ0038,2,118.82,qualidade,O produto estava com aparência ruim quando chegou.,0,59,0,2,1,,SEM RESPOSTA,negada_ou_retirada,negada,"0,00",0
CON04262,PED053491,2025-06-08,CLI11633,LOJ0029,4,91.59,pedido_incorreto,Entregaram outro item no lugar do que comprei.,0,1658,0,2,0,,respondida,autoaprovada,aprovada,49.98,0
CON04263,PED055762,2025-06-23,CLI04114,LOJ0337,7,126.01,nao_entregue,"O aplicativo marcou como entregue, mas não recebi o pedido.",1,1968,1,5,0,,respondida,revisao_manual,aprovada,93.18,1
CON04264,PED050573,2025-06-08,CLI01496,LOJ0204,7,"81,98",qualidade,O produto estava com aparência ruim quando chegou.,1,1972,1,1,0,,sem_resposta,autoaprovada,aprovada,60.67,0
CON04265,PED058725,2025-06-03,CLI04967,LOJ0092,5,161.31,item_faltante,"O pedido chegou incompleto, faltou parte da compra.",1,829,1,3,1,,respondida,autoaprovada,aprovada,134.46,1
CON04266,PED055700,2025-06-18,CLI01383,LOJ0250,7,126.34,nao_entregue,"O aplicativo marcou como entregue, mas não recebi o pedido.",0,2113,1,4,0,,sem resposta,autoaprovada,aprovada,"R$ 101,31",0
CON04267,PED051151,26/06/2025,CLI14198,LOJ0113,5,65.86,pedido_incorreto,Recebi produtos diferentes do que selecionei.,1,312,4,4,0,,respondida,negada_ou_retirada,negada,0.00,0
CON04268,PED051038,2025-06-15,CLI03015,LOJ0190,3,124.00,qualidade,O produto estava com aparência ruim quando chegou.,1,206,0,2,0,,respondida,revisao_manual,negada,"0,00",0
CON04269,PED050080,2025-06-25,CLI15916,LOJ0182,7,"R$ 169,25",pedido_incorreto,Recebi produtos diferentes do que selecionei.,1,1621,0,6,1,,sem_resposta,autoaprovada,aprovada,44.56,0
CON04270,PED053715,2025-06-26,CLI11304,LOJ0442,6,128.63,produto_avariado,O item vazou durante a entrega e não dava para consumir.,1,536,0,1,0,,respondida,autoaprovada,aprovada,93.58,0
CON04271,PED052653,2025-06-19,CLI12163,LOJ0339,5,"295,37",qualidade,A qualidade não correspondeu ao que foi anunciado.,1,561,1,4,0,,respondida,revisao_manual,aprovada,268.45,0
CON04272,PED052069,2025-06-02,CLI11499,LOJ0149,2,88.91,pedido_incorreto,Entregaram outro item no lugar do que comprei.,0,1017,0,1,0,,respondida,autoaprovada,aprovada,74.46,0
CON04273,PED056609,12/06/2025,CLI06058,LOJ0353,4,45.23,item_faltante,Faltou um item do pedido e a loja não respondeu.,0,325,1,3,0,,SEM RESPOSTA,negada_ou_retirada,retirada,0.00,0
CON04274,PED056232,2025-06-10,CLI00147,LOJ0029,7,235.13,nao_entregue,"Consta entrega concluída, porém nada foi recebido.",1,91,0,6,0,,respondida,revisao_manual,aprovada,208.30,0
CON04275,PED056080,2025-06-08,CLI15657,LOJ0317,2,57.57,qualidade,A qualidade não correspondeu ao que foi anunciado.,1,1429,2,1,1,,sem resposta,revisao_manual,negada,"0,00",0
CON04276,PED059801,2025-06-16,CLI14110,LOJ0439,6,227.46,pedido_incorreto,Entregaram outro item no lugar do que comprei.,0,1738,1,6,1,,respondida,autoaprovada,aprovada,147.40,1
CON04277,PED051573,2025-06-24,CLI08039,LOJ0399,5,51.35,qualidade,A comida chegou fria e com qualidade abaixo do esperado.,1,1265,0,5,0,,respondida,negada_ou_retirada,retirada,"R$ 0,00",0
CON04278,PED051731,2025-06-11,CLI07776,LOJ0242,2,"122,18",pedido_incorreto,Recebi produtos diferentes do que selecionei.,0,344,0,1,0,GRP087,SEM RESPOSTA,autoaprovada,aprovada,89.50,0
CON04279,PED056880,29/06/2025,CLI14986,LOJ0429,3,86.14,ITEM FALTANTE,"O pedido chegou incompleto, faltou parte da compra.",1,1297,4,1,0,,respondida,autoaprovada,aprovada,57.47,0
CON04280,PED052571,2025-06-11,CLI15846,LOJ0041,3,"R$ 125,55",item_faltante,Não recebi todos os itens que estavam na nota.,1,1965,1,2,0,,sem_resposta,revisao_manual,aprovada,100.37,0
CON04281,PED051169,2025-06-25,CLI08582,LOJ0142,4,104.78,item_faltante,Faltou um item do pedido e a loja não respondeu.,1,1994,2,3,0,,sem resposta,negada_ou_retirada,negada,0.00,0
CON04282,PED054437,2025-06-09,CLI17989,LOJ0300,3,140.66,item_faltante,Faltou um item do pedido e a loja não respondeu.,1,2209,5,1,0,,sem_resposta,autoaprovada,aprovada,"103,41",0
CON04283,PED058193,2025-06-15,CLI01256,LOJ0159,2,160.01,item_faltante,"O pedido chegou incompleto, faltou parte da compra.",1,2216,0,2,0,,SEM RESPOSTA,autoaprovada,aprovada,142.99,1
CON04284,PED056433,2025-06-27,CLI13654,LOJ0356,2,133.37,produto_avariado,A embalagem chegou aberta e o produto estava avariado.,0,1159,0,1,0,,sem resposta,autoaprovada,aprovada,95.41,0
CON04285,PED057089,28/06/2025,CLI04723,LOJ0435,2,"127,68",qualidade,A comida chegou fria e com qualidade abaixo do esperado.,1,1724,1,1,1,,respondida,negada_ou_retirada,negada,0.00,0
CON04286,PED058517,2025-06-09,CLI08125,LOJ0132,3,74.03,produto_avariado,O item vazou durante a entrega e não dava para consumir.,1,810,3,1,0,,respondida,revisao_manual,aprovada,46.59,1
CON04287,PED058804,2025-06-04,CLI02996,LOJ0244,6,76.38,item_faltante,"O pedido chegou incompleto, faltou parte da compra.",0,222,0,4,0,,respondida,autoaprovada,aprovada,60.10,0
CON04288,PED053213,2025-06-18,CLI06026,LOJ0298,5,59.81,qualidade,A qualidade não correspondeu ao que foi anunciado.,1,2353,0,1,0,,respondida,autoaprovada,aprovada,"R$ 48,92",1
CON04289,PED050711,2025-06-07,CLI11687,LOJ0204,4,116.06,qualidade,A qualidade não correspondeu ao que foi anunciado.,1,1474,1,3,0,,respondida,autoaprovada,aprovada,"44,52",0
CON04290,PED052967,2025-06-21,CLI13130,LOJ0209,7,151.84,pedido_incorreto,Entregaram outro item no lugar do que comprei.,1,259,0,5,0,,respondida,autoaprovada,aprovada,105.43,1
CON04291,PED052421,16/06/2025,CLI12745,LOJ0298,6,"R$ 102,04",qualidade,A qualidade não correspondeu ao que foi anunciado.,1,1361,5,4,0,,respondida,revisao_manual,aprovada,81.46,0
CON04292,PED053263,2025-06-10,CLI07690,LOJ0048,2,"105,27",nao_entregue,O pedido não chegou no endereço informado.,1,184,0,1,0,,respondida,revisao_manual,negada,0.00,0
CON04293,PED052730,2025-06-25,CLI06874,LOJ0432,6,110.21,item_faltante,"O pedido chegou incompleto, faltou parte da compra.",0,1766,0,4,1,,respondida,autoaprovada,aprovada,76.45,1
CON04294,PED059345,2025-06-24,CLI01702,LOJ0376,2,131.93,item_faltante,Não recebi todos os itens que estavam na nota.,1,1659,0,1,0,,respondida,autoaprovada,aprovada,95.59,0
CON04295,PED050095,2025-06-05,CLI15616,LOJ0258,4,135.37,item_faltante,"O pedido chegou incompleto, faltou parte da compra.",1,1837,0,3,0,,SEM RESPOSTA,autoaprovada,aprovada,105.61,0
CON04296,PED058461,2025-06-27,CLI13433,LOJ0145,7,75.53,item_faltante,Não recebi todos os itens que estavam na nota.,1,1492,0,3,0,,sem_resposta,negada_ou_retirada,negada,"0,00",0
CON04297,PED050623,10/06/2025,CLI10362,LOJ0150,5,172.15,item_faltante,Não recebi todos os itens que estavam na nota.,1,1685,4,3,0,,sem resposta,autoaprovada,aprovada,138.08,0
CON04298,PED052099,2025-06-07,CLI01485,LOJ0210,7,98.98,item_faltante,"O pedido chegou incompleto, faltou parte da compra.",0,1814,0,6,0,,respondida,autoaprovada,aprovada,59.02,0
CON04299,PED056215,2025-06-19,CLI13443,LOJ0264,2,"186,06",produto_avariado,A embalagem chegou aberta e o produto estava avariado.,0,421,1,1,0,,respondida,autoaprovada,aprovada,"R$ 149,16",0
CON04300,PED053780,2025-06-21,CLI09281,LOJ0249,2,200.52,pedido_incorreto,O pedido veio errado e preciso corrigir a cobrança.,1,783,1,1,0,,sem_resposta,autoaprovada,aprovada,166.55,1
CON04301,PED049955,2025-06-24,CLI13211,LOJ0442,6,103.30,nao_entregue,O pedido não chegou no endereço informado.,1,1929,0,1,0,,respondida,autoaprovada,aprovada,88.87,0
CON04302,PED051658,2025-06-02,CLI02969,LOJ0403,2,"R$ 100,98",QUALIDADE,A qualidade não correspondeu ao que foi anunciado.,1,1469,1,1,0,,SEM RESPOSTA,autoaprovada,aprovada,80.06,0
CON04303,PED059293,25/06/2025,CLI16571,LOJ0083,7,69.57,item_faltante,Não recebi todos os itens que estavam na nota.,1,1594,0,3,0,,respondida,revisao_manual,negada,"0,00",0
CON04304,PED050830,2025-06-16,CLI07651,LOJ0167,7,68.03,pedido_incorreto,Entregaram outro item no lugar do que comprei.,1,826,1,3,0,,sem resposta,autoaprovada,aprovada,55.06,0
CON04305,PED050092,2025-06-04,CLI15615,LOJ0308,3,95.70,pedido_incorreto,Recebi produtos diferentes do que selecionei.,0,464,1,3,0,,respondida,autoaprovada,aprovada,74.34,0
CON04306,PED059895,2025-06-27,CLI17611,LOJ0299,2,"65,31",produto_avariado,A embalagem chegou aberta e o produto estava avariado.,1,869,1,1,0,,respondida,autoaprovada,aprovada,39.94,0
CON04307,PED057115,2025-06-04,CLI15619,LOJ0246,5,129.31,item_faltante,"O pedido chegou incompleto, faltou parte da compra.",1,1956,1,5,0,,respondida,autoaprovada,aprovada,109.86,1
CON04308,PED057564,2025-06-05,CLI00111,LOJ0435,5,117.86,pedido_incorreto,Entregaram outro item no lugar do que comprei.,1,1238,0,5,0,,SEM RESPOSTA,revisao_manual,aprovada,107.32,0
CON04309,PED054494,13/06/2025,CLI12025,LOJ0114,4,70.28,nao_entregue,"O aplicativo marcou como entregue, mas não recebi o pedido.",0,1501,2,4,0,GRP076,respondida,revisao_manual,negada,0.00,0
CON04310,PED056772,2025-06-10,CLI12849,LOJ0113,2,67.13,qualidade,A qualidade não correspondeu ao que foi anunciado.,0,1395,0,1,0,,respondida,autoaprovada,aprovada,"R$ 59,95",0
CON04311,PED050362,2025-06-06,CLI00792,LOJ0070,6,85.79,item_faltante,Não recebi todos os itens que estavam na nota.,1,636,0,6,0,,respondida,negada_ou_retirada,negada,0.00,0
CON04312,PED049910,2025-06-21,CLI08364,LOJ0324,2,153.71,pedido_incorreto,O pedido veio errado e preciso corrigir a cobrança.,1,1700,0,2,0,,respondida,autoaprovada,aprovada,131.21,0
CON04313,PED052619,2025-06-21,CLI05528,LOJ0399,5,"R$ 106,99",item_faltante,"O pedido chegou incompleto, faltou parte da compra.",1,69,2,3,0,,respondida,revisao_manual,negada,0.00,0
CON04314,PED056778,2025-06-11,CLI08502,LOJ0214,7,195.96,item_faltante,"O pedido chegou incompleto, faltou parte da compra.",1,598,2,6,0,,respondida,autoaprovada,aprovada,34.10,0
CON04315,PED059651,30/06/2025,CLI06027,LOJ0043,4,170.17,item_faltante,Não recebi todos os itens que estavam na nota.,0,272,2,2,0,,sem_resposta,autoaprovada,aprovada,133.51,1
CON04316,PED052621,2025-06-07,CLI15784,LOJ0443,2,149.52,pedido_incorreto,Entregaram outro item no lugar do que comprei.,1,2132,1,2,1,,respondida,autoaprovada,aprovada,115.20,0
CON04317,PED059008,2025-06-25,CLI10064,LOJ0339,7,97.07,pedido_incorreto,O pedido veio errado e preciso corrigir a cobrança.,1,1543,1,1,0,,respondida,revisao_manual,aprovada,"62,94",0
CON04318,PED054178,2025-06-14,CLI17513,LOJ0133,2,152.50,pedido_incorreto,Entregaram outro item no lugar do que comprei.,1,1937,2,1,0,,respondida,revisao_manual,aprovada,127.72,0
CON04319,PED051117,2025-06-08,CLI07049,LOJ0380,6,88.67,produto_avariado,O produto chegou danificado dentro da sacola.,1,2318,0,2,0,,sem resposta,autoaprovada,aprovada,79.61,0
CON04320,PED055534,2025-06-22,CLI05472,LOJ0018,5,"137,85",item_faltante,Não recebi todos os itens que estavam na nota.,0,2150,1,1,0,,sem_resposta,autoaprovada,aprovada,132.03,1
CON04321,PED057722,11/06/2025,CLI15254,LOJ0314,2,78.50,produto_avariado,O produto chegou danificado dentro da sacola.,1,1252,1,1,0,,SEM RESPOSTA,negada_ou_retirada,retirada,"R$ 0,00",0
CON04322,PED049927,2025-06-29,CLI00415,LOJ0196,5,57.42,produto_avariado,O item vazou durante a entrega e não dava para consumir.,0,1371,0,3,0,,sem resposta,revisao_manual,negada,0.00,0
CON04323,PED056933,2025-06-10,CLI02837,LOJ0220,2,57.08,item_faltante,"O pedido chegou incompleto, faltou parte da compra.",1,999,1,1,0,GRP007,respondida,negada_ou_retirada,retirada,0.00,0
CON04324,PED052565,2025-06-15,CLI01034,LOJ0309,5,"R$ 162,10",produto_avariado,A embalagem chegou aberta e o produto estava avariado.,1,1867,2,3,0,,respondida,autoaprovada,aprovada,"149,16",1
CON04325,PED054443,2025-06-12,CLI16946,LOJ0089,5,200.27,ITEM FALTANTE,Faltou um item do pedido e a loja não respondeu.,1,2113,1,4,0,,respondida,autoaprovada,aprovada,154.01,0
CON04326,PED050940,2025-06-09,CLI15752,LOJ0167,2,104.87,item_faltante,Faltou um item do pedido e a loja não respondeu.,0,1906,1,2,1,,SEM RESPOSTA,autoaprovada,aprovada,59.81,1
CON04327,PED057434,30/06/2025,CLI00022,LOJ0222,6,"125,97",item_faltante,"O pedido chegou incompleto, faltou parte da compra.",0,1918,0,3,0,,respondida,autoaprovada,aprovada,93.53,0
CON04328,PED058032,2025-06-22,CLI01255,LOJ0047,2,198.99,pedido_incorreto,Entregaram outro item no lugar do que comprei.,1,1675,1,2,1,,sem_resposta,autoaprovada,aprovada,182.14,1
CON04329,PED054600,2025-06-25,CLI10073,LOJ0233,2,97.43,item_faltante,"O pedido chegou incompleto, faltou parte da compra.",1,685,0,1,0,,respondida,autoaprovada,aprovada,80.87,0
CON04330,PED056479,2025-06-03,CLI16240,LOJ0156,6,112.34,pedido_incorreto,O pedido veio errado e preciso corrigir a cobrança.,0,399,0,5,0,,sem resposta,revisao_manual,negada,0.00,0
CON04331,PED056434,2025-06-05,CLI15929,LOJ0420,5,133.05,qualidade,A comida chegou fria e com qualidade abaixo do esperado.,1,1701,1,3,0,,respondida,negada_ou_retirada,negada,"0,00",0
CON04332,PED058578,2025-06-30,CLI07296,LOJ0446,2,151.11,item_faltante,Faltou um item do pedido e a loja não respondeu.,1,1297,1,1,0,GRP044,sem_resposta,autoaprovada,aprovada,"R$ 123,10",0
CON04333,PED052974,21/06/2025,CLI02414,LOJ0216,6,123.93,pedido_incorreto,O pedido veio errado e preciso corrigir a cobrança.,1,2387,0,2,0,,respondida,autoaprovada,aprovada,112.93,0
CON04334,PED050089,2025-06-22,CLI12865,LOJ0191,3,"80,88",item_faltante,Não recebi todos os itens que estavam na nota.,1,1268,1,1,0,,SEM RESPOSTA,autoaprovada,aprovada,71.83,0
CON04335,PED058354,2025-06-26,CLI04084,LOJ0180,5,"R$ 323,39",qualidade,O produto estava com aparência ruim quando chegou.,0,403,0,4,0,,sem resposta,autoaprovada,aprovada,299.77,0
CON04336,PED056873,2025-06-13,CLI14669,LOJ0116,7,162.83,item_faltante,Faltou um item do pedido e a loja não respondeu.,1,2372,1,6,0,,respondida,autoaprovada,aprovada,151.48,1
CON04337,PED052222,2025-06-17,CLI13657,LOJ0165,6,183.35,produto_avariado,A embalagem chegou aberta e o produto estava avariado.,1,804,0,3,0,,SEM RESPOSTA,autoaprovada,aprovada,168.04,1
CON04338,PED055377,2025-06-11,CLI04954,LOJ0197,2,70.91,nao_entregue,"O aplicativo marcou como entregue, mas não recebi o pedido.",1,983,0,1,0,,sem_resposta,autoaprovada,aprovada,"58,01",0
CON04339,PED051644,16/06/2025,CLI06300,LOJ0230,4,87.11,item_faltante,"O pedido chegou incompleto, faltou parte da compra.",1,1772,2,1,0,,sem resposta,autoaprovada,aprovada,71.85,0
CON04340,PED056179,2025-06-20,CLI07878,LOJ0414,2,131.61,qualidade,A comida chegou fria e com qualidade abaixo do esperado.,0,554,5,2,1,,sem_resposta,autoaprovada,aprovada,114.55,1
CON04341,PED050152,2025-06-30,CLI03459,LOJ0088,4,"104,23",produto_avariado,O produto chegou danificado dentro da sacola.,1,1308,0,3,0,,SEM RESPOSTA,autoaprovada,aprovada,70.79,0
CON04342,PED051624,2025-06-14,CLI11693,LOJ0351,2,73.91,qualidade,O produto estava com aparência ruim quando chegou.,1,1140,0,2,0,,respondida,autoaprovada,aprovada,59.01,1
CON04343,PED056070,2025-06-17,CLI01976,LOJ0090,6,50.38,qualidade,A qualidade não correspondeu ao que foi anunciado.,1,379,0,1,0,,respondida,negada_ou_retirada,negada,"R$ 0,00",0
CON04344,PED055366,2025-06-20,CLI11592,LOJ0449,4,284.58,qualidade,O produto estava com aparência ruim quando chegou.,1,48,2,2,0,,sem resposta,autoaprovada,aprovada,274.99,1
CON04345,PED056473,11/06/2025,CLI08385,LOJ0059,7,75.64,pedido_incorreto,Recebi produtos diferentes do que selecionei.,1,2204,1,4,0,,respondida,autoaprovada,aprovada,"57,47",0
CON04346,PED050175,2025-06-24,CLI16654,LOJ0378,2,"R$ 159,92",pedido_incorreto,Recebi produtos diferentes do que selecionei.,1,1949,0,1,0,,SEM RESPOSTA,autoaprovada,aprovada,125.65,0
CON04347,PED059332,2025-06-03,CLI15952,LOJ0225,3,64.93,pedido_incorreto,Recebi produtos diferentes do que selecionei.,1,792,0,1,0,,respondida,autoaprovada,aprovada,32.34,0
CON04348,PED056240,2025-06-19,CLI12965,LOJ0112,3,"168,06",NAO ENTREGUE,"Consta entrega concluída, porém nada foi recebido.",1,2171,1,1,0,,respondida,autoaprovada,aprovada,130.72,0
CON04349,PED054657,2025-06-18,CLI16181,LOJ0159,4,77.17,pedido_incorreto,Entregaram outro item no lugar do que comprei.,1,238,1,4,0,,sem_resposta,negada_ou_retirada,negada,0.00,0
CON04350,PED057196,2025-06-16,CLI02559,LOJ0325,3,199.59,item_faltante,Não recebi todos os itens que estavam na nota.,1,1000,1,2,1,,sem resposta,autoaprovada,aprovada,164.22,1
CON04351,PED056665,08/06/2025,CLI09298,LOJ0385,2,83.93,pedido_incorreto,O pedido veio errado e preciso corrigir a cobrança.,0,1162,1,1,0,,respondida,revisao_manual,negada,0.00,0
CON04352,PED054379,2025-06-27,CLI10562,LOJ0300,2,72.01,nao_entregue,"O aplicativo marcou como entregue, mas não recebi o pedido.",1,2085,1,1,0,,sem_resposta,autoaprovada,aprovada,"39,80",0
CON04353,PED058178,2025-06-30,CLI01076,LOJ0400,7,132.61,nao_entregue,O pedido não chegou no endereço informado.,1,1149,0,7,0,,respondida,autoaprovada,aprovada,117.92,0
CON04354,PED054029,2025-06-02,CLI00058,LOJ0355,5,93.27,nao_entregue,O pedido não chegou no endereço informado.,1,1073,1,3,0,,SEM RESPOSTA,autoaprovada,aprovada,"R$ 52,24",0
CON04355,PED051133,2025-06-30,CLI01738,LOJ0266,3,"130,62",qualidade,A comida chegou fria e com qualidade abaixo do esperado.,0,931,0,1,0,,respondida,autoaprovada,aprovada,99.55,0
CON04356,PED057539,2025-06-09,CLI00125,LOJ0082,7,150.22,produto_avariado,O item vazou durante a entrega e não dava para consumir.,1,682,0,2,0,,sem resposta,revisao_manual,aprovada,128.14,0
CON04357,PED059618,14/06/2025,CLI13796,LOJ0311,2,"R$ 182,93",produto_avariado,O item vazou durante a entrega e não dava para consumir.,1,1392,0,1,0,,respondida,autoaprovada,aprovada,158.71,1
CON04358,PED058726,2025-06-13,CLI05016,LOJ0264,5,154.67,nao_entregue,"Consta entrega concluída, porém nada foi recebido.",0,1132,2,5,0,,SEM RESPOSTA,autoaprovada,aprovada,124.63,0
CON04359,PED057505,2025-06-26,CLI00893,LOJ0170,2,103.97,pedido_incorreto,Recebi produtos diferentes do que selecionei.,1,116,0,1,0,,sem_resposta,autoaprovada,aprovada,"69,72",1
CON04360,PED055419,2025-06-10,CLI07908,LOJ0105,2,145.60,item_faltante,Faltou um item do pedido e a loja não respondeu.,1,745,1,1,0,,sem resposta,autoaprovada,aprovada,119.47,0
CON04361,PED052079,2025-06-04,CLI00326,LOJ0207,2,115.66,item_faltante,"O pedido chegou incompleto, faltou parte da compra.",1,1627,0,1,0,,respondida,autoaprovada,aprovada,79.52,0
CON04362,PED051215,2025-06-07,CLI02270,LOJ0432,2,"104,62",pedido_incorreto,Recebi produtos diferentes do que selecionei.,1,1264,2,1,0,,sem_resposta,autoaprovada,aprovada,80.03,1
CON04363,PED058457,09/06/2025,CLI09790,LOJ0213,2,117.85,produto_avariado,O produto chegou danificado dentro da sacola.,1,1335,1,1,0,,respondida,revisao_manual,aprovada,101.26,0
CON04364,PED057259,2025-06-28,CLI14196,LOJ0013,3,158.19,qualidade,A comida chegou fria e com qualidade abaixo do esperado.,1,2044,1,2,0,,respondida,autoaprovada,aprovada,151.01,0
CON04365,PED049964,2025-06-13,CLI16813,LOJ0066,5,168.15,pedido_incorreto,O pedido veio errado e preciso corrigir a cobrança.,1,1028,1,4,0,,respondida,autoaprovada,aprovada,"R$ 138,95",0
CON04366,PED053419,2025-06-20,CLI14060,LOJ0293,2,114.06,qualidade,A comida chegou fria e com qualidade abaixo do esperado.,1,27,0,1,0,,SEM RESPOSTA,autoaprovada,aprovada,"108,73",0
CON04367,PED056976,2025-06-30,CLI17795,LOJ0043,5,129.73,item_faltante,"O pedido chegou incompleto, faltou parte da compra.",1,184,0,3,0,,sem resposta,autoaprovada,aprovada,113.67,1
CON04368,PED059427,2025-06-30,CLI04649,LOJ0445,5,"R$ 103,50",nao_entregue,"Consta entrega concluída, porém nada foi recebido.",1,2335,1,1,0,,respondida,autoaprovada,aprovada,93.45,0
CON04369,PED054259,21/06/2025,CLI11107,LOJ0094,3,"72,76",item_faltante,Faltou um item do pedido e a loja não respondeu.,1,369,2,1,0,,respondida,autoaprovada,aprovada,62.33,0
CON04370,PED057065,2025-06-19,CLI12054,LOJ0430,7,151.95,pedido_incorreto,Entregaram outro item no lugar do que comprei.,1,378,0,5,0,,respondida,autoaprovada,aprovada,138.11,1
CON04371,PED051933,2025-06-29,CLI10542,LOJ0349,3,115.04,PEDIDO INCORRETO,Entregaram outro item no lugar do que comprei.,1,1416,2,2,0,,respondida,autoaprovada,aprovada,110.21,0
CON04372,PED052759,2025-06-14,CLI02691,LOJ0244,7,65.98,qualidade,A comida chegou fria e com qualidade abaixo do esperado.,1,944,4,5,0,,SEM RESPOSTA,revisao_manual,aprovada,26.50,1
CON04373,PED059625,2025-06-03,CLI14306,LOJ0024,7,77.95,item_faltante,Não recebi todos os itens que estavam na nota.,0,436,2,6,0,,sem_resposta,autoaprovada,aprovada,"64,87",0
CON04374,PED057612,2025-06-10,CLI14091,LOJ0124,7,71.59,qualidade,A comida chegou fria e com qualidade abaixo do esperado.,1,1948,0,7,0,GRP092,sem resposta,autoaprovada,aprovada,59.41,1
CON04375,PED051288,30/06/2025,CLI08681,LOJ0170,7,96.83,qualidade,A comida chegou fria e com qualidade abaixo do esperado.,1,450,1,3,0,,sem_resposta,autoaprovada,aprovada,61.41,0
CON04376,PED051391,2025-06-28,CLI01626,LOJ0276,2,"250,21",nao_entregue,"O aplicativo marcou como entregue, mas não recebi o pedido.",1,1343,2,2,0,,SEM RESPOSTA,revisao_manual,negada,"R$ 0,00",0
CON04377,PED051305,2025-06-02,CLI01788,LOJ0390,2,153.63,item_faltante,"O pedido chegou incompleto, faltou parte da compra.",0,2061,2,1,0,,sem resposta,autoaprovada,aprovada,45.56,0
CON04378,PED057257,2025-06-30,CLI16322,LOJ0122,7,136.67,pedido_incorreto,Entregaram outro item no lugar do que comprei.,0,1059,2,6,0,,SEM RESPOSTA,autoaprovada,aprovada,107.91,0
CON04379,PED052955,2025-06-05,CLI15722,LOJ0049,7,"R$ 96,11",item_faltante,Faltou um item do pedido e a loja não respondeu.,0,1510,5,6,0,,respondida,revisao_manual,aprovada,78.50,0
CON04380,PED054836,2025-06-09,CLI04993,LOJ0307,4,141.40,produto_avariado,O produto chegou danificado dentro da sacola.,1,1015,0,3,0,,respondida,autoaprovada,aprovada,"120,32",0
CON04381,PED058211,19/06/2025,CLI07278,LOJ0082,2,245.48,item_faltante,Faltou um item do pedido e a loja não respondeu.,0,335,0,1,0,GRP047,sem_resposta,autoaprovada,aprovada,237.57,1
CON04382,PED055070,2025-06-09,CLI11805,LOJ0330,3,53.83,nao_entregue,"Consta entrega concluída, porém nada foi recebido.",0,60,0,1,0,,sem resposta,autoaprovada,aprovada,35.84,1
CON04383,PED051780,2025-06-02,CLI10522,LOJ0286,4,"52,10",item_faltante,Não recebi todos os itens que estavam na nota.,1,678,0,1,0,,sem_resposta,negada_ou_retirada,retirada,0.00,0
CON04384,PED052176,2025-06-06,CLI02205,LOJ0143,2,136.33,nao_entregue,"Consta entrega concluída, porém nada foi recebido.",0,1998,3,2,0,GRP076,SEM RESPOSTA,autoaprovada,aprovada,128.59,1
CON04385,PED050595,2025-06-05,CLI00360,LOJ0074,5,111.66,pedido_incorreto,Recebi produtos diferentes do que selecionei.,1,1424,2,3,0,,respondida,autoaprovada,aprovada,70.32,0
CON04386,PED050035,2025-06-16,CLI10433,LOJ0012,5,174.58,pedido_incorreto,Entregaram outro item no lugar do que comprei.,1,1452,0,5,0,,sem resposta,autoaprovada,aprovada,142.87,0
CON04387,PED053835,25/06/2025,CLI10685,LOJ0267,7,124.09,item_faltante,Faltou um item do pedido e a loja não respondeu.,1,312,0,3,0,GRP056,respondida,autoaprovada,aprovada,"R$ 97,98",0
CON04388,PED057116,2025-06-11,CLI17658,LOJ0088,5,150.60,item_faltante,Faltou um item do pedido e a loja não respondeu.,1,480,1,1,0,,SEM RESPOSTA,revisao_manual,aprovada,118.63,0
CON04389,PED051089,2025-06-21,CLI03590,LOJ0288,7,149.68,item_faltante,Faltou um item do pedido e a loja não respondeu.,1,1645,0,3,0,,respondida,autoaprovada,aprovada,67.14,1
CON04390,PED055940,2025-06-20,CLI00260,LOJ0322,2,"R$ 21,73",produto_avariado,O item vazou durante a entrega e não dava para consumir.,0,855,1,2,0,,sem_resposta,negada_ou_retirada,negada,0.00,0
CON04391,PED057994,2025-06-22,CLI08374,LOJ0100,2,94.62,pedido_incorreto,Entregaram outro item no lugar do que comprei.,0,1035,0,2,0,,sem resposta,revisao_manual,negada,0.00,0
CON04392,PED057584,2025-06-21,CLI12663,LOJ0287,7,114.27,nao_entregue,O pedido não chegou no endereço informado.,1,1805,1,6,0,,sem_resposta,autoaprovada,aprovada,109.07,0
CON04393,PED058770,18/06/2025,CLI08793,LOJ0160,6,132.09,item_faltante,"O pedido chegou incompleto, faltou parte da compra.",1,2276,0,4,0,,respondida,autoaprovada,aprovada,120.66,0
CON04394,PED050608,2025-06-24,CLI16939,LOJ0252,4,216.73,ITEM FALTANTE,Faltou um item do pedido e a loja não respondeu.,1,1988,1,4,1,,SEM RESPOSTA,autoaprovada,aprovada,"209,49",1
CON04395,PED050128,2025-06-24,CLI16620,LOJ0322,5,74.02,nao_entregue,"O aplicativo marcou como entregue, mas não recebi o pedido.",0,2365,0,5,0,,respondida,autoaprovada,aprovada,54.63,1
CON04396,PED055592,2025-06-28,CLI06090,LOJ0021,2,112.47,item_faltante,Faltou um item do pedido e a loja não respondeu.,1,270,0,1,0,,respondida,revisao_manual,negada,0.00,0
CON04397,PED059104,2025-06-10,CLI09078,LOJ0039,5,"134,69",produto_avariado,O produto chegou danificado dentro da sacola.,1,1549,1,4,0,,respondida,autoaprovada,aprovada,126.56,0
CON04398,PED058229,2025-06-09,CLI07393,LOJ0185,2,58.73,item_faltante,Faltou um item do pedido e a loja não respondeu.,1,1985,1,1,0,,respondida,autoaprovada,aprovada,"R$ 45,42",0
CON04399,PED059854,30/06/2025,CLI14572,LOJ0053,2,94.97,qualidade,O produto estava com aparência ruim quando chegou.,0,729,1,1,0,,respondida,autoaprovada,aprovada,84.82,1
CON04400,PED049915,2025-06-05,CLI06368,LOJ0334,2,105.44,pedido_incorreto,Entregaram outro item no lugar do que comprei.,0,1328,2,1,0,,respondida,autoaprovada,aprovada,98.73,0
CON04401,PED055565,2025-06-14,CLI17403,LOJ0155,4,"R$ 159,27",produto_avariado,O item vazou durante a entrega e não dava para consumir.,0,2156,1,3,0,,respondida,autoaprovada,aprovada,"126,71",0
CON04402,PED056648,2025-06-25,CLI10705,LOJ0048,5,87.92,qualidade,O produto estava com aparência ruim quando chegou.,1,581,0,5,0,,sem resposta,autoaprovada,aprovada,62.74,1
CON04403,PED054535,2025-06-06,CLI17580,LOJ0267,6,157.94,item_faltante,"O pedido chegou incompleto, faltou parte da compra.",1,729,1,1,0,,SEM RESPOSTA,autoaprovada,aprovada,144.68,0
CON04404,PED058529,2025-06-27,CLI11211,LOJ0220,2,"78,82",pedido_incorreto,O pedido veio errado e preciso corrigir a cobrança.,0,573,1,1,0,GRP042,respondida,autoaprovada,aprovada,74.18,0
CON04405,PED057316,21/06/2025,CLI09258,LOJ0050,2,178.15,pedido_incorreto,Entregaram outro item no lugar do que comprei.,1,398,0,1,0,,sem_resposta,autoaprovada,aprovada,53.69,0
CON04406,PED051864,2025-06-15,CLI03117,LOJ0167,4,131.38,produto_avariado,A embalagem chegou aberta e o produto estava avariado.,0,791,2,1,0,GRP072,respondida,autoaprovada,aprovada,119.11,1
CON04407,PED053633,2025-06-21,CLI09548,LOJ0416,2,106.46,item_faltante,Faltou um item do pedido e a loja não respondeu.,1,929,1,2,0,,sem resposta,autoaprovada,aprovada,45.22,0
CON04408,PED058624,2025-06-24,CLI17068,LOJ0130,4,113.38,item_faltante,Não recebi todos os itens que estavam na nota.,0,1342,1,3,0,,sem_resposta,autoaprovada,aprovada,"53,73",0
CON04409,PED052046,2025-06-14,CLI09299,LOJ0441,2,103.60,nao_entregue,"Consta entrega concluída, porém nada foi recebido.",1,1996,1,1,0,,respondida,revisao_manual,negada,"R$ 0,00",0
CON04410,PED058082,2025-06-06,CLI03171,LOJ0345,5,134.95,pedido_incorreto,Recebi produtos diferentes do que selecionei.,0,2350,0,2,0,,SEM RESPOSTA,autoaprovada,aprovada,104.84,0
CON04411,PED059912,26/06/2025,CLI12222,LOJ0327,2,"96,81",pedido_incorreto,Recebi produtos diferentes do que selecionei.,1,1072,3,1,0,,sem resposta,autoaprovada,aprovada,72.20,1
CON04412,PED054884,2025-06-04,CLI09539,LOJ0244,7,"R$ 105,65",item_faltante,,1,1619,0,1,0,,respondida,autoaprovada,aprovada,92.65,0
CON04413,PED053653,2025-06-28,CLI07008,LOJ0193,3,68.58,qualidade,O produto estava com aparência ruim quando chegou.,1,989,0,1,0,,respondida,revisao_manual,negada,0.00,0
CON04414,PED057576,2025-06-20,CLI04476,LOJ0115,6,128.43,item_faltante,Não recebi todos os itens que estavam na nota.,0,856,1,2,0,,respondida,revisao_manual,aprovada,105.81,0
CON04415,PED053366,2025-06-01,CLI10124,LOJ0340,2,150.21,nao_entregue,O pedido não chegou no endereço informado.,1,2056,2,2,0,,SEM RESPOSTA,autoaprovada,aprovada,"138,37",0
CON04416,PED050305,2025-06-10,CLI03326,LOJ0145,2,137.77,item_faltante,Não recebi todos os itens que estavam na nota.,1,1800,1,1,0,GRP043,respondida,autoaprovada,aprovada,47.57,1
CON04417,PED057216,18/06/2025,CLI04148,LOJ0384,3,90.17,QUALIDADE,A qualidade não correspondeu ao que foi anunciado.,1,1942,1,2,0,,respondida,revisao_manual,aprovada,77.81,0
CON04418,PED057022,2025-06-10,CLI13153,LOJ0256,6,"105,67",item_faltante,Faltou um item do pedido e a loja não respondeu.,1,2357,0,5,0,,respondida,autoaprovada,aprovada,82.91,0
CON04419,PED058412,2025-06-06,CLI02499,LOJ0403,2,114.83,item_faltante,Faltou um item do pedido e a loja não respondeu.,1,2134,5,1,0,,sem_resposta,autoaprovada,aprovada,90.52,1
CON04420,PED056090,2025-06-06,CLI03516,LOJ0114,4,39.52,pedido_incorreto,Entregaram outro item no lugar do que comprei.,0,2251,2,3,0,,respondida,autoaprovada,aprovada,"R$ 25,51",0
CON04421,PED051913,2025-06-24,CLI12447,LOJ0373,2,109.59,item_faltante,Não recebi todos os itens que estavam na nota.,1,2086,2,1,0,,sem resposta,autoaprovada,aprovada,77.36,1
CON04422,PED058597,2025-06-12,CLI12686,LOJ0245,2,154.09,qualidade,A comida chegou fria e com qualidade abaixo do esperado.,1,1356,0,1,0,,respondida,autoaprovada,aprovada,"117,18",0
CON04423,PED052623,15/06/2025,CLI12796,LOJ0375,2,"R$ 161,97",nao_entregue,O pedido não chegou no endereço informado.,0,942,1,1,0,,sem_resposta,autoaprovada,aprovada,41.38,0
CON04424,PED050745,2025-06-25,CLI06337,LOJ0002,3,118.97,pedido_incorreto,Recebi produtos diferentes do que selecionei.,0,236,0,1,0,,respondida,autoaprovada,aprovada,111.04,0
CON04425,PED058465,2025-06-08,CLI11445,LOJ0230,2,"66,21",item_faltante,Não recebi todos os itens que estavam na nota.,1,55,0,1,0,,respondida,autoaprovada,aprovada,60.93,0
CON04426,PED055147,2025-06-18,CLI14672,LOJ0152,4,111.13,pedido_incorreto,Entregaram outro item no lugar do que comprei.,1,1940,0,3,0,,SEM RESPOSTA,autoaprovada,aprovada,91.07,0
CON04427,PED055278,2025-06-17,CLI11136,LOJ0403,3,73.26,qualidade,O produto estava com aparência ruim quando chegou.,1,2002,1,2,0,,respondida,negada_ou_retirada,retirada,0.00,0
CON04428,PED053664,2025-06-04,CLI08766,LOJ0219,3,82.26,item_faltante,"O pedido chegou incompleto, faltou parte da compra.",1,712,4,2,0,,respondida,revisao_manual,aprovada,69.55,1
CON04429,PED053455,09/06/2025,CLI02261,LOJ0118,2,133.47,qualidade,A comida chegou fria e com qualidade abaixo do esperado.,1,1843,0,1,1,,respondida,autoaprovada,aprovada,"104,02",0
CON04430,PED052654,2025-06-09,CLI03746,LOJ0301,4,163.23,pedido_incorreto,O pedido veio errado e preciso corrigir a cobrança.,1,2031,1,3,0,GRP112,respondida,autoaprovada,aprovada,131.37,0
CON04431,PED055341,2025-06-12,CLI01287,LOJ0241,2,131.99,item_faltante,Faltou um item do pedido e a loja não respondeu.,1,599,0,1,0,,sem resposta,autoaprovada,aprovada,"R$ 116,20",0
CON04432,PED051411,2025-06-02,CLI05482,LOJ0046,4,"94,16",pedido_incorreto,Entregaram outro item no lugar do que comprei.,0,410,1,1,0,GRP069,SEM RESPOSTA,autoaprovada,aprovada,62.00,0
CON04433,PED058816,2025-06-08,CLI04193,LOJ0028,6,31.63,item_faltante,Faltou um item do pedido e a loja não respondeu.,0,1711,0,6,0,,respondida,negada_ou_retirada,negada,0.00,0
CON04434,PED052432,2025-06-28,CLI11163,LOJ0449,7,"R$ 163,24",qualidade,A comida chegou fria e com qualidade abaixo do esperado.,1,1316,2,1,0,,respondida,autoaprovada,aprovada,155.63,0
CON04435,PED050338,07/06/2025,CLI10217,LOJ0308,2,70.77,item_faltante,Não recebi todos os itens que estavam na nota.,1,1953,0,1,0,,respondida,negada_ou_retirada,negada,0.00,0
CON04436,PED059015,2025-06-13,CLI09062,LOJ0206,2,109.30,qualidade,A qualidade não correspondeu ao que foi anunciado.,0,2136,0,1,0,,respondida,autoaprovada,aprovada,"86,82",0
CON04437,PED050838,2025-06-09,CLI13093,LOJ0118,3,172.02,qualidade,A comida chegou fria e com qualidade abaixo do esperado.,1,1905,1,1,1,,respondida,autoaprovada,aprovada,135.50,1
CON04438,PED051051,2025-06-16,CLI05846,LOJ0360,7,96.47,pedido_incorreto,Recebi produtos diferentes do que selecionei.,1,1633,0,6,1,,respondida,revisao_manual,aprovada,65.36,0
CON04439,PED054748,2025-06-08,CLI06959,LOJ0163,6,"81,02",pedido_incorreto,Recebi produtos diferentes do que selecionei.,1,2244,1,1,0,,respondida,negada_ou_retirada,negada,0.00,0
CON04440,PED057345,2025-06-06,CLI01540,LOJ0233,3,177.32,PEDIDO INCORRETO,Recebi produtos diferentes do que selecionei.,0,2096,0,1,0,,respondida,autoaprovada,aprovada,149.16,0
CON04441,PED056842,12/06/2025,CLI14585,LOJ0446,2,125.45,qualidade,A qualidade não correspondeu ao que foi anunciado.,1,600,0,1,0,,sem_resposta,autoaprovada,aprovada,114.37,0
CON04442,PED053546,2025-06-07,CLI15161,LOJ0026,5,124.30,pedido_incorreto,Entregaram outro item no lugar do que comprei.,1,2374,1,1,0,GRP003,respondida,autoaprovada,aprovada,"R$ 76,63",1
CON04443,PED054317,2025-06-02,CLI15614,LOJ0318,6,137.66,pedido_incorreto,Recebi produtos diferentes do que selecionei.,0,430,0,2,0,,respondida,autoaprovada,aprovada,"129,96",1
CON04444,PED053590,2025-06-07,CLI12463,LOJ0058,4,203.70,nao_entregue,O pedido não chegou no endereço informado.,0,1884,0,1,0,,respondida,autoaprovada,aprovada,194.80,0
CON04445,PED051184,2025-06-04,CLI13218,LOJ0029,2,"R$ 167,15",pedido_incorreto,O pedido veio errado e preciso corrigir a cobrança.,1,924,1,1,0,,sem resposta,autoaprovada,aprovada,147.29,0
CON04446,PED052605,2025-06-26,CLI08749,LOJ0008,6,"190,75",item_faltante,"O pedido chegou incompleto, faltou parte da compra.",1,2154,1,4,1,,respondida,autoaprovada,aprovada,159.26,0
CON04447,PED054566,24/06/2025,CLI05195,LOJ0431,7,134.46,item_faltante,Não recebi todos os itens que estavam na nota.,1,287,0,2,0,GRP055,respondida,autoaprovada,aprovada,101.94,0
CON04448,PED050130,2025-06-25,CLI13093,LOJ0378,7,166.71,pedido_incorreto,O pedido veio errado e preciso corrigir a cobrança.,1,109,1,5,1,,respondida,autoaprovada,aprovada,135.92,0
CON04449,PED057429,2025-06-14,CLI11610,LOJ0232,2,76.64,item_faltante,Não recebi todos os itens que estavam na nota.,1,1215,0,1,0,,sem_resposta,autoaprovada,aprovada,45.59,0
CON04450,PED057753,2025-06-18,CLI13060,LOJ0148,6,131.57,item_faltante,Faltou um item do pedido e a loja não respondeu.,1,900,0,1,0,,SEM RESPOSTA,autoaprovada,aprovada,"119,89",0
CON04451,PED054126,2025-06-04,CLI11152,LOJ0304,4,76.27,item_faltante,"O pedido chegou incompleto, faltou parte da compra.",1,751,6,4,0,,sem resposta,negada_ou_retirada,negada,0.00,0
CON04452,PED058415,2025-06-21,CLI16629,LOJ0022,6,213.00,nao_entregue,O pedido não chegou no endereço informado.,1,518,1,2,1,,respondida,autoaprovada,aprovada,182.92,1
CON04453,PED057407,17/06/2025,CLI09677,LOJ0169,3,"45,75",nao_entregue,O pedido não chegou no endereço informado.,0,411,1,1,1,,SEM RESPOSTA,negada_ou_retirada,retirada,"R$ 0,00",0
CON04454,PED054860,2025-06-05,CLI17639,LOJ0276,3,56.28,pedido_incorreto,Entregaram outro item no lugar do que comprei.,1,1011,0,3,0,,respondida,revisao_manual,negada,0.00,0
CON04455,PED059746,2025-06-20,CLI03976,LOJ0134,5,42.37,item_faltante,"O pedido chegou incompleto, faltou parte da compra.",0,1668,0,2,0,,sem_resposta,negada_ou_retirada,negada,0.00,0
CON04456,PED057948,2025-06-29,CLI16342,LOJ0439,7,"R$ 146,19",pedido_incorreto,O pedido veio errado e preciso corrigir a cobrança.,0,344,0,3,0,,respondida,autoaprovada,aprovada,134.53,0
CON04457,PED052544,2025-06-17,CLI07815,LOJ0266,6,105.01,item_faltante,Não recebi todos os itens que estavam na nota.,1,792,2,6,0,,respondida,autoaprovada,aprovada,"73,51",0
CON04458,PED054056,2025-06-05,CLI00547,LOJ0114,6,63.46,pedido_incorreto,Entregaram outro item no lugar do que comprei.,0,2052,0,4,0,,sem resposta,negada_ou_retirada,retirada,0.00,0
CON04459,PED050015,06/06/2025,CLI13020,LOJ0222,2,72.24,pedido_incorreto,O pedido veio errado e preciso corrigir a cobrança.,1,808,0,1,0,GRP106,respondida,autoaprovada,aprovada,37.01,0
CON04460,PED057733,2025-06-20,CLI02445,LOJ0388,3,"76,57",produto_avariado,A embalagem chegou aberta e o produto estava avariado.,0,822,1,2,0,,respondida,autoaprovada,aprovada,47.85,0
CON04461,PED056290,2025-06-19,CLI02743,LOJ0165,6,81.70,qualidade,O produto estava com aparência ruim quando chegou.,1,1864,2,4,0,,respondida,autoaprovada,aprovada,61.20,0
CON04462,PED051376,2025-06-25,CLI02877,LOJ0096,2,105.07,pedido_incorreto,Entregaram outro item no lugar do que comprei.,0,2070,3,1,0,,respondida,autoaprovada,aprovada,67.12,1
CON04463,PED050240,2025-06-04,CLI05851,LOJ0358,2,43.16,QUALIDADE,A comida chegou fria e com qualidade abaixo do esperado.,1,486,0,1,0,,respondida,negada_ou_retirada,negada,0.00,0
CON04464,PED055039,2025-06-09,CLI05773,LOJ0243,2,38.77,item_faltante,"O pedido chegou incompleto, faltou parte da compra.",0,1051,0,2,0,,sem_resposta,autoaprovada,aprovada,"R$ 30,27",0
CON04465,PED058859,22/06/2025,CLI07387,LOJ0201,7,106.76,qualidade,O produto estava com aparência ruim quando chegou.,0,1130,0,4,1,,SEM RESPOSTA,revisao_manual,aprovada,72.97,0
CON04466,PED053626,2025-06-10,CLI07017,LOJ0164,7,82.95,item_faltante,Não recebi todos os itens que estavam na nota.,0,2054,1,7,0,,respondida,autoaprovada,aprovada,68.28,0
CON04467,PED055477,2025-06-10,CLI09821,LOJ0411,4,"R$ 98,13",qualidade,O produto estava com aparência ruim quando chegou.,0,1374,0,3,0,,respondida,autoaprovada,aprovada,64.32,0
CON04468,PED054694,2025-06-07,CLI09761,LOJ0043,6,334.22,item_faltante,Faltou um item do pedido e a loja não respondeu.,1,1690,4,1,0,,respondida,autoaprovada,aprovada,318.42,0
CON04469,PED050736,2025-06-07,CLI15112,LOJ0325,2,79.88,item_faltante,Não recebi todos os itens que estavam na nota.,1,1754,1,1,0,GRP009,respondida,negada_ou_retirada,retirada,0.00,0
CON04470,PED053624,2025-06-26,CLI13862,LOJ0189,7,116.25,qualidade,A qualidade não correspondeu ao que foi anunciado.,0,1564,0,6,0,,respondida,autoaprovada,aprovada,107.65,0
CON04471,PED050910,10/06/2025,CLI16792,LOJ0049,3,73.16,pedido_incorreto,Entregaram outro item no lugar do que comprei.,1,1609,1,2,0,,respondida,autoaprovada,aprovada,"59,17",0
CON04472,PED055698,2025-06-20,CLI13239,LOJ0385,2,128.50,pedido_incorreto,Recebi produtos diferentes do que selecionei.,1,886,3,1,0,,sem resposta,autoaprovada,aprovada,113.05,0
CON04473,PED051830,2025-06-12,CLI10164,LOJ0039,3,69.87,item_faltante,Faltou um item do pedido e a loja não respondeu.,1,2277,0,1,0,,respondida,autoaprovada,aprovada,61.79,0
CON04474,PED058363,2025-06-26,CLI03336,LOJ0043,5,"80,81",nao_entregue,O pedido não chegou no endereço informado.,0,42,1,1,0,,respondida,autoaprovada,aprovada,56.93,0
CON04475,PED054861,2025-06-13,CLI15676,LOJ0115,2,91.28,item_faltante,"O pedido chegou incompleto, faltou parte da compra.",1,2148,0,2,0,,SEM RESPOSTA,autoaprovada,aprovada,"R$ 67,36",1
CON04476,PED052122,2025-06-09,CLI16513,LOJ0045,3,109.54,pedido_incorreto,Recebi produtos diferentes do que selecionei.,1,762,1,1,0,,respondida,autoaprovada,aprovada,72.73,0
CON04477,PED051472,17/06/2025,CLI01567,LOJ0067,6,83.24,produto_avariado,A embalagem chegou aberta e o produto estava avariado.,1,2150,0,3,0,,sem_resposta,revisao_manual,negada,0.00,0
CON04478,PED056146,2025-06-20,CLI04037,LOJ0252,3,"R$ 85,45",item_faltante,"O pedido chegou incompleto, faltou parte da compra.",1,274,1,1,0,,respondida,autoaprovada,aprovada,"78,98",0
CON04479,PED053131,2025-06-23,CLI06753,LOJ0113,6,98.55,produto_avariado,O item vazou durante a entrega e não dava para consumir.,1,1671,1,3,0,,sem resposta,autoaprovada,aprovada,65.93,1
CON04480,PED054355,2025-06-05,CLI03810,LOJ0385,4,132.05,item_faltante,Faltou um item do pedido e a loja não respondeu.,1,731,0,1,0,,sem_resposta,negada_ou_retirada,negada,0.00,0
CON04481,PED059941,2025-06-28,CLI03109,LOJ0142,2,"119,86",produto_avariado,O item vazou durante a entrega e não dava para consumir.,0,330,1,1,1,,SEM RESPOSTA,autoaprovada,aprovada,95.62,0
CON04482,PED050094,2025-06-09,CLI06469,LOJ0403,3,208.87,item_faltante,"O pedido chegou incompleto, faltou parte da compra.",1,2222,1,2,0,,respondida,negada_ou_retirada,retirada,0.00,0
CON04483,PED058405,12/06/2025,CLI17048,LOJ0063,7,86.72,item_faltante,"O pedido chegou incompleto, faltou parte da compra.",1,1101,0,6,0,,respondida,negada_ou_retirada,retirada,0.00,0
CON04484,PED056374,2025-06-12,CLI08009,LOJ0408,3,69.66,item_faltante,"O pedido chegou incompleto, faltou parte da compra.",1,697,2,3,0,,respondida,negada_ou_retirada,negada,0.00,0
CON04485,PED057048,2025-06-02,CLI07942,LOJ0310,5,118.49,qualidade,A comida chegou fria e com qualidade abaixo do esperado.,1,2122,1,1,0,,sem resposta,autoaprovada,aprovada,"109,22",0
CON04486,PED056599,2025-06-08,CLI08213,LOJ0039,3,90.99,NAO ENTREGUE,"Consta entrega concluída, porém nada foi recebido.",1,2177,1,3,0,,respondida,autoaprovada,aprovada,"R$ 77,62",0
CON04487,PED059595,2025-06-07,CLI15108,LOJ0097,6,104.10,item_faltante,Não recebi todos os itens que estavam na nota.,1,276,5,1,0,,SEM RESPOSTA,revisao_manual,aprovada,69.56,0
CON04488,PED059667,2025-06-24,CLI06331,LOJ0059,4,"118,32",pedido_incorreto,Recebi produtos diferentes do que selecionei.,0,1736,1,1,0,,respondida,autoaprovada,aprovada,102.01,0
CON04489,PED053130,20/06/2025,CLI13921,LOJ0260,3,"R$ 76,68",item_faltante,"O pedido chegou incompleto, faltou parte da compra.",1,1701,0,1,0,,respondida,negada_ou_retirada,negada,0.00,0
CON04490,PED059446,2025-06-02,CLI06242,LOJ0118,6,132.59,item_faltante,Faltou um item do pedido e a loja não respondeu.,1,521,5,6,0,GRP031,respondida,autoaprovada,aprovada,96.96,1
CON04491,PED052855,2025-06-24,CLI09910,LOJ0098,5,180.57,produto_avariado,A embalagem chegou aberta e o produto estava avariado.,1,1524,0,4,1,,sem_resposta,autoaprovada,aprovada,142.86,0
CON04492,PED059560,2025-06-10,CLI14834,LOJ0081,5,105.22,pedido_incorreto,Entregaram outro item no lugar do que comprei.,0,235,0,5,0,,sem resposta,autoaprovada,aprovada,"75,45",1
CON04493,PED051944,2025-06-02,CLI11354,LOJ0390,2,213.14,item_faltante,Faltou um item do pedido e a loja não respondeu.,0,1119,0,1,0,,respondida,autoaprovada,aprovada,204.98,0
CON04494,PED057603,2025-06-28,CLI03173,LOJ0169,7,99.88,qualidade,O produto estava com aparência ruim quando chegou.,1,1163,3,6,0,,sem_resposta,autoaprovada,aprovada,92.52,0
CON04495,PED056834,18/06/2025,CLI13739,LOJ0328,3,"78,33",item_faltante,Faltou um item do pedido e a loja não respondeu.,0,1348,1,3,0,,SEM RESPOSTA,revisao_manual,negada,0.00,0
CON04496,PED052056,2025-06-28,CLI08525,LOJ0044,2,127.70,qualidade,O produto estava com aparência ruim quando chegou.,1,1610,6,1,0,,respondida,autoaprovada,aprovada,91.90,0
CON04497,PED057160,2025-06-25,CLI16202,LOJ0089,6,126.05,item_faltante,"O pedido chegou incompleto, faltou parte da compra.",0,2333,1,4,0,,sem resposta,autoaprovada,aprovada,"R$ 90,38",0
CON04498,PED056358,2025-06-13,CLI02779,LOJ0386,6,108.39,pedido_incorreto,Entregaram outro item no lugar do que comprei.,0,1210,1,4,0,,respondida,autoaprovada,aprovada,82.32,0
CON04499,PED052968,2025-06-12,CLI06994,LOJ0420,6,128.58,item_faltante,"O pedido chegou incompleto, faltou parte da compra.",1,888,1,1,0,,SEM RESPOSTA,autoaprovada,aprovada,"94,49",0
CON04500,PED059953,2025-06-20,CLI16038,LOJ0207,6,"R$ 140,62",nao_entregue,"Consta entrega concluída, porém nada foi recebido.",0,2209,0,5,0,,sem_resposta,autoaprovada,aprovada,112.14,0
CON04501,PED057927,28/06/2025,CLI05678,LOJ0286,4,78.54,item_faltante,Faltou um item do pedido e a loja não respondeu.,1,89,0,2,0,,sem resposta,revisao_manual,aprovada,64.17,1
CON04502,PED054898,2025-06-18,CLI11359,LOJ0113,7,"132,16",produto_avariado,O item vazou durante a entrega e não dava para consumir.,1,263,1,1,0,GRP030,sem_resposta,autoaprovada,aprovada,118.79,0
CON04503,PED053678,2025-06-16,CLI13678,LOJ0428,5,77.53,qualidade,A comida chegou fria e com qualidade abaixo do esperado.,1,881,1,4,1,,respondida,autoaprovada,aprovada,65.81,1
CON04504,PED052999,2025-06-04,CLI06594,LOJ0126,2,116.52,item_faltante,"O pedido chegou incompleto, faltou parte da compra.",1,1614,1,2,0,,SEM RESPOSTA,revisao_manual,aprovada,96.93,1
CON04505,PED058245,2025-06-13,CLI09617,LOJ0001,4,81.53,nao_entregue,O pedido não chegou no endereço informado.,1,1461,0,2,0,,sem resposta,autoaprovada,aprovada,62.81,1
CON04506,PED058139,2025-06-03,CLI03780,LOJ0401,6,84.14,pedido_incorreto,O pedido veio errado e preciso corrigir a cobrança.,1,891,2,3,0,,respondida,negada_ou_retirada,negada,"0,00",0
CON04507,PED059107,20/06/2025,CLI15445,LOJ0307,7,130.92,qualidade,A comida chegou fria e com qualidade abaixo do esperado.,1,1878,0,7,0,,SEM RESPOSTA,revisao_manual,aprovada,107.82,1
CON04508,PED057836,2025-06-21,CLI08772,LOJ0123,6,89.18,item_faltante,"O pedido chegou incompleto, faltou parte da compra.",0,1823,0,2,0,,sem_resposta,autoaprovada,aprovada,"R$ 59,36",0
CON04509,PED052901,2025-06-12,CLI09882,LOJ0023,5,"61,64",PEDIDO INCORRETO,Entregaram outro item no lugar do que comprei.,1,1022,1,2,0,,respondida,negada_ou_retirada,negada,0.00,0
CON04510,PED056649,2025-06-22,CLI08041,LOJ0199,3,72.47,produto_avariado,A embalagem chegou aberta e o produto estava avariado.,1,2310,0,1,0,,respondida,autoaprovada,aprovada,46.31,0
CON04511,PED054946,2025-06-21,CLI03969,LOJ0233,4,"R$ 44,00",pedido_incorreto,O pedido veio errado e preciso corrigir a cobrança.,1,1008,2,3,0,,respondida,revisao_manual,negada,0.00,0
CON04512,PED053361,2025-06-24,CLI07964,LOJ0133,7,86.37,qualidade,A qualidade não correspondeu ao que foi anunciado.,1,767,1,6,0,,respondida,autoaprovada,aprovada,77.25,0
CON04513,PED057233,09/06/2025,CLI07292,LOJ0004,3,35.55,produto_avariado,O produto chegou danificado dentro da sacola.,0,1134,0,2,1,,sem resposta,negada_ou_retirada,negada,"0,00",0
CON04514,PED054009,2025-06-19,CLI11524,LOJ0304,3,129.65,nao_entregue,"Consta entrega concluída, porém nada foi recebido.",0,1418,1,2,0,,respondida,negada_ou_retirada,retirada,0.00,0
CON04515,PED055729,2025-06-11,CLI16399,LOJ0387,7,123.91,item_faltante,Faltou um item do pedido e a loja não respondeu.,1,1698,0,4,0,,respondida,autoaprovada,aprovada,89.28,1
CON04516,PED052736,2025-06-16,CLI15662,LOJ0283,7,"94,42",produto_avariado,O item vazou durante a entrega e não dava para consumir.,0,1768,1,4,0,,sem_resposta,autoaprovada,aprovada,62.87,0
CON04517,PED057777,2025-06-29,CLI14901,LOJ0424,4,96.40,item_faltante,Faltou um item do pedido e a loja não respondeu.,0,1101,0,2,0,,respondida,autoaprovada,aprovada,69.36,0
CON04518,PED057475,2025-06-02,CLI11102,LOJ0338,7,112.54,pedido_incorreto,Entregaram outro item no lugar do que comprei.,1,1454,2,5,0,,respondida,negada_ou_retirada,negada,0.00,0
CON04519,PED051256,27/06/2025,CLI08105,LOJ0067,2,120.81,item_faltante,Não recebi todos os itens que estavam na nota.,1,169,0,1,0,,SEM RESPOSTA,autoaprovada,aprovada,"R$ 116,40",0
CON04520,PED052286,2025-06-02,CLI01743,LOJ0116,6,148.46,item_faltante,Faltou um item do pedido e a loja não respondeu.,1,1763,1,2,0,,sem resposta,revisao_manual,aprovada,"140,41",0
CON04521,PED056449,2025-06-19,CLI09378,LOJ0112,5,88.84,item_faltante,Faltou um item do pedido e a loja não respondeu.,0,1067,0,4,0,,SEM RESPOSTA,autoaprovada,aprovada,71.19,0
CON04522,PED053155,2025-06-27,CLI17074,LOJ0116,6,"R$ 75,83",pedido_incorreto,Recebi produtos diferentes do que selecionei.,1,2260,1,6,1,,sem_resposta,revisao_manual,aprovada,61.16,0
CON04523,PED059993,2025-06-24,CLI09761,LOJ0149,5,"84,81",item_faltante,"O pedido chegou incompleto, faltou parte da compra.",0,1708,0,4,1,,sem resposta,autoaprovada,aprovada,77.59,1
CON04524,PED055835,2025-06-04,CLI15148,LOJ0443,4,138.17,nao_entregue,"Consta entrega concluída, porém nada foi recebido.",1,204,0,4,0,,respondida,autoaprovada,aprovada,40.39,0
CON04525,PED053076,22/06/2025,CLI11202,LOJ0161,2,159.50,item_faltante,"O pedido chegou incompleto, faltou parte da compra.",1,1259,1,2,0,,sem_resposta,autoaprovada,aprovada,153.79,1
CON04526,PED049908,2025-06-21,CLI17166,LOJ0363,6,100.49,pedido_incorreto,Recebi produtos diferentes do que selecionei.,0,1866,1,2,0,,respondida,autoaprovada,aprovada,82.74,0
CON04527,PED055211,2025-06-02,CLI17234,LOJ0139,2,98.78,qualidade,O produto estava com aparência ruim quando chegou.,0,761,1,1,0,,respondida,revisao_manual,aprovada,"51,35",0
CON04528,PED050680,2025-06-21,CLI06436,LOJ0069,4,238.85,item_faltante,"O pedido chegou incompleto, faltou parte da compra.",1,1448,0,2,0,,SEM RESPOSTA,autoaprovada,aprovada,201.22,0
CON04529,PED050722,2025-06-05,CLI01331,LOJ0072,2,81.63,item_faltante,"O pedido chegou incompleto, faltou parte da compra.",0,2262,4,2,0,,sem resposta,autoaprovada,aprovada,58.28,1
CON04530,PED049983,2025-06-08,CLI14187,LOJ0030,2,"93,20",item_faltante,Faltou um item do pedido e a loja não respondeu.,0,2304,5,1,0,,respondida,autoaprovada,aprovada,"R$ 83,27",0
CON04531,PED056697,20/06/2025,CLI12111,LOJ0188,5,178.98,item_faltante,Faltou um item do pedido e a loja não respondeu.,1,1901,0,1,0,,SEM RESPOSTA,autoaprovada,aprovada,142.98,0
CON04532,PED055622,2025-06-21,CLI12014,LOJ0151,3,77.29,NAO ENTREGUE,"O aplicativo marcou como entregue, mas não recebi o pedido.",0,82,1,1,0,,sem_resposta,revisao_manual,negada,0.00,0
CON04533,PED057206,2025-06-27,CLI09828,LOJ0018,3,"R$ 154,54",produto_avariado,O item vazou durante a entrega e não dava para consumir.,1,18,0,1,0,,sem resposta,autoaprovada,aprovada,125.41,0
CON04534,PED053957,2025-06-17,CLI01637,LOJ0375,2,141.41,item_faltante,Faltou um item do pedido e a loja não respondeu.,1,1239,1,1,0,,respondida,revisao_manual,aprovada,"106,70",0
CON04535,PED050816,2025-06-22,CLI03433,LOJ0367,7,102.84,produto_avariado,O produto chegou danificado dentro da sacola.,1,2177,1,5,0,,sem_resposta,autoaprovada,aprovada,48.93,0
CON04536,PED054706,2025-06-12,CLI16392,LOJ0087,4,66.56,pedido_incorreto,Entregaram outro item no lugar do que comprei.,1,2392,0,4,0,,SEM RESPOSTA,negada_ou_retirada,negada,0.00,0
CON04537,PED051367,19/06/2025,CLI01758,LOJ0293,6,"112,19",qualidade,O produto estava com aparência ruim quando chegou.,0,2090,0,1,0,,sem resposta,autoaprovada,aprovada,43.64,0
CON04538,PED055799,2025-06-10,CLI09347,LOJ0182,4,100.79,item_faltante,Faltou um item do pedido e a loja não respondeu.,0,1294,1,3,0,,respondida,revisao_manual,aprovada,91.33,0
CON04539,PED058010,2025-06-26,CLI10886,LOJ0372,6,55.00,produto_avariado,A embalagem chegou aberta e o produto estava avariado.,1,1192,0,5,0,,respondida,negada_ou_retirada,negada,0.00,0
CON04540,PED056918,2025-06-22,CLI08136,LOJ0033,2,135.22,qualidade,O produto estava com aparência ruim quando chegou.,1,1280,3,1,0,,respondida,autoaprovada,aprovada,118.34,1
CON04541,PED056533,2025-06-21,CLI05660,LOJ0402,5,147.48,qualidade,A comida chegou fria e com qualidade abaixo do esperado.,1,1254,0,5,1,,respondida,autoaprovada,aprovada,"R$ 132,36",1
CON04542,PED054700,2025-06-11,CLI10332,LOJ0415,6,76.70,pedido_incorreto,O pedido veio errado e preciso corrigir a cobrança.,1,838,0,6,0,,SEM RESPOSTA,autoaprovada,aprovada,71.74,1
CON04543,PED057744,24/06/2025,CLI13894,LOJ0342,6,94.16,produto_avariado,O item vazou durante a entrega e não dava para consumir.,1,1352,5,6,0,,sem_resposta,revisao_manual,negada,0.00,0
CON04544,PED059136,2025-06-13,CLI08803,LOJ0403,5,"R$ 84,72",pedido_incorreto,Entregaram outro item no lugar do que comprei.,1,626,1,5,0,,respondida,autoaprovada,aprovada,47.57,0
CON04545,PED057954,2025-06-05,CLI03903,LOJ0361,3,165.88,item_faltante,"O pedido chegou incompleto, faltou parte da compra.",1,670,0,3,0,,respondida,autoaprovada,aprovada,146.55,0
CON04546,PED050442,2025-06-23,CLI09491,LOJ0030,6,119.19,item_faltante,Faltou um item do pedido e a loja não respondeu.,1,554,1,6,0,,respondida,negada_ou_retirada,negada,0.00,0
CON04547,PED053197,2025-06-16,CLI02370,LOJ0435,3,72.84,item_faltante,Não recebi todos os itens que estavam na nota.,0,218,1,3,0,,respondida,negada_ou_retirada,negada,0.00,0
CON04548,PED058110,2025-06-18,CLI02340,LOJ0279,5,122.86,pedido_incorreto,O pedido veio errado e preciso corrigir a cobrança.,0,1948,0,2,0,GRP103,respondida,autoaprovada,aprovada,"67,12",1
CON04549,PED050313,26/06/2025,CLI08649,LOJ0049,3,141.26,item_faltante,Faltou um item do pedido e a loja não respondeu.,1,1644,0,1,1,,sem resposta,autoaprovada,aprovada,131.18,0
CON04550,PED053567,2025-06-16,CLI11934,LOJ0081,5,101.81,item_faltante,Não recebi todos os itens que estavam na nota.,1,668,0,3,0,,respondida,autoaprovada,aprovada,92.56,0
CON04551,PED050395,2025-06-30,CLI04795,LOJ0293,5,"210,12",item_faltante,"O pedido chegou incompleto, faltou parte da compra.",1,963,1,2,0,,respondida,autoaprovada,aprovada,188.81,1
CON04552,PED053539,2025-06-17,CLI03301,LOJ0442,2,118.75,qualidade,O produto estava com aparência ruim quando chegou.,1,1548,2,1,0,,respondida,autoaprovada,aprovada,"R$ 99,47",0
CON04553,PED051675,2025-06-05,CLI15375,LOJ0160,6,177.10,pedido_incorreto,Recebi produtos diferentes do que selecionei.,1,747,2,3,0,,respondida,autoaprovada,aprovada,120.08,0
CON04554,PED056890,2025-06-05,CLI09269,LOJ0241,4,170.45,qualidade,A qualidade não correspondeu ao que foi anunciado.,1,781,0,1,0,GRP086,respondida,negada_ou_retirada,negada,0.00,0
CON04555,PED058087,07/06/2025,CLI13939,LOJ0074,5,"R$ 91,67",PRODUTO AVARIADO,A embalagem chegou aberta e o produto estava avariado.,0,1610,0,2,0,GRP018,sem_resposta,autoaprovada,aprovada,"74,96",1
CON04556,PED053097,2025-06-26,CLI02494,LOJ0219,6,194.24,item_faltante,"O pedido chegou incompleto, faltou parte da compra.",1,805,0,2,0,,SEM RESPOSTA,autoaprovada,aprovada,160.52,0
CON04557,PED059014,2025-06-28,CLI04864,LOJ0145,6,64.33,item_faltante,"O pedido chegou incompleto, faltou parte da compra.",0,1478,1,6,0,,sem resposta,negada_ou_retirada,negada,0.00,0
CON04558,PED050123,2025-06-24,CLI11876,LOJ0432,2,"51,74",nao_entregue,"Consta entrega concluída, porém nada foi recebido.",0,1810,1,1,0,,respondida,revisao_manual,negada,0.00,0
CON04559,PED059963,2025-06-08,CLI14307,LOJ0174,4,60.52,qualidade,O produto estava com aparência ruim quando chegou.,0,760,0,1,0,GRP064,SEM RESPOSTA,autoaprovada,aprovada,53.17,1
CON04560,PED050173,2025-06-17,CLI03306,LOJ0385,2,93.50,item_faltante,"O pedido chegou incompleto, faltou parte da compra.",1,282,1,1,0,,sem_resposta,autoaprovada,aprovada,73.78,0
CON04561,PED058222,03/06/2025,CLI17544,LOJ0019,2,144.53,item_faltante,"O pedido chegou incompleto, faltou parte da compra.",1,833,2,1,0,GRP083,sem resposta,autoaprovada,aprovada,139.59,1
CON04562,PED054584,2025-06-17,CLI09523,LOJ0071,5,133.03,pedido_incorreto,Entregaram outro item no lugar do que comprei.,1,387,1,4,0,,sem_resposta,autoaprovada,aprovada,"108,14",0
CON04563,PED055579,2025-06-06,CLI16074,LOJ0105,3,181.81,item_faltante,"O pedido chegou incompleto, faltou parte da compra.",0,1101,1,2,0,,respondida,autoaprovada,aprovada,"R$ 164,08",0
CON04564,PED057147,2025-06-06,CLI08230,LOJ0180,4,72.82,produto_avariado,A embalagem chegou aberta e o produto estava avariado.,1,1991,3,3,0,,SEM RESPOSTA,autoaprovada,aprovada,51.75,0
CON04565,PED051695,2025-06-16,CLI02534,LOJ0039,3,"159,79",nao_entregue,"Consta entrega concluída, porém nada foi recebido.",1,1624,2,2,0,,respondida,autoaprovada,aprovada,153.86,0
CON04566,PED057295,2025-06-04,CLI07697,LOJ0348,7,"R$ 195,10",produto_avariado,O item vazou durante a entrega e não dava para consumir.,1,1006,1,1,0,,sem resposta,autoaprovada,aprovada,163.91,0
CON04567,PED058225,25/06/2025,CLI15933,LOJ0079,2,97.66,nao_entregue,"Consta entrega concluída, porém nada foi recebido.",1,845,0,2,0,,SEM RESPOSTA,negada_ou_retirada,negada,0.00,0
CON04568,PED059408,2025-06-30,CLI15593,LOJ0049,7,67.21,qualidade,O produto estava com aparência ruim quando chegou.,0,992,1,7,0,,respondida,negada_ou_retirada,negada,0.00,0
CON04569,PED053816,2025-06-17,CLI08771,LOJ0185,2,82.43,nao_entregue,"O aplicativo marcou como entregue, mas não recebi o pedido.",0,1969,0,2,0,,sem_resposta,autoaprovada,aprovada,"55,10",1
CON04570,PED058041,2025-06-03,CLI10985,LOJ0304,3,94.20,produto_avariado,O item vazou durante a entrega e não dava para consumir.,1,2150,2,2,0,,respondida,revisao_manual,negada,0.00,0
CON04571,PED055462,2025-06-11,CLI10793,LOJ0108,4,191.26,nao_entregue,"O aplicativo marcou como entregue, mas não recebi o pedido.",0,973,5,1,0,,respondida,autoaprovada,aprovada,187.24,0
CON04572,PED054475,2025-06-20,CLI17392,LOJ0211,5,"123,83",qualidade,A qualidade não correspondeu ao que foi anunciado.,1,581,1,4,0,,respondida,autoaprovada,aprovada,93.74,0
CON04573,PED054509,30/06/2025,CLI11561,LOJ0364,2,112.75,qualidade,A comida chegou fria e com qualidade abaixo do esperado.,1,1747,1,1,0,,respondida,autoaprovada,aprovada,92.12,0
CON04574,PED059700,2025-06-02,CLI02467,LOJ0060,7,461.47,item_faltante,Faltou um item do pedido e a loja não respondeu.,1,1344,1,7,0,,respondida,autoaprovada,aprovada,"R$ 450,89",0
CON04575,PED055275,2025-06-05,CLI01822,LOJ0113,2,128.22,produto_avariado,A embalagem chegou aberta e o produto estava avariado.,1,100,2,1,0,GRP057,sem resposta,autoaprovada,aprovada,118.20,0
CON04576,PED053677,2025-06-03,CLI00532,LOJ0059,2,252.36,pedido_incorreto,Entregaram outro item no lugar do que comprei.,1,199,1,1,0,,sem_resposta,autoaprovada,aprovada,"222,60",0
CON04577,PED056281,2025-06-06,CLI13116,LOJ0019,6,"R$ 93,76",item_faltante,Faltou um item do pedido e a loja não respondeu.,0,662,1,5,0,,respondida,autoaprovada,aprovada,72.70,0
CON04578,PED051297,2025-06-03,CLI06281,LOJ0303,6,94.98,ITEM FALTANTE,Não recebi todos os itens que estavam na nota.,1,1255,2,1,0,,respondida,autoaprovada,aprovada,75.40,1
CON04579,PED054529,04/06/2025,CLI14975,LOJ0212,6,"95,43",qualidade,A comida chegou fria e com qualidade abaixo do esperado.,1,1137,0,5,0,,respondida,revisao_manual,negada,0.00,0
CON04580,PED059849,2025-06-22,CLI02245,LOJ0292,3,171.90,pedido_incorreto,Recebi produtos diferentes do que selecionei.,0,1108,1,2,0,,respondida,autoaprovada,aprovada,158.01,0
CON04581,PED053695,2025-06-19,CLI12040,LOJ0110,4,60.65,item_faltante,"O pedido chegou incompleto, faltou parte da compra.",0,1584,1,3,0,,SEM RESPOSTA,revisao_manual,negada,0.00,0
CON04582,PED054498,2025-06-07,CLI17530,LOJ0168,7,82.36,pedido_incorreto,O pedido veio errado e preciso corrigir a cobrança.,1,179,1,2,0,,sem resposta,autoaprovada,aprovada,27.96,0
CON04583,PED056800,2025-06-25,CLI09143,LOJ0191,6,124.64,nao_entregue,O pedido não chegou no endereço informado.,1,85,0,4,0,,respondida,autoaprovada,aprovada,"112,06",0
CON04584,PED054592,2025-06-28,CLI14738,LOJ0248,3,77.36,produto_avariado,O produto chegou danificado dentro da sacola.,1,1019,0,1,0,GRP098,respondida,autoaprovada,aprovada,50.73,0
CON04585,PED052115,06/06/2025,CLI12650,LOJ0122,5,95.86,pedido_incorreto,Entregaram outro item no lugar do que comprei.,1,1848,2,3,0,,respondida,autoaprovada,aprovada,"R$ 84,20",0
CON04586,PED053435,2025-06-19,CLI07023,LOJ0155,3,"87,41",pedido_incorreto,O pedido veio errado e preciso corrigir a cobrança.,0,206,0,1,0,,respondida,autoaprovada,aprovada,57.06,0
CON04587,PED056794,2025-06-21,CLI13724,LOJ0373,5,175.46,item_faltante,Faltou um item do pedido e a loja não respondeu.,1,1296,0,1,0,,respondida,autoaprovada,aprovada,152.73,0
CON04588,PED051399,2025-06-26,CLI01422,LOJ0028,2,"R$ 209,46",nao_entregue,O pedido não chegou no endereço informado.,1,2326,2,1,0,,respondida,autoaprovada,aprovada,199.56,0
CON04589,PED058521,2025-06-15,CLI04538,LOJ0300,2,215.15,item_faltante,Faltou um item do pedido e a loja não respondeu.,1,595,0,1,0,,SEM RESPOSTA,autoaprovada,aprovada,193.74,0
CON04590,PED051101,2025-06-27,CLI16184,LOJ0004,7,144.14,item_faltante,Faltou um item do pedido e a loja não respondeu.,0,480,0,6,0,GRP040,respondida,autoaprovada,aprovada,"35,58",0
CON04591,PED051893,21/06/2025,CLI02988,LOJ0169,7,154.35,produto_avariado,A embalagem chegou aberta e o produto estava avariado.,1,2006,0,1,0,,sem_resposta,revisao_manual,aprovada,117.19,0
CON04592,PED055904,2025-06-04,CLI05396,LOJ0128,4,156.30,produto_avariado,A embalagem chegou aberta e o produto estava avariado.,1,2363,1,3,0,,respondida,autoaprovada,aprovada,145.70,1
CON04593,PED055023,2025-06-21,CLI03631,LOJ0402,7,"85,17",item_faltante,Não recebi todos os itens que estavam na nota.,0,1789,0,2,1,GRP078,sem resposta,negada_ou_retirada,negada,0.00,0
CON04594,PED059765,2025-06-22,CLI08600,LOJ0392,6,107.47,nao_entregue,"O aplicativo marcou como entregue, mas não recebi o pedido.",0,1343,0,4,0,,sem_resposta,negada_ou_retirada,retirada,0.00,0
CON04595,PED057129,2025-06-06,CLI05769,LOJ0377,2,67.06,nao_entregue,"Consta entrega concluída, porém nada foi recebido.",1,1319,0,2,0,,respondida,autoaprovada,aprovada,43.31,1
CON04596,PED051991,2025-06-21,CLI09417,LOJ0166,2,176.47,produto_avariado,O produto chegou danificado dentro da sacola.,0,1069,0,2,0,,respondida,autoaprovada,aprovada,"R$ 171,00",1
CON04597,PED051844,16/06/2025,CLI10730,LOJ0096,4,72.31,pedido_incorreto,Recebi produtos diferentes do que selecionei.,0,358,1,3,1,,SEM RESPOSTA,autoaprovada,aprovada,"44,84",0
CON04598,PED049837,2025-06-24,CLI08219,LOJ0122,2,94.09,item_faltante,Não recebi todos os itens que estavam na nota.,1,642,1,1,0,,respondida,autoaprovada,aprovada,78.44,0
CON04599,PED059390,2025-06-20,CLI16395,LOJ0061,2,"R$ 69,64",nao_entregue,"Consta entrega concluída, porém nada foi recebido.",1,2019,0,1,0,,respondida,autoaprovada,aprovada,41.27,0
CON04600,PED054334,2025-06-11,CLI10107,LOJ0403,3,"137,47",qualidade,A qualidade não correspondeu ao que foi anunciado.,1,455,6,2,0,,respondida,autoaprovada,aprovada,81.96,0
CON04601,PED050333,2025-06-24,CLI02055,LOJ0012,4,189.44,PRODUTO AVARIADO,A embalagem chegou aberta e o produto estava avariado.,1,411,0,3,0,,respondida,autoaprovada,aprovada,166.96,0
CON04602,PED051905,2025-06-13,CLI06694,LOJ0399,2,169.37,pedido_incorreto,Recebi produtos diferentes do que selecionei.,0,1169,1,1,0,,respondida,autoaprovada,aprovada,151.92,0
CON04603,PED050374,08/06/2025,CLI03475,LOJ0408,5,125.78,produto_avariado,O produto chegou danificado dentro da sacola.,0,1040,0,3,0,,respondida,autoaprovada,aprovada,109.63,0
CON04604,PED055396,2025-06-19,CLI00338,LOJ0329,7,122.30,qualidade,O produto estava com aparência ruim quando chegou.,1,703,0,5,0,,sem resposta,autoaprovada,aprovada,"101,03",0
CON04605,PED055390,2025-06-18,CLI08588,LOJ0279,7,93.09,pedido_incorreto,Recebi produtos diferentes do que selecionei.,1,1046,0,7,0,,respondida,autoaprovada,aprovada,68.60,0
CON04606,PED055166,2025-06-17,CLI01284,LOJ0338,5,85.15,nao_entregue,"Consta entrega concluída, porém nada foi recebido.",1,1777,5,5,0,,SEM RESPOSTA,negada_ou_retirada,negada,0.00,0
CON04607,PED049831,2025-06-22,CLI17921,LOJ0064,6,"90,16",pedido_incorreto,Entregaram outro item no lugar do que comprei.,1,835,2,1,0,,sem_resposta,autoaprovada,aprovada,"R$ 51,12",0
CON04608,PED052835,2025-06-24,CLI04439,LOJ0387,7,196.65,pedido_incorreto,Recebi produtos diferentes do que selecionei.,0,287,0,3,0,,sem resposta,autoaprovada,aprovada,117.67,0
CON04609,PED052572,22/06/2025,CLI03601,LOJ0260,3,171.78,nao_entregue,O pedido não chegou no endereço informado.,1,325,0,2,0,,respondida,autoaprovada,aprovada,150.00,0
CON04610,PED050226,2025-06-09,CLI12527,LOJ0104,3,"R$ 117,05",nao_entregue,O pedido não chegou no endereço informado.,1,2202,1,2,0,,sem_resposta,autoaprovada,aprovada,109.01,0
CON04611,PED058617,2025-06-25,CLI08896,LOJ0092,5,85.88,qualidade,O produto estava com aparência ruim quando chegou.,1,1979,1,4,0,,SEM RESPOSTA,autoaprovada,aprovada,"60,31",0
CON04612,PED053710,2025-06-03,CLI10242,LOJ0179,4,113.37,qualidade,A qualidade não correspondeu ao que foi anunciado.,1,1818,1,3,0,,respondida,autoaprovada,aprovada,79.56,0
CON04613,PED050731,2025-06-26,CLI09100,LOJ0195,2,89.80,pedido_incorreto,Recebi produtos diferentes do que selecionei.,1,732,0,1,0,,sem resposta,autoaprovada,aprovada,62.94,0
CON04614,PED051405,2025-06-29,CLI12076,LOJ0091,3,"76,92",pedido_incorreto,Entregaram outro item no lugar do que comprei.,0,1264,1,3,0,,respondida,negada_ou_retirada,negada,0.00,0
CON04615,PED058298,25/06/2025,CLI12158,LOJ0274,5,142.68,pedido_incorreto,Entregaram outro item no lugar do que comprei.,1,1402,0,1,0,,respondida,autoaprovada,aprovada,105.99,0
CON04616,PED051757,2025-06-08,CLI17470,LOJ0021,5,84.49,item_faltante,Faltou um item do pedido e a loja não respondeu.,1,951,0,4,1,,SEM RESPOSTA,revisao_manual,aprovada,51.37,0
CON04617,PED052357,2025-06-06,CLI06005,LOJ0430,3,80.56,pedido_incorreto,Recebi produtos diferentes do que selecionei.,1,1188,1,1,1,,sem_resposta,revisao_manual,negada,0.00,0
CON04618,PED059095,2025-06-12,CLI11024,LOJ0166,2,73.04,produto_avariado,O item vazou durante a entrega e não dava para consumir.,1,1683,2,1,0,,respondida,autoaprovada,aprovada,"R$ 51,98",0
CON04619,PED051724,2025-06-02,CLI06684,LOJ0142,3,92.25,qualidade,O produto estava com aparência ruim quando chegou.,1,1474,0,1,0,GRP077,respondida,revisao_manual,negada,0.00,0
CON04620,PED055362,2025-06-15,CLI06248,LOJ0134,6,102.14,qualidade,O produto estava com aparência ruim quando chegou.,1,649,0,4,0,,sem resposta,autoaprovada,aprovada,96.27,0
CON04621,PED058075,09/06/2025,CLI05130,LOJ0248,7,"R$ 66,76",item_faltante,"O pedido chegou incompleto, faltou parte da compra.",0,2224,1,7,0,,sem_resposta,revisao_manual,negada,0.00,0
CON04622,PED058435,2025-06-20,CLI10246,LOJ0095,2,104.95,item_faltante,"O pedido chegou incompleto, faltou parte da compra.",1,2068,2,2,0,,respondida,negada_ou_retirada,negada,0.00,0
CON04623,PED058081,2025-06-08,CLI00973,LOJ0095,5,117.61,qualidade,O produto estava com aparência ruim quando chegou.,0,319,1,5,0,,SEM RESPOSTA,autoaprovada,aprovada,95.88,0
CON04624,PED053264,2025-06-02,CLI10012,LOJ0411,7,103.46,ITEM FALTANTE,Não recebi todos os itens que estavam na nota.,1,235,2,2,0,,respondida,revisao_manual,negada,0.00,0
CON04625,PED054916,2025-06-12,CLI12306,LOJ0222,3,98.98,item_faltante,Não recebi todos os itens que estavam na nota.,1,837,0,1,0,,respondida,autoaprovada,aprovada,"89,06",0
CON04626,PED057255,2025-06-04,CLI01270,LOJ0367,5,73.65,produto_avariado,A embalagem chegou aberta e o produto estava avariado.,1,743,1,2,0,,respondida,revisao_manual,negada,0.00,0
CON04627,PED054610,25/06/2025,CLI12904,LOJ0234,3,121.48,pedido_incorreto,Recebi produtos diferentes do que selecionei.,0,738,0,1,0,,sem resposta,revisao_manual,aprovada,108.38,0
CON04628,PED051983,2025-06-19,CLI14632,LOJ0360,5,"112,04",pedido_incorreto,Recebi produtos diferentes do que selecionei.,1,1799,1,3,0,,respondida,autoaprovada,aprovada,97.62,0
CON04629,PED056197,2025-06-20,CLI17744,LOJ0082,7,71.22,pedido_incorreto,O pedido veio errado e preciso corrigir a cobrança.,1,239,1,6,0,,SEM RESPOSTA,negada_ou_retirada,negada,"R$ 0,00",0
CON04630,PED052566,2025-06-13,CLI17221,LOJ0263,2,134.77,pedido_incorreto,Recebi produtos diferentes do que selecionei.,1,1824,4,1,0,,respondida,revisao_manual,aprovada,125.52,0
CON04631,PED051960,2025-06-28,CLI02084,LOJ0338,5,106.61,produto_avariado,A embalagem chegou aberta e o produto estava avariado.,1,1690,1,4,0,,respondida,autoaprovada,aprovada,80.78,0
CON04632,PED050824,2025-06-26,CLI00264,LOJ0283,5,"R$ 187,99",item_faltante,Não recebi todos os itens que estavam na nota.,1,285,0,2,0,GRP093,respondida,autoaprovada,aprovada,"72,28",0
CON04633,PED056711,29/06/2025,CLI09075,LOJ0064,4,76.69,item_faltante,Faltou um item do pedido e a loja não respondeu.,0,152,0,4,0,,respondida,autoaprovada,aprovada,68.95,1
CON04634,PED051382,2025-06-02,CLI00721,LOJ0342,2,48.59,produto_avariado,O produto chegou danificado dentro da sacola.,0,1954,0,1,0,,respondida,negada_ou_retirada,negada,0.00,0
CON04635,PED055424,2025-06-14,CLI09689,LOJ0108,6,"128,09",qualidade,O produto estava com aparência ruim quando chegou.,0,936,1,5,0,,respondida,autoaprovada,aprovada,104.84,1
CON04636,PED051765,2025-06-14,CLI07359,LOJ0298,3,99.63,item_faltante,"O pedido chegou incompleto, faltou parte da compra.",0,1248,1,2,0,,respondida,autoaprovada,aprovada,64.35,0
CON04637,PED056422,2025-06-20,CLI00882,LOJ0152,7,86.73,produto_avariado,A embalagem chegou aberta e o produto estava avariado.,1,1913,0,6,0,,respondida,autoaprovada,aprovada,50.15,0
CON04638,PED054865,2025-06-19,CLI14226,LOJ0189,2,122.10,pedido_incorreto,O pedido veio errado e preciso corrigir a cobrança.,1,477,0,1,0,GRP123,sem_resposta,autoaprovada,aprovada,101.19,0
CON04639,PED057886,30/06/2025,CLI01233,LOJ0048,4,41.78,qualidade,A qualidade não correspondeu ao que foi anunciado.,0,1935,0,2,0,,sem resposta,revisao_manual,negada,"0,00",0
CON04640,PED054806,2025-06-04,CLI05346,LOJ0262,5,82.26,produto_avariado,A embalagem chegou aberta e o produto estava avariado.,1,2215,3,5,0,,respondida,autoaprovada,aprovada,"R$ 72,61",0
CON04641,PED056257,2025-06-13,CLI07654,LOJ0282,2,37.64,item_faltante,Faltou um item do pedido e a loja não respondeu.,1,553,6,1,0,,sem_resposta,negada_ou_retirada,negada,0.00,0
CON04642,PED056678,2025-06-19,CLI07594,LOJ0283,4,"108,43",item_faltante,Faltou um item do pedido e a loja não respondeu.,1,2246,0,3,0,,respondida,revisao_manual,aprovada,75.90,0
CON04643,PED057229,2025-06-17,CLI10759,LOJ0224,4,"R$ 117,76",pedido_incorreto,Recebi produtos diferentes do que selecionei.,1,953,0,4,0,,respondida,autoaprovada,aprovada,64.36,1
CON04644,PED055572,2025-06-16,CLI04059,LOJ0178,6,147.99,item_faltante,Faltou um item do pedido e a loja não respondeu.,1,17,5,2,0,,SEM RESPOSTA,revisao_manual,aprovada,141.59,1
CON04645,PED053490,17/06/2025,CLI10028,LOJ0355,5,93.93,qualidade,A qualidade não correspondeu ao que foi anunciado.,1,1506,0,1,0,GRP061,sem resposta,revisao_manual,negada,0.00,0
CON04646,PED054644,2025-06-28,CLI12136,LOJ0421,2,155.87,item_faltante,Não recebi todos os itens que estavam na nota.,1,1009,0,1,0,,SEM RESPOSTA,autoaprovada,aprovada,"147,11",0
CON04647,PED058866,2025-06-26,CLI14838,LOJ0151,6,76.49,PEDIDO INCORRETO,O pedido veio errado e preciso corrigir a cobrança.,1,1275,2,4,0,,respondida,autoaprovada,aprovada,57.72,0
CON04648,PED053970,2025-06-30,CLI09371,LOJ0077,6,122.63,pedido_incorreto,O pedido veio errado e preciso corrigir a cobrança.,1,743,2,1,0,,respondida,autoaprovada,aprovada,108.04,0
CON04649,PED059085,2025-06-04,CLI15995,LOJ0332,4,"102,03",pedido_incorreto,Recebi produtos diferentes do que selecionei.,1,1102,2,2,0,,sem_resposta,autoaprovada,aprovada,89.03,1
CON04650,PED059314,2025-06-28,CLI01860,LOJ0095,6,110.85,produto_avariado,A embalagem chegou aberta e o produto estava avariado.,1,549,3,4,1,,sem resposta,autoaprovada,aprovada,77.65,1
CON04651,PED057598,04/06/2025,CLI03862,LOJ0057,4,88.76,qualidade,A qualidade não correspondeu ao que foi anunciado.,1,2221,1,3,1,,respondida,revisao_manual,aprovada,"R$ 80,42",0
CON04652,PED055652,2025-06-09,CLI09067,LOJ0333,4,74.11,item_faltante,Não recebi todos os itens que estavam na nota.,1,43,1,4,0,,sem_resposta,revisao_manual,aprovada,49.56,0
CON04653,PED049931,2025-06-14,CLI09814,LOJ0226,7,100.91,produto_avariado,A embalagem chegou aberta e o produto estava avariado.,1,1822,2,6,0,,SEM RESPOSTA,autoaprovada,aprovada,"47,00",1
CON04654,PED053087,2025-06-04,CLI17574,LOJ0443,4,"R$ 84,26",item_faltante,Não recebi todos os itens que estavam na nota.,0,390,1,2,0,,respondida,autoaprovada,aprovada,49.90,0
CON04655,PED052988,2025-06-23,CLI17333,LOJ0130,6,132.23,item_faltante,"O pedido chegou incompleto, faltou parte da compra.",0,1529,2,4,0,,respondida,autoaprovada,aprovada,115.31,0
CON04656,PED056159,2025-06-28,CLI03834,LOJ0372,2,"89,17",nao_entregue,"Consta entrega concluída, porém nada foi recebido.",0,33,0,1,1,,sem resposta,negada_ou_retirada,negada,0.00,0
CON04657,PED051449,17/06/2025,CLI14461,LOJ0118,3,131.73,produto_avariado,O item vazou durante a entrega e não dava para consumir.,1,1695,1,1,0,,respondida,autoaprovada,aprovada,114.68,0
CON04658,PED058505,2025-06-01,CLI02692,LOJ0342,2,127.83,nao_entregue,"Consta entrega concluída, porém nada foi recebido.",0,1151,1,1,0,,SEM RESPOSTA,revisao_manual,aprovada,99.57,0
CON04659,PED050312,2025-06-25,CLI10053,LOJ0179,6,113.32,item_faltante,Faltou um item do pedido e a loja não respondeu.,1,855,0,3,0,,respondida,autoaprovada,aprovada,106.52,0
CON04660,PED055514,2025-06-07,CLI08816,LOJ0327,3,84.71,item_faltante,Faltou um item do pedido e a loja não respondeu.,1,24,0,3,0,,sem_resposta,negada_ou_retirada,retirada,"0,00",0
CON04661,PED057186,2025-06-21,CLI10393,LOJ0393,7,378.08,qualidade,A comida chegou fria e com qualidade abaixo do esperado.,1,2088,0,2,0,,respondida,autoaprovada,aprovada,347.63,0
CON04662,PED050205,2025-06-20,CLI05066,LOJ0167,2,92.08,item_faltante,"O pedido chegou incompleto, faltou parte da compra.",0,1369,1,1,0,,respondida,revisao_manual,negada,"R$ 0,00",0
CON04663,PED051378,14/06/2025,CLI11322,LOJ0002,4,"152,71",pedido_incorreto,Entregaram outro item no lugar do que comprei.,1,70,0,3,0,,respondida,autoaprovada,aprovada,127.22,0
CON04664,PED059425,2025-06-28,CLI04931,LOJ0367,7,160.64,item_faltante,Não recebi todos os itens que estavam na nota.,1,1563,0,2,0,,sem resposta,autoaprovada,aprovada,127.09,0
CON04665,PED057623,2025-06-27,CLI01891,LOJ0385,5,"R$ 159,30",item_faltante,"O pedido chegou incompleto, faltou parte da compra.",1,1730,3,5,0,,respondida,autoaprovada,aprovada,144.67,1
CON04666,PED056170,2025-06-11,CLI16816,LOJ0297,4,82.76,item_faltante,Faltou um item do pedido e a loja não respondeu.,1,1827,0,3,1,,sem_resposta,revisao_manual,aprovada,49.70,0
CON04667,PED055690,2025-06-03,CLI05566,LOJ0419,5,125.40,produto_avariado,O produto chegou danificado dentro da sacola.,0,1644,1,5,0,,respondida,autoaprovada,aprovada,"101,92",0
CON04668,PED051823,2025-06-12,CLI15612,LOJ0441,5,110.31,produto_avariado,O item vazou durante a entrega e não dava para consumir.,1,1217,0,2,0,,respondida,revisao_manual,negada,0.00,0
CON04669,PED056574,14/06/2025,CLI12541,LOJ0416,2,244.98,qualidade,A qualidade não correspondeu ao que foi anunciado.,1,1420,2,1,0,,respondida,autoaprovada,aprovada,214.20,0
CON04670,PED056452,2025-06-01,CLI11983,LOJ0193,4,"116,02",PEDIDO INCORRETO,Entregaram outro item no lugar do que comprei.,1,1514,0,2,0,,SEM RESPOSTA,revisao_manual,aprovada,95.48,0
CON04671,PED056809,2025-06-07,CLI00512,LOJ0018,3,244.42,item_faltante,Não recebi todos os itens que estavam na nota.,0,573,1,2,1,,respondida,autoaprovada,aprovada,211.89,0
CON04672,PED052227,2025-06-01,CLI10519,LOJ0290,6,70.45,qualidade,A comida chegou fria e com qualidade abaixo do esperado.,1,353,0,6,0,,respondida,autoaprovada,aprovada,46.85,0
CON04673,PED058016,2025-06-30,CLI02557,LOJ0134,7,124.35,qualidade,A qualidade não correspondeu ao que foi anunciado.,0,2257,2,6,0,,sem resposta,autoaprovada,aprovada,"R$ 89,77",0
CON04674,PED050132,2025-06-25,CLI14406,LOJ0136,6,149.40,item_faltante,Não recebi todos os itens que estavam na nota.,0,618,2,5,0,,respondida,autoaprovada,aprovada,"118,30",0
CON04675,PED059712,05/06/2025,CLI01711,LOJ0357,5,89.84,produto_avariado,A embalagem chegou aberta e o produto estava avariado.,0,958,0,1,0,,respondida,negada_ou_retirada,retirada,0.00,0
CON04676,PED051630,2025-06-13,CLI07372,LOJ0060,3,"R$ 143,13",pedido_incorreto,Recebi produtos diferentes do que selecionei.,0,663,0,1,0,,SEM RESPOSTA,autoaprovada,aprovada,110.34,0
CON04677,PED052282,2025-06-03,CLI00131,LOJ0440,2,"76,22",item_faltante,Faltou um item do pedido e a loja não respondeu.,1,1085,0,2,0,,respondida,autoaprovada,aprovada,60.46,0
CON04678,PED049832,2025-06-06,CLI01311,LOJ0114,2,68.29,pedido_incorreto,Recebi produtos diferentes do que selecionei.,1,1757,2,1,0,,respondida,negada_ou_retirada,negada,0.00,0
CON04679,PED057767,2025-06-29,CLI05632,LOJ0021,3,177.54,item_faltante,Faltou um item do pedido e a loja não respondeu.,1,1973,1,2,0,,sem_resposta,autoaprovada,aprovada,152.50,0
CON04680,PED051454,2025-06-18,CLI00189,LOJ0383,2,123.94,item_faltante,Faltou um item do pedido e a loja não respondeu.,0,70,2,1,0,,respondida,autoaprovada,aprovada,86.22,1
CON04681,PED059588,23/06/2025,CLI10049,LOJ0093,2,147.71,pedido_incorreto,O pedido veio errado e preciso corrigir a cobrança.,0,1075,3,1,0,,sem resposta,autoaprovada,aprovada,"137,46",1
CON04682,PED057363,2025-06-04,CLI14387,LOJ0117,5,134.65,pedido_incorreto,Entregaram outro item no lugar do que comprei.,1,474,1,2,0,,sem_resposta,autoaprovada,aprovada,111.37,0
CON04683,PED049830,2025-06-10,CLI03039,LOJ0049,7,314.37,qualidade,A comida chegou fria e com qualidade abaixo do esperado.,1,253,0,1,0,,respondida,autoaprovada,aprovada,294.43,0
CON04684,PED056564,2025-06-13,CLI08638,LOJ0232,5,"161,08",pedido_incorreto,Entregaram outro item no lugar do que comprei.,1,651,1,5,0,GRP110,SEM RESPOSTA,autoaprovada,aprovada,"R$ 139,83",1
CON04685,PED052926,2025-06-07,CLI01732,LOJ0024,6,144.88,item_faltante,Não recebi todos os itens que estavam na nota.,0,1414,1,5,0,,respondida,autoaprovada,aprovada,33.95,0
CON04686,PED055830,2025-06-19,CLI01760,LOJ0391,6,98.17,qualidade,A qualidade não correspondeu ao que foi anunciado.,1,79,0,4,0,,sem resposta,autoaprovada,aprovada,87.64,0
CON04687,PED053319,03/06/2025,CLI00591,LOJ0302,2,"R$ 205,53",item_faltante,Faltou um item do pedido e a loja não respondeu.,1,2388,6,1,1,,SEM RESPOSTA,revisao_manual,aprovada,178.83,1
CON04688,PED056721,2025-06-20,CLI04736,LOJ0256,7,72.83,produto_avariado,O item vazou durante a entrega e não dava para consumir.,0,927,2,3,0,,sem_resposta,autoaprovada,aprovada,"39,36",0
CON04689,PED056869,2025-06-10,CLI06140,LOJ0175,3,90.32,qualidade,A comida chegou fria e com qualidade abaixo do esperado.,1,152,2,1,1,,respondida,autoaprovada,aprovada,68.51,0
CON04690,PED057521,2025-06-08,CLI10671,LOJ0092,4,72.50,qualidade,A qualidade não correspondeu ao que foi anunciado.,0,1841,0,4,0,,respondida,revisao_manual,negada,0.00,0
CON04691,PED051358,2025-06-25,CLI08225,LOJ0408,2,"129,03",item_faltante,"O pedido chegou incompleto, faltou parte da compra.",1,1306,0,1,0,,sem resposta,autoaprovada,aprovada,102.14,0
CON04692,PED058767,2025-06-06,CLI15819,LOJ0365,3,196.85,nao_entregue,O pedido não chegou no endereço informado.,1,2188,1,2,0,,sem_resposta,autoaprovada,aprovada,162.43,0
CON04693,PED050887,14/06/2025,CLI07339,LOJ0050,6,98.66,ITEM FALTANTE,"O pedido chegou incompleto, faltou parte da compra.",1,352,1,2,0,,respondida,autoaprovada,aprovada,82.78,0
CON04694,PED055494,2025-06-30,CLI12518,LOJ0354,7,99.05,qualidade,A qualidade não correspondeu ao que foi anunciado.,1,913,1,1,0,,respondida,revisao_manual,aprovada,67.26,0
CON04695,PED052547,2025-06-19,CLI03887,LOJ0322,2,190.24,produto_avariado,O produto chegou danificado dentro da sacola.,0,1787,2,1,0,,respondida,autoaprovada,aprovada,"R$ 71,08",0
CON04696,PED056688,2025-06-15,CLI09134,LOJ0328,6,86.56,produto_avariado,O produto chegou danificado dentro da sacola.,1,2203,4,1,0,,respondida,autoaprovada,aprovada,55.02,0
CON04697,PED051945,2025-06-11,CLI17686,LOJ0235,4,100.62,pedido_incorreto,O pedido veio errado e preciso corrigir a cobrança.,1,988,0,1,0,,SEM RESPOSTA,autoaprovada,aprovada,68.77,0
CON04698,PED051452,2025-06-26,CLI08174,LOJ0225,2,"R$ 137,30",produto_avariado,O item vazou durante a entrega e não dava para consumir.,1,600,2,1,0,,respondida,negada_ou_retirada,retirada,0.00,0
CON04699,PED055343,16/06/2025,CLI01580,LOJ0314,7,149.28,pedido_incorreto,Recebi produtos diferentes do que selecionei.,0,1792,1,3,0,,respondida,autoaprovada,aprovada,130.42,0
CON04700,PED057781,2025-06-13,CLI08278,LOJ0228,7,165.85,pedido_incorreto,O pedido veio errado e preciso corrigir a cobrança.,0,2300,1,3,1,,respondida,autoaprovada,aprovada,135.44,1
CON04701,PED059078,2025-06-29,CLI14360,LOJ0144,6,209.11,item_faltante,Não recebi todos os itens que estavam na nota.,0,1974,1,6,0,,respondida,autoaprovada,aprovada,197.43,1
CON04702,PED055078,2025-06-05,CLI09253,LOJ0312,2,32.29,produto_avariado,O item vazou durante a entrega e não dava para consumir.,0,202,0,2,0,GRP067,sem resposta,negada_ou_retirada,negada,"0,00",0
CON04703,PED059752,2025-06-10,CLI00741,LOJ0371,5,74.61,item_faltante,Não recebi todos os itens que estavam na nota.,0,1998,0,1,0,,respondida,negada_ou_retirada,negada,0.00,0
CON04704,PED051978,2025-06-02,CLI10163,LOJ0093,4,86.76,pedido_incorreto,O pedido veio errado e preciso corrigir a cobrança.,1,675,2,1,0,,respondida,autoaprovada,aprovada,74.15,0
CON04705,PED050546,27/06/2025,CLI16942,LOJ0065,2,"105,52",item_faltante,Faltou um item do pedido e a loja não respondeu.,0,836,0,2,0,,respondida,autoaprovada,aprovada,70.06,0
CON04706,PED051650,2025-06-12,CLI13940,LOJ0383,3,115.53,item_faltante,"O pedido chegou incompleto, faltou parte da compra.",1,2280,0,1,0,,respondida,revisao_manual,negada,"R$ 0,00",0
CON04707,PED057469,2025-06-05,CLI03053,LOJ0164,7,118.58,nao_entregue,"O aplicativo marcou como entregue, mas não recebi o pedido.",1,1326,0,3,0,,respondida,autoaprovada,aprovada,96.91,0
CON04708,PED052509,2025-06-17,CLI07292,LOJ0389,7,70.98,nao_entregue,O pedido não chegou no endereço informado.,1,2361,0,5,0,,respondida,revisao_manual,aprovada,55.13,0
CON04709,PED053199,2025-06-14,CLI15621,LOJ0383,6,"R$ 130,21",pedido_incorreto,Recebi produtos diferentes do que selecionei.,1,2013,1,2,0,,SEM RESPOSTA,revisao_manual,aprovada,"102,07",0
CON04710,PED051483,2025-06-05,CLI17060,LOJ0260,3,103.69,nao_entregue,"Consta entrega concluída, porém nada foi recebido.",1,2229,0,2,0,,sem_resposta,autoaprovada,aprovada,79.41,1
CON04711,PED052094,03/06/2025,CLI11405,LOJ0284,4,97.68,qualidade,A comida chegou fria e com qualidade abaixo do esperado.,1,217,5,2,0,,sem resposta,autoaprovada,aprovada,37.14,1
CON04712,PED057307,2025-06-15,CLI03344,LOJ0059,4,"84,78",produto_avariado,A embalagem chegou aberta e o produto estava avariado.,1,1046,0,2,0,,sem_resposta,autoaprovada,aprovada,73.65,0
CON04713,PED054604,2025-06-23,CLI10351,LOJ0056,6,88.70,item_faltante,"O pedido chegou incompleto, faltou parte da compra.",0,1047,0,1,0,,respondida,autoaprovada,aprovada,76.34,0
CON04714,PED050723,2025-06-08,CLI02712,LOJ0139,2,144.50,nao_entregue,"O aplicativo marcou como entregue, mas não recebi o pedido.",1,1206,0,1,0,,SEM RESPOSTA,autoaprovada,aprovada,116.69,0
CON04715,PED052713,2025-06-20,CLI02798,LOJ0145,4,94.22,item_faltante,Faltou um item do pedido e a loja não respondeu.,1,2198,0,3,0,,respondida,autoaprovada,aprovada,76.51,0
CON04716,PED058922,2025-06-29,CLI15944,LOJ0400,4,98.87,ITEM FALTANTE,Faltou um item do pedido e a loja não respondeu.,1,1627,2,4,0,,respondida,revisao_manual,aprovada,"68,55",0
CON04717,PED052156,19/06/2025,CLI09757,LOJ0107,5,111.77,pedido_incorreto,Recebi produtos diferentes do que selecionei.,1,359,2,5,1,,respondida,revisao_manual,negada,"R$ 0,00",0
CON04718,PED053036,2025-06-15,CLI01594,LOJ0092,2,124.93,pedido_incorreto,Entregaram outro item no lugar do que comprei.,0,969,0,1,0,,respondida,autoaprovada,aprovada,109.64,0
CON04719,PED051646,2025-06-19,CLI12679,LOJ0381,5,"89,68",item_faltante,Não recebi todos os itens que estavam na nota.,1,2202,0,2,0,,sem resposta,autoaprovada,aprovada,63.27,1
CON04720,PED050764,2025-06-01,CLI12446,LOJ0392,2,"R$ 52,52",produto_avariado,A embalagem chegou aberta e o produto estava avariado.,1,498,2,1,0,,respondida,negada_ou_retirada,retirada,0.00,0
CON04721,PED059512,2025-06-22,CLI02037,LOJ0290,7,31.19,nao_entregue,"Consta entrega concluída, porém nada foi recebido.",1,280,0,2,0,,SEM RESPOSTA,negada_ou_retirada,negada,0.00,0
CON04722,PED058357,2025-06-01,CLI07673,LOJ0379,2,228.34,qualidade,A comida chegou fria e com qualidade abaixo do esperado.,0,1154,1,1,0,,sem_resposta,autoaprovada,aprovada,193.20,0
CON04723,PED051592,06/06/2025,CLI03811,LOJ0271,4,103.51,item_faltante,"O pedido chegou incompleto, faltou parte da compra.",1,1876,2,3,0,,sem resposta,autoaprovada,aprovada,"65,01",0
CON04724,PED055942,2025-06-26,CLI13842,LOJ0067,3,96.53,qualidade,O produto estava com aparência ruim quando chegou.,1,167,6,3,1,,sem_resposta,autoaprovada,aprovada,78.32,1
CON04725,PED059769,2025-06-30,CLI11488,LOJ0173,2,204.03,pedido_incorreto,O pedido veio errado e preciso corrigir a cobrança.,1,883,0,1,0,,SEM RESPOSTA,autoaprovada,aprovada,198.33,1
CON04726,PED055541,2025-06-23,CLI04772,LOJ0302,6,"147,12",produto_avariado,A embalagem chegou aberta e o produto estava avariado.,1,1738,1,5,0,,respondida,autoaprovada,aprovada,103.95,0
CON04727,PED058080,2025-06-21,CLI07287,LOJ0052,3,93.51,nao_entregue,O pedido não chegou no endereço informado.,1,944,0,2,0,,respondida,autoaprovada,aprovada,80.92,0
CON04728,PED052218,2025-06-01,CLI05137,LOJ0226,5,173.06,pedido_incorreto,Entregaram outro item no lugar do que comprei.,1,1201,0,1,0,,respondida,autoaprovada,aprovada,"R$ 149,36",0
CON04729,PED057003,06/06/2025,CLI17629,LOJ0336,2,117.48,qualidade,A comida chegou fria e com qualidade abaixo do esperado.,1,1262,0,1,0,,respondida,autoaprovada,aprovada,89.28,0
CON04730,PED054523,2025-06-12,CLI07640,LOJ0131,3,81.62,item_faltante,Não recebi todos os itens que estavam na nota.,1,2368,1,2,0,,sem resposta,autoaprovada,aprovada,"62,05",0
CON04731,PED057943,2025-06-01,CLI17798,LOJ0193,3,"R$ 88,52",qualidade,A comida chegou fria e com qualidade abaixo do esperado.,1,255,2,1,0,,respondida,autoaprovada,aprovada,75.66,0
CON04732,PED054798,2025-06-17,CLI12386,LOJ0236,7,80.39,item_faltante,Faltou um item do pedido e a loja não respondeu.,1,117,0,6,0,,SEM RESPOSTA,autoaprovada,aprovada,49.53,0
CON04733,PED058887,2025-06-08,CLI02471,LOJ0438,4,"89,73",pedido_incorreto,O pedido veio errado e preciso corrigir a cobrança.,1,1402,0,2,0,,respondida,revisao_manual,aprovada,75.82,0
CON04734,PED056107,2025-06-21,CLI09940,LOJ0229,6,106.58,item_faltante,"O pedido chegou incompleto, faltou parte da compra.",0,2007,1,5,0,,respondida,negada_ou_retirada,retirada,0.00,0
CON04735,PED055470,26/06/2025,CLI11815,LOJ0123,2,153.74,qualidade,A comida chegou fria e com qualidade abaixo do esperado.,1,1389,1,1,0,,sem_resposta,autoaprovada,aprovada,123.40,0
CON04736,PED051596,2025-06-08,CLI05767,LOJ0203,2,90.95,item_faltante,"O pedido chegou incompleto, faltou parte da compra.",1,679,0,1,0,,sem resposta,autoaprovada,aprovada,84.59,1
CON04737,PED054288,2025-06-01,CLI03407,LOJ0001,6,134.54,pedido_incorreto,O pedido veio errado e preciso corrigir a cobrança.,0,833,1,1,0,,respondida,autoaprovada,aprovada,"122,60",0
CON04738,PED052878,2025-06-21,CLI00436,LOJ0246,7,158.91,pedido_incorreto,Recebi produtos diferentes do que selecionei.,0,1901,0,6,0,,sem_resposta,revisao_manual,aprovada,132.31,1
CON04739,PED054556,2025-06-01,CLI08170,LOJ0021,6,36.40,PEDIDO INCORRETO,Entregaram outro item no lugar do que comprei.,0,1346,2,3,0,,SEM RESPOSTA,negada_ou_retirada,negada,"R$ 0,00",0
CON04740,PED059657,2025-06-20,CLI09974,LOJ0001,2,"106,58",produto_avariado,A embalagem chegou aberta e o produto estava avariado.,0,2084,0,1,0,GRP115,sem resposta,autoaprovada,aprovada,71.12,0
CON04741,PED050462,14/06/2025,CLI14319,LOJ0286,4,129.24,pedido_incorreto,O pedido veio errado e preciso corrigir a cobrança.,1,1399,5,2,0,,respondida,autoaprovada,aprovada,76.60,0
CON04742,PED056485,2025-06-27,CLI07029,LOJ0210,5,"R$ 144,74",nao_entregue,"O aplicativo marcou como entregue, mas não recebi o pedido.",1,105,1,2,0,,SEM RESPOSTA,autoaprovada,aprovada,123.61,0
CON04743,PED058094,2025-06-02,CLI09351,LOJ0412,5,95.22,item_faltante,Não recebi todos os itens que estavam na nota.,1,1746,1,5,0,,respondida,autoaprovada,aprovada,82.70,0
CON04744,PED059587,2025-06-15,CLI14658,LOJ0270,4,122.08,item_faltante,Não recebi todos os itens que estavam na nota.,0,444,6,1,0,,respondida,autoaprovada,aprovada,"100,58",0
CON04745,PED057200,2025-06-19,CLI03114,LOJ0345,2,199.25,produto_avariado,A embalagem chegou aberta e o produto estava avariado.,1,1286,1,1,0,,sem_resposta,autoaprovada,aprovada,162.26,0
CON04746,PED051652,2025-06-09,CLI08772,LOJ0333,6,141.51,item_faltante,Faltou um item do pedido e a loja não respondeu.,1,1748,0,1,0,,sem resposta,revisao_manual,aprovada,134.78,0
CON04747,PED057194,27/06/2025,CLI03781,LOJ0023,6,"83,37",produto_avariado,O produto chegou danificado dentro da sacola.,0,1823,2,4,0,,respondida,autoaprovada,aprovada,73.06,0
CON04748,PED059172,2025-06-15,CLI15491,LOJ0114,2,44.51,produto_avariado,A embalagem chegou aberta e o produto estava avariado.,1,205,2,2,0,,sem_resposta,negada_ou_retirada,retirada,0.00,0
CON04749,PED056270,2025-06-06,CLI05293,LOJ0077,6,144.76,produto_avariado,A embalagem chegou aberta e o produto estava avariado.,1,1367,0,3,0,,respondida,autoaprovada,aprovada,139.56,0
CON04750,PED055088,2025-06-01,CLI03320,LOJ0133,2,145.70,pedido_incorreto,Recebi produtos diferentes do que selecionei.,1,1125,2,1,0,,respondida,revisao_manual,aprovada,"R$ 114,65",0
CON04751,PED059623,2025-06-04,CLI17223,LOJ0043,4,105.00,produto_avariado,O item vazou durante a entrega e não dava para consumir.,1,1157,0,3,0,,SEM RESPOSTA,autoaprovada,aprovada,"75,70",0
CON04752,PED055233,2025-06-04,CLI12763,LOJ0364,5,129.74,nao_entregue,"Consta entrega concluída, porém nada foi recebido.",0,59,0,2,0,GRP121,respondida,autoaprovada,aprovada,119.83,0
CON04753,PED059534,28/06/2025,CLI15278,LOJ0346,2,"R$ 58,99",produto_avariado,O item vazou durante a entrega e não dava para consumir.,0,1241,0,1,0,,respondida,negada_ou_retirada,negada,0.00,0
CON04754,PED051601,2025-06-07,CLI00713,LOJ0197,6,"29,05",nao_entregue,"Consta entrega concluída, porém nada foi recebido.",1,1054,0,4,0,,sem resposta,revisao_manual,negada,0.00,0
CON04755,PED050056,2025-06-18,CLI14668,LOJ0184,5,204.01,qualidade,A qualidade não correspondeu ao que foi anunciado.,1,2285,0,3,0,,respondida,autoaprovada,aprovada,167.41,0
CON04756,PED052689,2025-06-09,CLI07250,LOJ0162,2,126.29,item_faltante,Faltou um item do pedido e a loja não respondeu.,1,2346,0,1,0,,respondida,autoaprovada,aprovada,89.44,0
CON04757,PED055788,2025-06-04,CLI06036,LOJ0421,7,70.28,item_faltante,"O pedido chegou incompleto, faltou parte da compra.",1,906,1,6,0,,respondida,revisao_manual,negada,0.00,0
CON04758,PED053222,2025-06-30,CLI03706,LOJ0430,3,86.09,item_faltante,Faltou um item do pedido e a loja não respondeu.,1,775,0,1,0,,SEM RESPOSTA,autoaprovada,aprovada,"80,17",1
CON04759,PED059743,07/06/2025,CLI02718,LOJ0334,2,160.54,produto_avariado,O produto chegou danificado dentro da sacola.,1,1360,0,1,0,,sem_resposta,autoaprovada,aprovada,135.90,0
CON04760,PED051824,2025-06-02,CLI00150,LOJ0303,2,63.76,qualidade,A qualidade não correspondeu ao que foi anunciado.,1,2387,0,1,0,,respondida,revisao_manual,negada,0.00,0
CON04761,PED053450,2025-06-12,CLI00714,LOJ0444,3,"78,25",qualidade,A comida chegou fria e com qualidade abaixo do esperado.,0,1898,0,2,1,,sem resposta,autoaprovada,aprovada,"R$ 47,77",1
CON04762,PED054628,2025-06-07,CLI13307,LOJ0288,3,105.71,PEDIDO INCORRETO,O pedido veio errado e preciso corrigir a cobrança.,1,472,0,1,0,,respondida,autoaprovada,aprovada,90.79,0
CON04763,PED056118,2025-06-24,CLI11521,LOJ0055,3,57.77,pedido_incorreto,Entregaram outro item no lugar do que comprei.,1,1122,0,1,0,,sem_resposta,negada_ou_retirada,negada,0.00,0
CON04764,PED051198,2025-06-01,CLI10155,LOJ0109,3,"R$ 118,64",nao_entregue,O pedido não chegou no endereço informado.,1,42,2,2,0,,SEM RESPOSTA,negada_ou_retirada,retirada,0.00,0
CON04765,PED052036,04/06/2025,CLI17993,LOJ0269,2,134.91,item_faltante,"O pedido chegou incompleto, faltou parte da compra.",0,510,2,2,0,,sem resposta,autoaprovada,aprovada,"114,89",0
CON04766,PED056608,2025-06-23,CLI03828,LOJ0328,3,137.58,qualidade,A comida chegou fria e com qualidade abaixo do esperado.,1,1000,1,2,0,,SEM RESPOSTA,revisao_manual,aprovada,107.21,1
CON04767,PED054483,2025-06-25,CLI13572,LOJ0108,6,204.63,produto_avariado,O item vazou durante a entrega e não dava para consumir.,1,2357,4,6,0,,respondida,autoaprovada,aprovada,183.10,1
CON04768,PED052987,2025-06-29,CLI08038,LOJ0046,4,"137,94",produto_avariado,A embalagem chegou aberta e o produto estava avariado.,1,893,0,3,0,,respondida,autoaprovada,aprovada,119.93,0
CON04769,PED052453,2025-06-12,CLI13277,LOJ0386,5,128.26,pedido_incorreto,Recebi produtos diferentes do que selecionei.,0,2026,0,2,0,,respondida,autoaprovada,aprovada,94.15,0
CON04770,PED058796,2025-06-24,CLI12364,LOJ0075,2,117.52,nao_entregue,"O aplicativo marcou como entregue, mas não recebi o pedido.",0,285,2,2,0,,sem_resposta,negada_ou_retirada,retirada,0.00,0
CON04771,PED049968,26/06/2025,CLI00440,LOJ0220,7,104.73,produto_avariado,O produto chegou danificado dentro da sacola.,1,781,0,3,0,,sem resposta,negada_ou_retirada,retirada,0.00,0
CON04772,PED059388,2025-06-30,CLI06630,LOJ0007,5,110.62,pedido_incorreto,Recebi produtos diferentes do que selecionei.,0,1147,0,4,0,,respondida,autoaprovada,aprovada,"R$ 62,11",0
CON04773,PED051070,2025-06-15,CLI13605,LOJ0063,2,111.39,produto_avariado,O item vazou durante a entrega e não dava para consumir.,0,1154,0,1,1,,sem_resposta,autoaprovada,aprovada,94.26,1
CON04774,PED058360,2025-06-26,CLI08187,LOJ0004,6,88.83,qualidade,O produto estava com aparência ruim quando chegou.,0,180,1,5,0,,SEM RESPOSTA,autoaprovada,aprovada,52.93,0
CON04775,PED053714,2025-06-28,CLI07859,LOJ0044,7,"R$ 92,68",item_faltante,Não recebi todos os itens que estavam na nota.,1,2000,1,1,0,,respondida,autoaprovada,aprovada,77.56,0
CON04776,PED053003,2025-06-20,CLI17422,LOJ0156,2,141.05,item_faltante,Faltou um item do pedido e a loja não respondeu.,1,595,4,1,0,,respondida,autoaprovada,aprovada,113.24,0
CON04777,PED056592,04/06/2025,CLI05775,LOJ0099,6,142.85,qualidade,A qualidade não correspondeu ao que foi anunciado.,1,1282,6,2,0,,sem resposta,revisao_manual,aprovada,137.95,0
CON04778,PED057787,2025-06-14,CLI00248,LOJ0356,6,57.23,pedido_incorreto,Entregaram outro item no lugar do que comprei.,0,2299,1,4,0,,respondida,revisao_manual,negada,0.00,0
CON04779,PED055726,2025-06-10,CLI06649,LOJ0320,2,100.99,pedido_incorreto,Entregaram outro item no lugar do que comprei.,1,2237,2,1,0,,respondida,autoaprovada,aprovada,"88,59",0
CON04780,PED059372,2025-06-04,CLI07189,LOJ0356,4,165.58,produto_avariado,O produto chegou danificado dentro da sacola.,0,1966,0,1,0,,respondida,autoaprovada,aprovada,102.21,0
CON04781,PED055733,2025-06-01,CLI15127,LOJ0178,2,96.32,pedido_incorreto,Entregaram outro item no lugar do que comprei.,1,279,0,1,1,,SEM RESPOSTA,autoaprovada,aprovada,89.08,0
CON04782,PED052785,2025-06-01,CLI07025,LOJ0385,5,"216,37",item_faltante,Faltou um item do pedido e a loja não respondeu.,1,1208,2,5,0,,respondida,autoaprovada,aprovada,187.97,1
CON04783,PED056302,29/06/2025,CLI09819,LOJ0189,2,75.55,produto_avariado,O item vazou durante a entrega e não dava para consumir.,1,1607,2,1,0,,sem_resposta,autoaprovada,aprovada,"R$ 49,48",0
CON04784,PED059690,2025-06-06,CLI07065,LOJ0153,2,236.99,pedido_incorreto,Entregaram outro item no lugar do que comprei.,1,381,1,1,0,GRP091,sem resposta,autoaprovada,aprovada,229.03,0
CON04785,PED056295,2025-06-05,CLI07796,LOJ0226,3,113.68,PRODUTO AVARIADO,O produto chegou danificado dentro da sacola.,1,1010,1,2,0,,sem_resposta,autoaprovada,aprovada,80.92,0
CON04786,PED053509,2025-06-22,CLI00485,LOJ0428,2,"R$ 45,84",pedido_incorreto,Entregaram outro item no lugar do que comprei.,1,1716,0,2,1,,SEM RESPOSTA,revisao_manual,negada,"0,00",0
CON04787,PED053828,2025-06-21,CLI13751,LOJ0112,5,134.10,produto_avariado,A embalagem chegou aberta e o produto estava avariado.,1,466,1,2,0,,sem resposta,autoaprovada,aprovada,99.83,0
CON04788,PED056915,2025-06-30,CLI09561,LOJ0344,6,74.79,produto_avariado,A embalagem chegou aberta e o produto estava avariado.,1,204,0,6,0,,respondida,autoaprovada,aprovada,68.45,1
CON04789,PED052238,03/06/2025,CLI17004,LOJ0029,7,"62,49",nao_entregue,"Consta entrega concluída, porém nada foi recebido.",1,943,0,6,0,,respondida,revisao_manual,negada,0.00,0
CON04790,PED052973,2025-06-25,CLI16280,LOJ0019,5,191.03,produto_avariado,O produto chegou danificado dentro da sacola.,0,2349,1,3,0,,SEM RESPOSTA,autoaprovada,aprovada,172.35,0
CON04791,PED051194,2025-06-25,CLI10340,LOJ0293,3,120.88,produto_avariado,O produto chegou danificado dentro da sacola.,1,379,1,2,0,,respondida,revisao_manual,negada,0.00,0
CON04792,PED051615,2025-06-05,CLI15399,LOJ0354,5,164.00,nao_entregue,"Consta entrega concluída, porém nada foi recebido.",1,547,1,5,0,,sem_resposta,autoaprovada,aprovada,56.36,0
CON04793,PED059617,2025-06-20,CLI15657,LOJ0159,7,77.15,produto_avariado,O produto chegou danificado dentro da sacola.,1,981,0,5,0,,respondida,autoaprovada,aprovada,"53,24",0
CON04794,PED057399,2025-06-14,CLI03275,LOJ0438,3,182.60,item_faltante,Faltou um item do pedido e a loja não respondeu.,1,1272,0,1,0,,respondida,autoaprovada,aprovada,"R$ 50,43",0
CON04795,PED055909,12/06/2025,CLI11452,LOJ0007,7,164.22,produto_avariado,O item vazou durante a entrega e não dava para consumir.,0,2325,2,3,0,,respondida,autoaprovada,aprovada,148.85,0
CON04796,PED051224,2025-06-28,CLI12374,LOJ0279,4,"69,40",produto_avariado,O produto chegou danificado dentro da sacola.,1,1687,2,3,1,,sem resposta,negada_ou_retirada,negada,0.00,0
CON04797,PED053809,2025-06-16,CLI04608,LOJ0097,2,"R$ 72,61",qualidade,A comida chegou fria e com qualidade abaixo do esperado.,0,23,1,1,0,,respondida,autoaprovada,aprovada,58.88,0
CON04798,PED058969,2025-06-14,CLI09242,LOJ0014,6,95.50,nao_entregue,"Consta entrega concluída, porém nada foi recebido.",1,795,1,4,0,,respondida,autoaprovada,aprovada,49.00,1
CON04799,PED051123,2025-06-14,CLI04425,LOJ0167,2,115.32,qualidade,A qualidade não correspondeu ao que foi anunciado.,0,1563,1,2,0,,respondida,autoaprovada,aprovada,94.79,0
CON04800,PED055884,2025-06-17,CLI01591,LOJ0285,5,80.72,pedido_incorreto,Recebi produtos diferentes do que selecionei.,1,1773,0,4,0,,sem_resposta,negada_ou_retirada,negada,"0,00",0
CON00300,PED007769,2025-01-17,CLI13128,LOJ0188,2,87.53,NAO ENTREGUE,"O aplicativo marcou como entregue, mas não recebi o pedido.",0,1811,1,1,0,GRP052,respondida,negada_ou_retirada,retirada,0.00,0
CON04511,PED054946,2025-06-21,CLI03969,LOJ0233,4,"R$ 44,00",pedido_incorreto,O pedido veio errado e preciso corrigir a cobrança.,1,1008,2,3,0,,respondida,revisao_manual,negada,0.00,0
CON01088,PED016047,2025-02-23,CLI01681,LOJ0014,4,83.21,produto_avariado,O item vazou durante a entrega e não dava para consumir.,1,2257,1,1,0,,respondida,autoaprovada,aprovada,75.19,0
CON00109,PED006486,09/01/2025,CLI05089,LOJ0272,4,124.55,item_faltante,Faltou um item do pedido e a loja não respondeu.,0,457,1,3,0,,respondida,autoaprovada,aprovada,91.43,1
CON03325,PED040131,12/05/2025,CLI15968,LOJ0390,4,226.02,pedido_incorreto,Recebi produtos diferentes do que selecionei.,1,2029,3,1,0,,respondida,autoaprovada,aprovada,190.56,0
CON04681,PED059588,23/06/2025,CLI10049,LOJ0093,2,147.71,pedido_incorreto,O pedido veio errado e preciso corrigir a cobrança.,0,1075,3,1,0,,sem resposta,autoaprovada,aprovada,"137,46",1
CON00878,PED017667,2025-02-11,CLI13361,LOJ0160,4,87.40,item_faltante,"O pedido chegou incompleto, faltou parte da compra.",0,2161,2,2,0,GRP022,sem resposta,revisao_manual,aprovada,"R$ 59,36",0
CON01463,PED026509,2025-03-24,CLI12317,LOJ0334,6,111.91,item_faltante,"O pedido chegou incompleto, faltou parte da compra.",1,388,0,2,0,,sem_resposta,autoaprovada,aprovada,79.00,0
CON00526,PED004674,2025-01-19,CLI13055,LOJ0116,4,"140,31",qualidade,A comida chegou fria e com qualidade abaixo do esperado.,0,146,1,2,0,,sem resposta,autoaprovada,aprovada,"R$ 102,98",0
CON04197,PED053793,2025-06-13,CLI05786,LOJ0034,5,90.85,nao_entregue,"Consta entrega concluída, porém nada foi recebido.",0,1851,0,1,0,,SEM RESPOSTA,autoaprovada,aprovada,77.38,0
CON00316,PED007999,2025-01-11,CLI09713,LOJ0406,6,"61,38",pedido_incorreto,O pedido veio errado e preciso corrigir a cobrança.,1,1033,1,1,0,,sem_resposta,autoaprovada,aprovada,29.76,0
CON01614,PED028331,2025-03-17,CLI06502,LOJ0140,5,118.49,item_faltante,Faltou um item do pedido e a loja não respondeu.,0,704,0,1,0,,SEM RESPOSTA,autoaprovada,aprovada,68.12,0
CON02785,PED037297,05/04/2025,CLI00416,LOJ0436,5,121.49,qualidade,A qualidade não correspondeu ao que foi anunciado.,0,421,2,1,0,,respondida,revisao_manual,aprovada,86.13,1
CON03100,PED040814,2025-05-28,CLI17678,LOJ0295,6,50.96,item_faltante,Faltou um item do pedido e a loja não respondeu.,1,1747,1,3,0,,SEM RESPOSTA,negada_ou_retirada,negada,"R$ 0,00",0
CON00509,PED003745,2025-01-08,CLI06432,LOJ0101,6,132.05,pedido_incorreto,O pedido veio errado e preciso corrigir a cobrança.,1,439,3,2,0,,respondida,autoaprovada,aprovada,"94,37",0
CON00576,PED002009,2025-01-30,CLI05425,LOJ0277,5,110.13,NAO ENTREGUE,"O aplicativo marcou como entregue, mas não recebi o pedido.",1,473,1,4,0,,respondida,autoaprovada,aprovada,75.40,0
CON01313,PED017821,2025-02-16,CLI13171,LOJ0314,2,119.52,pedido_incorreto,O pedido veio errado e preciso corrigir a cobrança.,1,304,2,1,0,,respondida,revisao_manual,aprovada,86.90,0
CON02029,PED028391,29/03/2025,CLI02395,LOJ0119,3,82.31,pedido_incorreto,Recebi produtos diferentes do que selecionei.,0,1455,5,3,0,,respondida,autoaprovada,aprovada,47.11,1
CON03742,PED047090,2025-05-22,CLI09205,LOJ0226,3,81.70,item_faltante,Faltou um item do pedido e a loja não respondeu.,0,1111,2,1,0,,sem_resposta,autoaprovada,aprovada,72.09,0
CON02248,PED029810,2025-04-08,CLI11595,LOJ0227,5,"105,85",qualidade,A qualidade não correspondeu ao que foi anunciado.,0,2018,0,3,0,,sem resposta,autoaprovada,aprovada,71.17,0
