contestacao_id,probabilidade_modelo
CON00007,0.3137695257974983
CON00020,0.22005565129551644
CON00039,0.20171255432428048
CON00055,0.14271891989557672
CON00062,0.19964604259890467
CON00069,0.043794333615386906
CON00097,0.050334369600073724
CON00181,0.2884989928741861
CON00255,0.05644050015557179
CON00276,0.35862069481580805
CON00341,0.11335623237391605
CON00356,0.19997442281108166
CON00384,0.12782154771940007
CON00400,0.21949829435160764
CON00410,0.05422438206526742
CON00483,0.2852545249855347
CON00499,0.11032032499665731
CON00571,0.04625785824719571
CON00653,0.19759481060719733
CON00671,0.04968903997990464
CON00028,0.130881157110017
CON00074,0.02959692091669709
CON00105,0.1905826662267333
CON00145,0.06457898044766064
CON00153,0.03794745663953409
CON00186,0.13499055877463764
CON00233,0.07314118281494926
CON00242,0.15265666460659308
CON00278,0.5292880609760318
CON00280,0.3329667698269563
CON00286,0.28627160103698207
CON00363,0.06119572818947519
CON00378,0.06551530877210969
CON00386,0.05982164254481089
CON00405,0.22688810126099904
CON00450,0.14960948610968153
CON00468,0.046123826152817134
CON00556,0.33147560055784636
CON00559,0.3846657977005696
CON00596,0.08281223006969107
CON00627,0.1966080278922154
CON00018,0.0879607800950037
CON00056,0.08250702150997445
CON00101,0.09301451144833198
CON00110,0.04700388357182207
CON00144,0.17104027265492924
CON00180,0.13054392913688928
CON00189,0.10407502288635595
CON00196,0.05923166458651094
CON00202,0.32601470346821537
CON00224,0.17143341975000054
CON00247,0.2808497560133066
CON00273,0.17287293310776625
CON00308,0.2716345619618838
CON00382,0.21928033183835127
CON00404,0.036240335623095817
CON00498,0.14921751932075364
CON00546,0.06941946713005842
CON00553,0.21730032796515047
CON00607,0.1297609414947724
CON00624,0.04580739130030909
CON00631,0.09170860200593
CON00006,0.03872439293857817
CON00010,0.13345742386025425
CON00057,0.05048180419005716
CON00073,0.15889408190820212
CON00085,0.09957169025976437
CON00089,0.13314292498857522
CON00111,0.21458493069424858
CON00119,0.2285293173904716
CON00132,0.18990529606085862
CON00228,0.09357459830600368
CON00287,0.14506563736226394
CON00306,0.05233295805482078
CON00307,0.16083335433588578
CON00380,0.2928991973519348
CON00453,0.05393366181597124
CON00474,0.06696637263008788
CON00508,0.039111610606268624
CON00514,0.10483618773228134
CON00515,0.0957844968194198
CON00538,0.07307943791536876
CON00540,0.06783214121617737
CON00557,0.07947047581014763
CON00575,0.06927746377255235
CON00602,0.04799534145456126
CON00613,0.05027990792653177
CON00661,0.03254196086078778
CON00005,0.09318346752841039
CON00075,0.3064154134362472
CON00082,0.09131596424871742
CON00095,0.28432810663069996
CON00121,0.08309652663186133
CON00127,0.04805221342917931
CON00133,0.07852137472570789
CON00188,0.6270483684675487
CON00249,0.06423232927298614
CON00258,0.24442387431033435
CON00268,0.10523416421407661
CON00319,0.09725142207087402
CON00527,0.11904532797665501
CON00597,0.07133929132657338
CON00634,0.1168494353197296
CON00639,0.09178431023184082
CON00646,0.03284525782465983
CON00087,0.34086534827262266
CON00093,0.24361883940657814
CON00099,0.09350100296213548
CON00100,0.10018176123018777
CON00141,0.31327822011292084
CON00148,0.4077286684619643
CON00160,0.028368381696132285
CON00211,0.05085159502499231
CON00237,0.10817078408906555
CON00253,0.16352600794371772
CON00324,0.5031950349831738
CON00371,0.057035435253100876
CON00398,0.030759608873074166
CON00403,0.062471389603145334
CON00416,0.17059407433656315
CON00480,0.033204954159693455
CON00591,0.11401736340500881
CON00619,0.07877175881869465
CON00678,0.14224061252279777
CON00690,0.04556167482546882
CON00034,0.09968247145135446
CON00037,0.626794239493894
CON00064,0.17903383350304772
CON00084,0.0632336582805445
CON00113,0.03227936286702685
CON00116,0.12313496526897251
CON00118,0.1055321035342314
CON00156,0.045396878527388614
CON00170,0.3514797130308795
CON00187,0.15095502769850788
CON00208,0.06423158517232848
CON00229,0.0734930183192422
CON00266,0.06748831938900696
CON00290,0.05881427950929939
CON00311,0.08332506345909828
CON00326,0.07690830749424649
CON00381,0.04114931474589353
CON00396,0.18914462524899192
CON00439,0.07090870179820596
CON00470,0.24922228773061378
CON00511,0.04682657124237413
CON00517,0.09790704020922697
CON00565,0.6407503403385252
CON00641,0.15100063573685485
CON00649,0.12549449622383077
CON00135,0.06676312585241362
CON00222,0.04881736864662286
CON00313,0.10583318547479648
CON00486,0.13490623874700736
CON00492,0.0880415493115543
CON00509,0.21668517485897348
CON00561,0.052583067093791944
CON00563,0.06885675921271331
CON00581,0.07869481078433972
CON00586,0.27330038384991623
CON00588,0.06740464286050878
CON00600,0.043472935295123354
CON00630,0.1059882541221097
CON00644,0.04864386821283045
CON00652,0.033887344028410225
CON00654,0.33417572896126296
CON00674,0.12538156634497782
CON00059,0.20655022288881392
CON00102,0.04794471457437921
CON00109,0.12527931857522326
CON00136,0.261553297091596
CON00146,0.09317373159092972
CON00149,0.059394980992593445
CON00154,0.04974192219184458
CON00159,0.07912738165374449
CON00369,0.1070474132056976
CON00374,0.13855692030209685
CON00376,0.09307472862456746
CON00413,0.06556284710089026
CON00554,0.16494648602350298
CON00574,0.07479101302571738
CON00017,0.11360927146631372
CON00143,0.18981997700250003
CON00166,0.11137832487955197
CON00171,0.31642342591941525
CON00174,0.07699400508783126
CON00176,0.08493041923550221
CON00179,0.060798579203321705
CON00227,0.10340103302218157
CON00298,0.10263805643563488
CON00342,0.09292890009588543
CON00348,0.16742250027296254
CON00351,0.2319024267400143
CON00368,0.08976600113685063
CON00377,0.1855720450229761
CON00496,0.12289139362344036
CON00547,0.12660697886401442
CON00636,0.044540940915192985
CON00664,0.22106467027541615
CON00683,0.12919147704528
CON00688,0.040419551491933096
CON00032,0.07331767971135027
CON00077,0.06484261412752536
CON00079,0.1299504154558855
CON00107,0.28143456540425066
CON00151,0.05829952960506075
CON00161,0.033334316574224095
CON00198,0.14490872899659946
CON00230,0.03278385119581564
CON00279,0.15292784673929058
CON00291,0.04936406721915448
CON00302,0.03756296318514322
CON00316,0.057761749006485466
CON00327,0.24832136341193622
CON00387,0.02840357198241997
CON00452,0.051847929527369246
CON00455,0.03301451465423625
CON00475,0.0876266998662524
CON00481,0.3948840968048417
CON00549,0.2203692345033101
CON00552,0.28062676383801355
CON00643,0.45693720279438144
CON00650,0.2462430157740551
CON00026,0.5973710013130851
CON00050,0.15514094207327173
CON00054,0.10698534839657028
CON00061,0.08721155918544864
CON00067,0.08369110571000767
CON00083,0.10381687788905024
CON00108,0.18168090730466868
CON00223,0.4681807810765339
CON00238,0.3450884597250266
CON00314,0.5086975946108035
CON00336,0.04577287868016559
CON00399,0.19742137240162033
CON00429,0.06940620575288456
CON00430,0.13936737546524064
CON00451,0.5067839296786955
CON00459,0.053792582484737936
CON00490,0.27160854409392204
CON00495,0.40985988427858644
CON00497,0.15719503060882117
CON00502,0.4365422161120256
CON00512,0.10822435060911811
CON00518,0.10488855878943805
CON00521,0.23430671126786679
CON00537,0.033228561870684854
CON00570,0.11389701509061748
CON00606,0.1021597771046732
CON00623,0.09395716064708312
CON00656,0.06931271769889508
CON00027,0.13116991747455337
CON00221,0.0793347100206036
CON00265,0.03456842184049966
CON00281,0.10122095556586537
CON00320,0.5626045967199733
CON00330,0.12420659951727393
CON00352,0.15085739903973197
CON00417,0.0775730196700114
CON00465,0.0364057361310156
CON00473,0.16641151603726215
CON00494,0.10416191622027435
CON00569,0.06626400523505807
CON00579,0.07497478420436487
CON00594,0.05103853266633291
CON00604,0.10210877087635684
CON00655,0.2967371188623509
CON00658,0.0379701731898713
CON00672,0.5905605496331223
CON00013,0.04825217490141214
CON00014,0.06894464059710267
CON00025,0.0979470341132524
CON00035,0.11474058194168013
CON00042,0.0813730407907345
CON00096,0.35941792849465604
CON00098,0.053200790679827206
CON00122,0.09615399522752006
CON00126,0.12297467696729657
CON00158,0.09721397088097854
CON00194,0.039900423139754164
CON00246,0.05958051896615605
CON00288,0.13387112182314076
CON00339,0.2013291289558713
CON00354,0.053849534930008706
CON00357,0.07016903694516277
CON00370,0.34063760783819436
CON00390,0.0685494325981289
CON00402,0.0458048060281518
CON00482,0.03900641166437388
CON00543,0.05925859288901616
CON00612,0.07338129538504778
CON00614,0.11055986629409406
CON00635,0.2417732947007111
CON00651,0.08780160402912798
CON00659,0.21766982507596191
CON00675,0.08126833388723725
CON00001,0.43568722818945044
CON00003,0.03525824204494372
CON00004,0.3210449580560121
CON00091,0.07092102203893247
CON00106,0.048033578635154714
CON00129,0.07223433179358625
CON00162,0.18831259665596012
CON00277,0.03254861216849172
CON00297,0.3006202354827023
CON00321,0.11131392038041094
CON00329,0.19344832894703923
CON00388,0.07454819882359622
CON00406,0.18497813074205394
CON00503,0.16688084196191452
CON00520,0.1762492996680779
CON00539,0.05108654892544142
CON00548,0.13908793535674238
CON00583,0.16408446084869216
CON00585,0.29755695058596815
CON00618,0.07177650562861047
CON00662,0.10353787227840128
CON00665,0.2847691748271356
CON00046,0.17552400301251506
CON00047,0.3120339402445495
CON00094,0.052182645451091074
CON00140,0.20607799567398544
CON00150,0.09184267444947097
CON00220,0.4716141760354283
CON00244,0.19657287143750218
CON00252,0.13722274037922372
CON00269,0.3734907589258604
CON00317,0.23704730154838738
CON00340,0.12983950389103155
CON00346,0.08198338810194991
CON00428,0.34311314001851967
CON00472,0.06946025887968738
CON00491,0.06961566959137358
CON00493,0.10026639575111682
CON00532,0.2825802435298599
CON00566,0.03283666942887719
CON00629,0.0772560780109813
CON00002,0.058789685758646744
CON00044,0.1869334764696983
CON00060,0.09542702971065026
CON00103,0.1297900407369938
CON00191,0.10279832888613058
CON00210,0.1225494288925088
CON00300,0.11196815662929462
CON00431,0.09275294802556114
CON00436,0.41469137115643373
CON00437,0.08494937216147219
CON00454,0.05865374448860836
CON00460,0.1076719382636417
CON00461,0.07838401412248114
CON00488,0.13329966890062334
CON00573,0.1306421869616796
CON00578,0.1401612173175174
CON00589,0.11758080382606687
CON00626,0.5564425219423648
CON00632,0.11653174769136117
CON00670,0.06531103533570858
CON00676,0.07230063637231395
CON00033,0.059346053614666744
CON00049,0.0304946935763729
CON00088,0.04676520947349749
CON00139,0.09044732082210477
CON00243,0.6321987030510081
CON00257,0.08394058114133124
CON00383,0.07386012609642087
CON00424,0.32220614930292096
CON00479,0.2887632442964995
CON00504,0.07411525212140486
CON00506,0.05258980707471041
CON00534,0.14476814446209266
CON00544,0.05379700144773157
CON00560,0.0703455958657386
CON00582,0.06816658907044827
CON00611,0.06586851783571515
CON00637,0.24340454592143337
CON00666,0.25595105007371094
CON00680,0.16135328445332867
CON00689,0.04745353102378286
CON00012,0.05313606893862922
CON00036,0.08543848994925986
CON00058,0.07143044848306047
CON00071,0.10357240251630588
CON00117,0.10638459242681712
CON00128,0.08853570539654612
CON00231,0.5489809611431725
CON00239,0.10738082961430495
CON00284,0.11214976366607601
CON00332,0.09060508044856203
CON00372,0.051630281997034316
CON00393,0.03538337192033311
CON00395,0.1996172031188919
CON00411,0.08864238410307111
CON00456,0.06100729121302595
CON00485,0.06222021725176385
CON00501,0.2560698404542111
CON00526,0.17837756583120148
CON00541,0.2654734003981973
CON00542,0.2414190238528631
CON00065,0.22793406629455618
CON00086,0.1890312017818547
CON00115,0.13477673569561946
CON00165,0.267058461402962
CON00182,0.3632038195915413
CON00197,0.059479227213703995
CON00217,0.033868926825413904
CON00250,0.16200836023098084
CON00271,0.05920912564560104
CON00282,0.192298498021278
CON00309,0.046433014346317546
CON00379,0.1525468947137535
CON00392,0.1774044041572413
CON00418,0.060517925470198665
CON00423,0.0533529801286093
CON00425,0.06695877415622696
CON00426,0.3491570782692061
CON00440,0.045250855514965216
CON00443,0.06555792897620416
CON00592,0.1369927787377914
CON00603,0.2566792797102211
CON00616,0.5577923040428493
CON00628,0.08590220279312155
CON00642,0.30952874290312066
CON00660,0.09921568459745737
CON00024,0.03339590678027697
CON00030,0.0752188979194234
CON00045,0.5933415090472959
CON00138,0.0594191650965239
CON00167,0.11405966049707304
CON00173,0.21595143256665633
CON00205,0.06860946261730778
CON00213,0.07110425444981854
CON00225,0.08698664624127875
CON00235,0.05892146798057908
CON00241,0.3011388855457043
CON00389,0.054035785414528394
CON00391,0.12619546748138194
CON00433,0.10660972593336672
CON00434,0.02960007849231298
CON00469,0.0625930571931594
CON00524,0.04266051440511546
CON00568,0.1329971708117447
CON00593,0.0702448423649782
CON00599,0.09570714165548083
CON00622,0.41517782008859777
CON00667,0.1074001957927262
CON00679,0.11071154129232648
CON00682,0.07974563387806265
CON00684,0.36381494167655587
CON00687,0.11009778257157163
CON00008,0.38233903969543265
CON00009,0.24622604508607582
CON00022,0.05580930199691668
CON00023,0.194204652128725
CON00048,0.11754422414740213
CON00112,0.19841613959322238
CON00157,0.3919727672511576
CON00190,0.13479757461848185
CON00312,0.0724247336457509
CON00322,0.17249152751048233
CON00331,0.38887915870951234
CON00333,0.5194365993258472
CON00350,0.16095361576676032
CON00438,0.14948052678127863
CON00444,0.039989600728490726
CON00447,0.2363710516387599
CON00500,0.047020164258218415
CON00516,0.4449174472716678
CON00525,0.24028864065380617
CON00550,0.10337049244484235
CON00567,0.06068749394906154
CON00685,0.11384503929086914
CON00029,0.2228403365134793
CON00114,0.044441974806632485
CON00124,0.06415957670201715
CON00134,0.24452156800733243
CON00147,0.7032989591408378
CON00152,0.14998883582243394
CON00175,0.03346197915992555
CON00201,0.0430024112879318
CON00261,0.4440476167764212
CON00264,0.05306737317357235
CON00267,0.6078296911265695
CON00283,0.048876054674103726
CON00293,0.23895843279995455
CON00299,0.2107399920182223
CON00338,0.2955732452296996
CON00345,0.1530377208209594
CON00347,0.10032673521142912
CON00366,0.1104423159940557
CON00375,0.051861757163099334
CON00409,0.18184227382211204
CON00528,0.07029056886826084
CON00535,0.03366535422478446
CON00558,0.15070711230397799
CON00562,0.2864495788681396
CON00587,0.0423458770396661
CON00598,0.028119273764218123
CON00608,0.10699987481912339
CON00663,0.13855187823924017
CON00686,0.0712809627207862
CON00041,0.11105564872803307
CON00043,0.20492515806389666
CON00195,0.0561871756823067
CON00214,0.2141576353594695
CON00263,0.07337520345955026
CON00270,0.5167509067096179
CON00343,0.04953743112029144
CON00466,0.11081493081193221
CON00519,0.08639009453762203
CON00536,0.45331988995447015
CON00590,0.09727124671806972
CON00595,0.08389466349629274
CON00609,0.1322886072519448
CON00640,0.03580403973061685
CON00078,0.08714780740586868
CON00092,0.047164639987427794
CON00104,0.15186808766389345
CON00177,0.26011065688727913
CON00200,0.04318275018138024
CON00207,0.12409967804617576
CON00209,0.21500138959024773
CON00232,0.08821188280151022
CON00262,0.09556360334079951
CON00272,0.0675727285402848
CON00274,0.04672646501628634
CON00328,0.3808597422856793
CON00337,0.25229169263390666
CON00355,0.0411931575117755
CON00385,0.34264864916017684
CON00407,0.08393021873161212
CON00446,0.11293853508028458
CON00463,0.07984359025990068
CON00476,0.16589274626300934
CON00478,0.11909364153312998
CON00484,0.1927583975426159
CON00507,0.06203581600122226
CON00530,0.25943132402931435
CON00531,0.04549044300140423
CON00545,0.10258450492618629
CON00584,0.051870671884704955
CON00620,0.04933671400050002
CON00668,0.13168456955039648
CON00673,0.05060132446336265
CON00681,0.044256294124717786
CON00016,0.04710135592077108
CON00021,0.17802493513843937
CON00040,0.33095308623655934
CON00052,0.029788146970762725
CON00076,0.07849362325003251
CON00169,0.05203898833806312
CON00183,0.1318748360257003
CON00185,0.15775091344418482
CON00193,0.33436764925719825
CON00216,0.11438205844692668
CON00248,0.0563802361432075
CON00254,0.16826632287511434
CON00256,0.10893179001483465
CON00318,0.032953065299820915
CON00323,0.3717336333771015
CON00325,0.07140720554659198
CON00358,0.11166505074434047
CON00435,0.04997069358872302
CON00441,0.08991256331315584
CON00445,0.11339267380104177
CON00458,0.06382238113232534
CON00522,0.7567906729391634
CON00555,0.3175513214063559
CON00572,0.06765898489710921
CON00615,0.10513775368021477
CON00015,0.15675731178258492
CON00053,0.11537214292494867
CON00063,0.25497669824108965
CON00090,0.11263458865231402
CON00123,0.08685882637132428
CON00155,0.20487108569607942
CON00212,0.12874720968994094
CON00304,0.06927596982303345
CON00315,0.2160746593585775
CON00359,0.12416050233700617
CON00360,0.10384754227844133
CON00365,0.05305239910598052
CON00394,0.2763015469176082
CON00397,0.14510801149657485
CON00414,0.06984900612493616
CON00415,0.19245712719422114
CON00422,0.0952271197973988
CON00427,0.25720337406408317
CON00432,0.051016389163361486
CON00487,0.0715421929473808
CON00529,0.327601535852872
CON00564,0.6228551768774255
CON00031,0.07666368254547927
CON00072,0.11523644857711862
CON00178,0.06549175429996038
CON00192,0.03473421644370142
CON00199,0.10492664470052557
CON00204,0.06178766463935275
CON00215,0.10941609286896299
CON00251,0.05876099095629695
CON00275,0.029339427063570594
CON00305,0.06669103788867915
CON00335,0.10540066275943612
CON00344,0.3228899441143877
CON00420,0.05305823576444685
CON00442,0.0794539664335223
CON00462,0.3174879904543127
CON00477,0.03295279602859591
CON00523,0.3282487114164418
CON00533,0.2614191460516305
CON00551,0.13172323570234082
CON00601,0.38342317292100014
CON00621,0.3231988104915025
CON00633,0.1441593205677061
CON00647,0.042789645156699176
CON00011,0.05401683459184254
CON00019,0.10589142425187284
CON00038,0.054392629138467645
CON00051,0.16620453934593427
CON00066,0.11556587004902344
CON00068,0.11951838913941835
CON00120,0.06575400043907548
CON00142,0.22844423256002905
CON00184,0.08678214421428637
CON00219,0.05213940381421136
CON00236,0.3537773350200741
CON00292,0.21210472780659978
CON00296,0.1134294349698686
CON00310,0.05829162685030054
CON00349,0.08548397462417633
CON00419,0.22772009673936314
CON00449,0.19875593178400594
CON00464,0.05805300661221799
CON00513,0.09891846752237671
CON00610,0.20570243534958385
CON00625,0.029969392555949177
CON00645,0.038497396918296865
CON00070,0.048551643670975864
CON00080,0.08168621384414172
CON00130,0.03352543974640173
CON00163,0.22216747191834596
CON00168,0.08983863971420669
CON00172,0.11554910628066536
CON00203,0.0603610132412701
CON00206,0.0592355506625065
CON00226,0.1091272231802755
CON00234,0.10544946257313215
CON00245,0.053542725113440416
CON00260,0.13323516983354383
CON00289,0.24086913333764084
CON00295,0.22109063314278835
CON00301,0.08897049060072812
CON00303,0.19651130440292264
CON00353,0.04983624430621795
CON00361,0.4498365647240067
CON00367,0.16629593416086133
CON00373,0.19807131784731033
CON00401,0.10989200135006286
CON00412,0.037302196261301615
CON00457,0.13230662717493719
CON00489,0.053900943075131005
CON00576,0.08019145196093555
CON00577,0.045037941696623694
CON00617,0.13741511589813568
CON00638,0.04441151857287864
CON00657,0.22849746005653956
CON00669,0.27128394180121573
CON00677,0.09838020025032214
CON00081,0.1418215441228768
CON00125,0.6969442221453063
CON00131,0.04773290082024042
CON00137,0.035970381324977
CON00164,0.32788460370646305
CON00218,0.14819810164030506
CON00240,0.11395823753520215
CON00259,0.06516831542103314
CON00285,0.10458611833407484
CON00294,0.2520731780724123
CON00334,0.25842485058634984
CON00362,0.052226956309305135
CON00364,0.4364302192066541
CON00408,0.09040341780568004
CON00421,0.07607129740212798
CON00448,0.12213222253107005
CON00467,0.07071903968141367
CON00471,0.029302273892722424
CON00505,0.050846809312267954
CON00510,0.04864032647178617
CON00580,0.2735530159881946
CON00605,0.3542226566033446
CON00648,0.4137343198421318
CON00708,0.03524404900140877
CON00715,0.14534503355351613
CON00755,0.17377507977149845
CON00781,0.20966147339749555
CON00794,0.11371283072383997
CON00810,0.327799850466933
CON00850,0.09233133915873716
CON00884,0.09713491062984558
CON00901,0.22393280845366537
CON00903,0.47315162653393655
CON00924,0.333295881179424
CON00947,0.0862273386560785
CON01042,0.09456889228751333
CON01049,0.10862096826462815
CON01140,0.09842952252386115
CON01150,0.25719904290917284
CON01182,0.09896290212532315
CON01186,0.19711793618593773
CON01227,0.08745918236276712
CON01234,0.0924005638410964
CON01261,0.02953364768322273
CON01315,0.5526845762956919
CON01368,0.03273993175626143
CON01383,0.0567846819927891
CON00711,0.14662637603080145
CON00737,0.05322362945438998
CON00744,0.24508512133445112
CON00764,0.07376878729247563
CON00827,0.048191467617856226
CON00834,0.036015745188841576
CON00910,0.12767145995168347
CON00927,0.0745676604968466
CON00949,0.10679819496208497
CON01009,0.07888349847935529
CON01053,0.2870126537652949
CON01078,0.04037735222883646
CON01089,0.0832241087144751
CON01157,0.07652214405178154
CON01199,0.05385683165849939
CON01229,0.11182323292180735
CON01279,0.10709437609548011
CON01339,0.1604197009482401
CON01340,0.20892009090664768
CON01343,0.030503869667473055
CON01352,0.22615074134847574
CON01353,0.0944720043793586
CON01430,0.055938487770415796
CON00802,0.03840556366551967
CON00818,0.2328594765452477
CON00851,0.07789870542828894
CON00915,0.04236174664490469
CON00923,0.09859357395522068
CON00935,0.09436950676097532
CON00992,0.11400190123906627
CON01048,0.37502579316831464
CON01059,0.032825132188236565
CON01063,0.22459175628045916
CON01135,0.06824123134324596
CON01145,0.08810072018254152
CON01146,0.033170792394074826
CON01215,0.2849091479640143
CON01251,0.14295451778511237
CON01258,0.09239448215404858
CON01337,0.11179665820823707
CON01349,0.04285138206792605
CON01370,0.5560067150851667
CON01375,0.1816057971198449
CON01384,0.2393324532022741
CON01390,0.0849007297117823
CON01431,0.5238870473711267
CON00694,0.03258215476021043
CON00739,0.08142896170486726
CON00742,0.05632408238313651
CON00791,0.07552665634728442
CON00797,0.0334322036815305
CON00801,0.35483618902302955
CON00816,0.07457100514775375
CON00881,0.04898235522624149
CON00889,0.17014335912073209
CON00920,0.06321815997784738
CON00961,0.16031842787514727
CON00994,0.14330489561721174
CON01000,0.03273591814916606
CON01036,0.06806055472147639
CON01100,0.54940117378097
CON01125,0.04157212677582436
CON01128,0.0727100776922611
CON01143,0.17259154536938465
CON01155,0.05045931561642499
CON01165,0.09652671775697491
CON01170,0.21553236552962696
CON01176,0.22345222051101524
CON01232,0.14903789311260132
CON01245,0.28570689476178
CON01287,0.030246488087078034
CON01294,0.12612684930948237
CON01317,0.13208440581132236
CON01325,0.24551099564544654
CON01425,0.049192275065986
CON00710,0.052450807183708745
CON00714,0.1592324897694624
CON00758,0.11422099609421234
CON00795,0.4992276911752824
CON00814,0.24067229844925717
CON00824,0.31596590075377345
CON00869,0.1833916978238481
CON00886,0.13557960614199438
CON00896,0.19064693460221094
CON00898,0.11336496966578133
CON00932,0.097013076829202
CON00965,0.06243936379602544
CON00970,0.2483183439438203
CON00978,0.49839525403319523
CON00995,0.14548707878272202
CON01005,0.3181476668490355
CON01016,0.05143911363684932
CON01020,0.10827588141685064
CON01028,0.05184066515733524
CON01056,0.16440826035810288
CON01114,0.17514979219887003
CON01121,0.2253104737439098
CON01124,0.2575676768011513
CON01132,0.2455161407099814
CON01236,0.18618266451809043
CON01240,0.19790818812886526
CON01244,0.1322118699511028
CON01286,0.08577130518756641
CON01309,0.055128545085144004
CON01320,0.08037148937349049
CON01329,0.14204746834711002
CON01398,0.06367994932553259
CON01406,0.223230291012418
CON01424,0.11236449205785544
CON01428,0.1487686612418894
CON00750,0.15422769338233228
CON00759,0.21054751825056583
CON00767,0.0951362994024052
CON00796,0.09632201733840283
CON00836,0.0789155134260456
CON00840,0.281739647995739
CON00843,0.0834679453605244
CON00863,0.06247929101226753
CON00885,0.4159208035655529
CON00894,0.10381058874750804
CON00917,0.16344363910715096
CON00981,0.03306121453359779
CON01012,0.07449674937933454
CON01022,0.11961204046218418
CON01031,0.055596804776751774
CON01090,0.20340772821396305
CON01112,0.13341652983659127
CON01152,0.08705019847637328
CON01203,0.0674026296154169
CON01220,0.17260120236669568
CON01241,0.27546583035421446
CON01253,0.07665585398453384
CON01264,0.08351662366806135
CON01270,0.5408475749440312
CON01289,0.08164226110247799
CON01298,0.1424590217866707
CON01305,0.36794540705032275
CON01323,0.0688363419398876
CON01342,0.23121961047101294
CON01435,0.05372042059056081
CON00704,0.1925225058425548
CON00706,0.3994247285038937
CON00734,0.07968890798685592
CON00783,0.22053781240033762
CON00826,0.13211937114251363
CON00828,0.03303502235629263
CON00847,0.06257153582738638
CON00852,0.06955748284674491
CON00914,0.09016621829027754
CON00950,0.08803433579823852
CON00960,0.07456277804362639
CON00967,0.09520413427620944
CON01023,0.24937419326109084
CON01069,0.04233418193763832
CON01087,0.145054659780976
CON01123,0.07375221062243408
CON01164,0.10181890763483963
CON01168,0.045805792990134396
CON01185,0.16052992313873748
CON01195,0.10055675983821759
CON01206,0.04800731160373566
CON01242,0.06841017555064774
CON01272,0.13210828937204874
CON01321,0.1484282681796051
CON01341,0.049602129748819286
CON01363,0.06854671091682123
CON01388,0.0836102461874215
CON00736,0.07535718038277736
CON00749,0.06743094585655199
CON00762,0.8967363339878923
CON00780,0.07847302436303447
CON00789,0.06543550532470342
CON00829,0.07591243112536655
CON00845,0.11912980973868043
CON00888,0.03311284746164455
CON00937,0.06389796462962112
CON00940,0.18689431809167426
CON00944,0.0677069768093163
CON00948,0.07166276427237088
CON00972,0.032785452543361925
CON00976,0.07324097218471483
CON00985,0.09927488947078925
CON01014,0.14849274379620497
CON01025,0.20709047002444753
CON01034,0.12792976570765643
CON01041,0.029532676489028933
CON01070,0.2378498377288283
CON01083,0.13727885733132783
CON01103,0.06444074736372339
CON01137,0.06112465700208075
CON01208,0.10395301422943942
CON01212,0.4139502686911298
CON01223,0.08123685575956552
CON01269,0.387318956351534
CON01273,0.4591593182052978
CON01328,0.10243332881410064
CON01330,0.056751450810910764
CON01333,0.24413869356798493
CON01336,0.05907207499189326
CON01355,0.07566603456913035
CON01413,0.08789983397463397
CON00699,0.3668683939339706
CON00723,0.08385069536075643
CON00724,0.05278478674577883
CON00741,0.21484114630549078
CON00823,0.03512386377271838
CON00867,0.035691230816915144
CON00911,0.051079358234271725
CON00941,0.10409153428403117
CON00954,0.05470022929227156
CON00991,0.07767166377236728
CON00997,0.0753635456736018
CON01001,0.07883792893550672
CON01046,0.04822087130813081
CON01101,0.100808976847367
CON01110,0.15567539623532597
CON01127,0.04583879497724032
CON01141,0.05766127466431751
CON01142,0.2437476232391115
CON01158,0.1708965794367378
CON01179,0.31398060763382046
CON01192,0.279160049813818
CON01254,0.06494199257691965
CON01265,0.06925507877138
CON01268,0.38606890196955784
CON01291,0.33341185259178174
CON01332,0.2027606610830776
CON01391,0.0568135631588148
CON01401,0.11708858091254008
CON01412,0.1144017237059659
CON00713,0.28224385530655294
CON00720,0.07887389986368516
CON00732,0.16028309265795757
CON00769,0.10812791441477322
CON00808,0.15568974145115236
CON00839,0.0944691441683025
CON00853,0.05530714541947152
CON00866,0.13966198211465947
CON00882,0.050358609671985834
CON00918,0.09725360929323751
CON00971,0.12012415761616414
CON01007,0.0397387871628189
CON01052,0.2527681664086107
CON01082,0.07171722540766597
CON01086,0.13449712662999955
CON01105,0.1061510583250491
CON01122,0.2636038298931791
CON01129,0.04495105494904307
CON01167,0.1956342140110413
CON01211,0.034238755439124816
CON01281,0.1920062643955243
CON01322,0.21089474637769856
CON01326,0.11269806590835092
CON01356,0.03826382611808771
CON01414,0.368661246852666
CON01418,0.14250786015324313
CON01422,0.072628288417451
CON01437,0.2285127649976775
CON00695,0.0762756482636498
CON00721,0.10162548623850001
CON00725,0.48772755576243837
CON00754,0.278781069348347
CON00878,0.2662271254264189
CON00904,0.09390005949375506
CON00909,0.2346955083402692
CON00946,0.219307447015598
CON00951,0.2282929811668446
CON00983,0.044526199638831566
CON01015,0.28882476584093725
CON01027,0.39818890237526006
CON01039,0.12172884072894842
CON01062,0.062070619998296696
CON01066,0.12593316841434313
CON01067,0.04571182868844697
CON01109,0.061660902998196945
CON01118,0.06551163154081989
CON01159,0.11443128939808396
CON01235,0.22239609943906247
CON01300,0.06079460153105528
CON01366,0.7059931114702765
CON01378,0.048077645159750465
CON01410,0.1592802805246021
CON01419,0.030107805110221007
CON00691,0.058046318634230425
CON00696,0.14785745401956576
CON00760,0.21221016473359733
CON00776,0.3238966920871311
CON00792,0.24200713955224298
CON00805,0.08904276438047322
CON00883,0.07249408012679849
CON00899,0.32873689005993073
CON00934,0.17325565251063996
CON00966,0.18245100600408912
CON00968,0.41530516768866643
CON01003,0.18420840863536522
CON01010,0.3866080529612086
CON01017,0.08423441823899006
CON01038,0.04877573169841809
CON01044,0.08906184371137602
CON01055,0.11883493346246694
CON01092,0.07026573151041356
CON01097,0.07910033505243043
CON01134,0.5987920959519516
CON01174,0.04776041738388826
CON01180,0.3222468661511755
CON01181,0.07635745739977673
CON01187,0.0964325554687914
CON01196,0.09000943981003524
CON01221,0.08344893303398403
CON01243,0.08079758733354309
CON01246,0.37100071119121114
CON01249,0.11312538640185957
CON01262,0.4110991784712071
CON01318,0.10511047072335913
CON01335,0.06991522960797729
CON01351,0.24972540855316994
CON01359,0.4618952807825972
CON01379,0.10513633549614387
CON01393,0.06434964528868749
CON01417,0.06543254379703846
CON00705,0.18647169497095376
CON00712,0.160117055520728
CON00752,0.07609565226681123
CON00763,0.8999366222970201
CON00832,0.24431693559800716
CON00838,0.06647198805949826
CON00895,0.10432973457562758
CON00956,0.22933002373898528
CON00980,0.2183724868855063
CON00984,0.061450949547104394
CON01047,0.2568864473549339
CON01058,0.04409296174414483
CON01068,0.05623819299090634
CON01094,0.09827550030332939
CON01120,0.28991583743788024
CON01139,0.06315047414873999
CON01149,0.33808478384292584
CON01163,0.3022316087666584
CON01226,0.060510223726031376
CON01267,0.13012843330726284
CON01288,0.05745012385590599
CON01306,0.06318860335970439
CON01357,0.1734437063909171
CON01399,0.056740898138984426
CON01400,0.06754753771890479
CON00730,0.06529395582021945
CON00745,0.06774126248056807
CON00747,0.053068888381644565
CON00771,0.09457706824050464
CON00806,0.07190492346433984
CON00812,0.042037144175411635
CON00854,0.07282595108065995
CON01037,0.0479241005246616
CON01064,0.04801446241171591
CON01093,0.12599032009459413
CON01096,0.02984742717537152
CON01102,0.2492092216533048
CON01136,0.03708252312291202
CON01184,0.07026797698130689
CON01194,0.11797408549726944
CON01201,0.07540921998883908
CON01237,0.034077347377059516
CON01290,0.13162254028270895
CON01316,0.20477307823439564
CON01360,0.0925820721610809
CON01362,0.06249460298294897
CON01389,0.0308350219630251
CON00692,0.05304873705354366
CON00753,0.05201267148840028
CON00786,0.24697121601311323
CON00820,0.07351912461792254
CON00848,0.05139063630368643
CON00871,0.10390859394127176
CON00906,0.26143636818991745
CON00943,0.0748104084128583
CON00990,0.06823105750448141
CON01030,0.05991363031858994
CON01057,0.14330758329125537
CON01075,0.0670672194863132
CON01131,0.11980390862276254
CON01171,0.12141103169815828
CON01175,0.045488799698160186
CON01204,0.30104630938905064
CON01210,0.07088164021632076
CON01257,0.19411562345358238
CON01271,0.05295157281794131
CON01307,0.17671543196029812
CON01314,0.07732385509385621
CON01327,0.11594165933781747
CON01364,0.22243677800115422
CON01416,0.12467870186028983
CON01440,0.3504001480317007
CON00703,0.0327054302669116
CON00728,0.09459095843382333
CON00770,0.22896692023390103
CON00777,0.4326189514547296
CON00813,0.17632197774703867
CON00822,0.031014054389522927
CON00875,0.07799628416088412
CON00876,0.07419762323890335
CON00880,0.06678816959279649
CON00900,0.08706307715193685
CON00905,0.1157601982782069
CON00929,0.06763020715992717
CON00957,0.3108478686929195
CON00963,0.04304505130928715
CON00964,0.20923133688259993
CON01006,0.1761364181279745
CON01032,0.11910156371243749
CON01119,0.1465647706975135
CON01144,0.16557329924953137
CON01191,0.2699639725369442
CON01216,0.1451337851320327
CON01255,0.05559170667688367
CON01280,0.04393396443244686
CON01284,0.11814629756796777
CON01302,0.033007501684690244
CON01303,0.08165636404950885
CON01313,0.0807456946764104
CON01334,0.08211071263843958
CON01344,0.056566959529963524
CON01346,0.34354051816936904
CON01371,0.6947453697096366
CON00722,0.06969646571998978
CON00804,0.09443184310955734
CON00807,0.08330108320381188
CON00841,0.07290023464990579
CON00887,0.1998110933092567
CON00977,0.10357985461143811
CON01019,0.08709248425233736
CON01026,0.21373322517219287
CON01050,0.04796661273560805
CON01080,0.34760198703318274
CON01202,0.08192946498434152
CON01214,0.050695392768331946
CON01358,0.22050445851342532
CON01396,0.22385342319515775
CON01408,0.0888755767771608
CON00698,0.16501520229242078
CON00719,0.06890797519663809
CON00766,0.10850292011747688
CON00799,0.03613518456013052
CON00809,0.06769389703961907
CON00819,0.053060786103642704
CON00821,0.058006347116655387
CON00830,0.4583767701436948
CON00846,0.21346099255341425
CON00874,0.07674092607748391
CON00890,0.09138984121299445
CON00908,0.8262191780850702
CON00913,0.21916463946092293
CON00919,0.20261724438962816
CON00953,0.20302896778654594
CON01002,0.26757259171422626
CON01013,0.0733599047451739
CON01018,0.06751543980077108
CON01076,0.2261772543754095
CON01079,0.05747453369782316
CON01099,0.05404430746941609
CON01107,0.12178890141042138
CON01248,0.08956705819137874
CON01256,0.0429829793547676
CON01277,0.042798011173539936
CON01345,0.054199017927684875
CON01347,0.04442995654204365
CON01372,0.1292420346453022
CON01376,0.26038159740847355
CON01380,0.25790287549997404
CON01407,0.10825856709663507
CON01427,0.09492025762858003
CON00773,0.0595512282263341
CON00782,0.13552814011382863
CON00857,0.24334170787327208
CON00868,0.23809141672886078
CON00902,0.0706938687952752
CON00958,0.033477286606783396
CON01024,0.15862845924992125
CON01033,0.09890733741580778
CON01040,0.11089216378908427
CON01051,0.08643705814896088
CON01072,0.04341604893519485
CON01073,0.06257412115907669
CON01098,0.06424553568744036
CON01106,0.1116591790052383
CON01111,0.1323206049096043
CON01126,0.0689625459827799
CON01177,0.05340878236479267
CON01217,0.05197369421724247
CON01224,0.143026245822728
CON01247,0.12533574679248458
CON01278,0.07132658349250114
CON01312,0.03468269199255452
CON01377,0.18006932832138012
CON01404,0.16852444879153353
CON01429,0.15768616337031785
CON01433,0.06094966687155633
CON01439,0.0454359944033731
CON00727,0.07597952713913307
CON00731,0.06771553900270161
CON00768,0.0821538206498742
CON00774,0.08863414998686055
CON00793,0.062353077188222694
CON00803,0.12844644988876383
CON00815,0.16302893183451003
CON00860,0.08855955379221442
CON00912,0.10271858323681675
CON00916,0.4912074164128413
CON00975,0.04522555728005941
CON01061,0.36369061569420513
CON01091,0.06266711586723477
CON01104,0.1791589159063179
CON01113,0.18369865658062726
CON01161,0.21203854461020935
CON01166,0.37595499730337695
CON01219,0.07666040876211382
CON01233,0.16903336509396297
CON01285,0.035850359737753405
CON01296,0.09688076588134524
CON01299,0.1457872955998969
CON01319,0.0509424723110266
CON01338,0.11260540417497635
CON01411,0.07092910460717758
CON01423,0.4462463743805301
CON00716,0.108488041887852
CON00718,0.0815946111806307
CON00733,0.03799178524832354
CON00740,0.10314652718852113
CON00859,0.07716527133478761
CON00862,0.10005350440413649
CON00893,0.18546101228249026
CON00922,0.07002730444008623
CON00926,0.06230394907986671
CON00930,0.2850170318121407
CON00945,0.29099720879472385
CON00959,0.06186231943887734
CON00962,0.06191500532955395
CON00996,0.4290818838600319
CON01008,0.3145631973779838
CON01138,0.19337018945512172
CON01190,0.20564917382088294
CON01259,0.18483862372672863
CON01295,0.31715116283344325
CON01373,0.051866006541779086
CON01397,0.08593684222287906
CON01434,0.23495780070147987
CON00743,0.06781032979725451
CON00772,0.06086926700460106
CON00784,0.0628541759077531
CON00798,0.059732532734329546
CON00800,0.06382584374671232
CON00831,0.052732082485751404
CON00842,0.15107511157460757
CON00861,0.059525062050596385
CON00864,0.12976053925135203
CON00931,0.1434652990821171
CON00969,0.2719900995590469
CON00974,0.06613782573257927
CON00998,0.08057670856207193
CON00999,0.13519924531701435
CON01021,0.23916972296184388
CON01074,0.04791681907516712
CON01095,0.0837761158862497
CON01116,0.09100359022349336
CON01151,0.04347545211563107
CON01207,0.05708753773638746
CON01222,0.11616478506549055
CON01239,0.17277473670937069
CON01275,0.766458713842144
CON01311,0.14721759151397984
CON01354,0.11859139482567407
CON01387,0.2036285314988411
CON01395,0.23112457589429403
CON01402,0.24354805432487445
CON01432,0.052522937748566895
CON00709,0.21807673990911822
CON00746,0.0920947625872317
CON00775,0.033005074453560476
CON00817,0.05974708747677374
CON00928,0.10813633897075936
CON00933,0.06516158782205743
CON00936,0.09950416530687915
CON00942,0.18783527280759119
CON00952,0.06782227714501854
CON00973,0.07126137727709253
CON00993,0.0801417985517887
CON01081,0.33153175021136033
CON01084,0.18432381742326517
CON01088,0.0649240682036247
CON01115,0.26892025807293196
CON01130,0.2515950227780931
CON01162,0.1539108179123015
CON01205,0.07624946927989543
CON01231,0.2506916287499253
CON01238,0.14085639948378204
CON01263,0.0600982359252521
CON01266,0.13231351222945498
CON01282,0.07311567736072008
CON01292,0.19785784795748232
CON01304,0.15144685127440913
CON01367,0.06994560467571757
CON01415,0.04740368445890779
CON01426,0.07157444025542552
CON00697,0.10129900142987701
CON00700,0.12622690835377878
CON00765,0.040839548419168266
CON00785,0.04895842221294028
CON00825,0.19948053248561032
CON00833,0.08200179777457861
CON00856,0.16761050738854885
CON00872,0.2137248076506536
CON00873,0.06074810327089706
CON00897,0.10759583531257559
CON00907,0.2870470143150498
CON00921,0.04780596774483924
CON00938,0.11466365282584452
CON00979,0.08498160371402218
CON00986,0.07271393478895617
CON01043,0.22760867472088217
CON01153,0.03553104271430046
CON01156,0.1976676898157724
CON01160,0.07232774121273224
CON01178,0.07188921991180387
CON01198,0.17643903205730588
CON01276,0.37777836569212137
CON01293,0.029588670664736808
CON01308,0.4558620651325294
CON01348,0.055920677555927056
CON01350,0.07777016005082932
CON01374,0.0529693723853458
CON01381,0.23229068178973067
CON01386,0.4676455750842848
CON01405,0.0889771149413131
CON01421,0.17881031252545943
CON00707,0.03847431598315396
CON00735,0.3180736132340032
CON00756,0.25727760165853286
CON00778,0.25353533712158743
CON00787,0.09577182641762293
CON00849,0.23127469165373007
CON00879,0.10165138641229188
CON00891,0.47915979114908736
CON00939,0.581119772217599
CON00988,0.048838560538827125
CON00989,0.08898026913417814
CON01045,0.25835284150522125
CON01117,0.04378673171939436
CON01133,0.06919197159254457
CON01200,0.17571506425456054
CON01213,0.10413204545617019
CON01218,0.061834986895728236
CON01228,0.17581675052014184
CON01252,0.07812942062211287
CON01260,0.10155268993770782
CON01283,0.1894965147725277
CON01310,0.05989303049531068
CON01324,0.09813976443527046
CON01365,0.04090519050471048
CON01382,0.27858032962867263
CON01394,0.06699266795336473
CON01420,0.22457504182836738
CON01438,0.09021991146939032
CON00702,0.292180857900437
CON00717,0.06662030628724154
CON00761,0.12150173066533666
CON00788,0.030166586283981733
CON00858,0.09701071080793874
CON00865,0.05485937807663383
CON00892,0.0827768279202353
CON00987,0.1348606208565474
CON01004,0.03059553112597681
CON01077,0.2022873515812919
CON01085,0.3568279338636214
CON01183,0.07306391739706738
CON01188,0.23944949450863492
CON01197,0.14043686333832048
CON01230,0.34241756122692446
CON01297,0.1417136054309757
CON01361,0.2123814731968467
CON01403,0.0571043989637277
CON01436,0.1320667393649521
CON00693,0.0302825670411762
CON00701,0.03387766299387924
CON00726,0.39835958792885195
CON00729,0.04940273466710473
CON00779,0.11379076736620042
CON00835,0.316396712109401
CON00844,0.029454073197829656
CON00925,0.14067171075389817
CON00955,0.9325317385654479
CON01029,0.05375693549017611
CON01035,0.05147920108373041
CON01060,0.2260417130759574
CON01071,0.3964399674501851
CON01108,0.10690464018822868
CON01147,0.12958336479874158
CON01172,0.20353238077974822
CON01173,0.04216948454001829
CON01189,0.3192094067470466
CON01193,0.11508798175399815
CON01225,0.09294282122115381
CON01274,0.2131598003585227
CON01331,0.04426625904793245
CON01385,0.25797723289743824
CON01392,0.1344429395441967
CON01409,0.06505387229463581
CON00738,0.17148975851136525
CON00748,0.2424834018163888
CON00751,0.14224314879387073
CON00757,0.032785720493512575
CON00790,0.036245943457519636
CON00811,0.2031545836627862
CON00837,0.030907509201823984
CON00855,0.05123679252689337
CON00870,0.16624454446572692
CON00877,0.2991355870530909
CON00982,0.27606590720387164
CON01011,0.24763358470122834
CON01054,0.13870404244568263
CON01065,0.04526259756623911
CON01148,0.13499449983587683
CON01154,0.15850002390760462
CON01169,0.20071163146178386
CON01209,0.03556965635359185
CON01250,0.33271028740390807
CON01301,0.06580437388200554
CON01369,0.498628827620014
CON01552,0.17441564560829897
CON01575,0.054103729800447836
CON01586,0.07891731178740265
CON01600,0.1275106150951873
CON01610,0.42802408443181605
CON01670,0.2944340028038438
CON01701,0.4094421064991012
CON01724,0.18535621420773937
CON01750,0.06708197180623873
CON01775,0.11705085607456178
CON01817,0.308239557945696
CON01832,0.05719635398987642
CON01851,0.033635676784172695
CON01852,0.17454398287001865
CON01901,0.15528727146450175
CON01930,0.47711760433210865
CON01954,0.046652399772050185
CON01981,0.05227851320440642
CON01992,0.26339870020764017
CON02037,0.2555702519654744
CON02074,0.3131398478131279
CON02142,0.344471543238307
CON02151,0.15232114713515985
CON02153,0.10658981006776064
CON01441,0.2348038826193245
CON01446,0.1148208909036985
CON01631,0.07341492512057338
CON01649,0.03249676678968108
CON01732,0.16996254240401867
CON01743,0.0822069048558854
CON01752,0.10482273069850859
CON01784,0.10808504754961985
CON01856,0.03306445811056758
CON01865,0.09627762379328147
CON01904,0.10583879637041231
CON01964,0.15873467153554627
CON01980,0.13836395714117064
CON01993,0.03287721496477134
CON01997,0.03282486392691457
CON02038,0.2667213316529811
CON02058,0.43130303399260045
CON02060,0.3882248760719083
CON02065,0.17703276752403563
CON02076,0.28023028520911436
CON02164,0.08971808737942322
CON02210,0.20145873466852413
CON01479,0.6065863638242178
CON01496,0.08755825546063746
CON01547,0.08544239681523509
CON01566,0.31974633143741443
CON01573,0.47395067981877975
CON01590,0.10689657288740118
CON01606,0.08584255820511166
CON01624,0.1168972197512705
CON01676,0.19463412728440474
CON01678,0.13610135280597901
CON01729,0.12807585492313556
CON01741,0.08087590913699877
CON01747,0.20960155203241454
CON01786,0.12260962064762529
CON01791,0.03297111131422263
CON01797,0.1757381966177319
CON01863,0.16708345616738077
CON01876,0.3121025708479112
CON01880,0.029777647857734898
CON01922,0.10533604911694518
CON01938,0.0543284346734143
CON01945,0.21281972428077994
CON01962,0.6555083548967612
CON01975,0.3942371096946918
CON01988,0.04902574380393997
CON02001,0.19460575465914567
CON02002,0.07981693718466791
CON02012,0.08328688888045487
CON02013,0.3318393057898825
CON02025,0.10268374493265271
CON02030,0.1121983465163257
CON02032,0.08025131294148072
CON02033,0.07327466736251446
CON02039,0.09367400201928866
CON02044,0.11111320966381577
CON02115,0.16607047286268994
CON02207,0.03416323927803069
CON02213,0.10582417865167289
CON01464,0.046034326740388536
CON01504,0.10582014369126569
CON01506,0.05241412414197705
CON01510,0.07174142558846136
CON01526,0.030299941243881443
CON01540,0.09311550690706957
CON01549,0.04991857630092614
CON01623,0.05777151685318239
CON01630,0.5216316826983921
CON01634,0.23551690938302744
CON01636,0.11751661836528439
CON01639,0.06252455662882352
CON01665,0.25105132094587373
CON01666,0.23215079613254155
CON01667,0.03321363557204698
CON01723,0.07799745533284032
CON01736,0.13760145884162372
CON01738,0.22246673170317574
CON01742,0.05877123297079541
CON01744,0.028708999415978247
CON01802,0.07491026226100148
CON01819,0.22468632284921733
CON01827,0.028612285781251988
CON01889,0.1417464969639866
CON01941,0.26248790945157585
CON01946,0.029389162833330738
CON02016,0.06879142493536342
CON02052,0.535957445911661
CON02125,0.10825942249851986
CON02137,0.17941731947082462
CON02161,0.06486075100172746
CON01450,0.09392405338793623
CON01453,0.07847508477730698
CON01503,0.060492038230514245
CON01523,0.11330395198390554
CON01569,0.06933058444567494
CON01578,0.29419280842955337
CON01620,0.09251182081512599
CON01626,0.07932653407701272
CON01632,0.14598706707611073
CON01633,0.19163853040340156
CON01756,0.14931516323283187
CON01768,0.10585629868816694
CON01840,0.16896354548550854
CON01872,0.06702133382282022
CON01874,0.608514900803225
CON01894,0.09752347601732889
CON02018,0.7134378000000131
CON02049,0.058547758661690937
CON02118,0.06093885635356178
CON02159,0.21615191506737808
CON02179,0.45475584253023443
CON02191,0.03518232936502335
CON01522,0.10641190770948279
CON01534,0.07357477239360705
CON01657,0.21747667532730117
CON01677,0.032639734072880296
CON01690,0.3666313678635974
CON01694,0.08625393883605076
CON01704,0.317774954687685
CON01765,0.25471208220316033
CON01772,0.04669786831560046
CON01839,0.09244033968550526
CON01864,0.24868235094133304
CON01907,0.03991596361700478
CON01908,0.0908038647320754
CON01914,0.19940426292392255
CON01917,0.08951014911474181
CON01953,0.2075511258497841
CON02019,0.10582199118645569
CON02036,0.04600353723894079
CON02100,0.10833154376491012
CON02148,0.06649102238928938
CON02165,0.2960188649367149
CON02193,0.07384803621309712
CON02195,0.04385213753957904
CON01475,0.03307012984588452
CON01485,0.08184230181379742
CON01591,0.17027008656705767
CON01625,0.09020337924477802
CON01641,0.06502591941087954
CON01669,0.09009798940855311
CON01733,0.05233885477632285
CON01740,0.14648253710443493
CON01754,0.40584933342816715
CON01843,0.1269449640254771
CON01868,0.1288829197786792
CON01920,0.3477338522203786
CON01926,0.5051576007884198
CON01935,0.09665415696155415
CON01940,0.07581862125771105
CON01959,0.4494695468133862
CON01972,0.27196248588103916
CON02046,0.06819107372161344
CON02091,0.18374343654545683
CON02114,0.07884842128540412
CON02119,0.06344667153342705
CON02121,0.07299614888738226
CON01470,0.05823501911953753
CON01529,0.05257381157353149
CON01533,0.25260336724513455
CON01564,0.041278369954182534
CON01592,0.046961931177363275
CON01603,0.14128565964204395
CON01651,0.2751428102486681
CON01652,0.06454237466102276
CON01725,0.03974732177448386
CON01771,0.06785192664279192
CON01776,0.10605926296597412
CON01782,0.14007191864943055
CON01795,0.14987629257687068
CON01801,0.0468246106262105
CON01896,0.14934307116770004
CON01928,0.04844872049556097
CON01939,0.09024210414312468
CON02054,0.18078659145750717
CON02106,0.6293402358910815
CON02134,0.06658388290333755
CON02144,0.0975007369265084
CON02174,0.0329945584439908
CON02187,0.048737192968832395
CON02194,0.11190388073365687
CON02211,0.2459198289615919
CON01452,0.11310274613490866
CON01458,0.7342493589299219
CON01477,0.3341428156066966
CON01539,0.06661201823025271
CON01584,0.14448833411439277
CON01612,0.06719884200685423
CON01616,0.33899203770913194
CON01647,0.04804362551790332
CON01706,0.17763392418574447
CON01731,0.16947027690806468
CON01760,0.05168761994327807
CON01779,0.5140614853673824
CON01785,0.10257897425622138
CON01845,0.05736928445680834
CON01871,0.2007886636427805
CON01885,0.20957753521631903
CON01892,0.28575561528753907
CON01909,0.033384452507183346
CON01919,0.03269848073317081
CON01958,0.12485234400614934
CON01963,0.030174745387371003
CON01985,0.04107403297927513
CON02042,0.25098606261286527
CON02057,0.08231089986255845
CON02067,0.1549994268799184
CON02069,0.0627280294308813
CON02103,0.061759807614016955
CON02116,0.051428807414657426
CON02145,0.051856813627266754
CON02206,0.0557457658252093
CON02208,0.0536450868047631
CON01444,0.14215405730533
CON01476,0.22054908463389677
CON01482,0.5862670167958869
CON01487,0.1270176229428363
CON01511,0.43261312001051255
CON01541,0.06840142123582689
CON01562,0.07490096479180468
CON01567,0.18648798975606068
CON01594,0.0910295393428594
CON01628,0.054738779830249974
CON01662,0.2343928987725754
CON01680,0.19973500792323734
CON01769,0.27695968732042836
CON01777,0.08264631574791244
CON01778,0.3209166934649781
CON01787,0.5167736172013506
CON01816,0.28137658818199746
CON01870,0.0736359549302938
CON01887,0.050865103104832
CON01899,0.13639116263740794
CON01968,0.3317878857828041
CON01986,0.4114577393246586
CON02022,0.09660665714476403
CON02023,0.03880668209578096
CON02027,0.07952300847870546
CON02048,0.3512517583003837
CON02101,0.24182663835975252
CON02109,0.1218017004482066
CON02135,0.1935624025279904
CON02138,0.18258116794310397
CON02147,0.07086351866021132
CON02173,0.04696453681102122
CON02180,0.11952898389324186
CON02212,0.16898220916559464
CON01474,0.5085953314306215
CON01478,0.29172061709702507
CON01480,0.10200728799143292
CON01546,0.1580201791101429
CON01556,0.10181459854721968
CON01679,0.2873196696260752
CON01682,0.36275743305471897
CON01700,0.07724111198376182
CON01720,0.20352554002379256
CON01824,0.0967721667973491
CON01849,0.1680389258610677
CON01858,0.11369126288662595
CON01897,0.2875768188961326
CON01910,0.41574508143136385
CON01924,0.10554842287819904
CON02041,0.24712333168161718
CON02064,0.3227386875147266
CON02083,0.036153730228400675
CON02086,0.0597931132361513
CON02098,0.2040648419804512
CON02107,0.28863743460536706
CON02131,0.05221491161669171
CON02149,0.2173030332232903
CON02167,0.4438082722253169
CON02169,0.18811761041579142
CON02185,0.08235918113437422
CON01456,0.09097855444507534
CON01467,0.032696877197246135
CON01494,0.06878361404674632
CON01635,0.3126888268715225
CON01696,0.04907864393885116
CON01705,0.10659807486896539
CON01708,0.06241459215849584
CON01709,0.0566898863392594
CON01788,0.11293404342345041
CON01789,0.15171751770571726
CON01895,0.09468678478022155
CON01898,0.3570305820664117
CON01994,0.19147692667210325
CON01998,0.06311705837960425
CON02009,0.045519069843337645
CON02017,0.37302056093831765
CON02028,0.075687717098791
CON02047,0.32352789804451654
CON02168,0.06241810000991657
CON02171,0.0952699537745847
CON02192,0.1745232374670905
CON01457,0.053957581768025946
CON01483,0.07005000868568172
CON01497,0.09226661559702286
CON01528,0.033085264174184024
CON01535,0.14642085808110228
CON01629,0.11559305159251229
CON01644,0.8913255079332065
CON01658,0.05373057773520833
CON01660,0.24632074767524303
CON01675,0.08187716547971052
CON01755,0.14827064977173487
CON01805,0.0730048084390105
CON01877,0.3209439427423876
CON01912,0.05189551699837928
CON01923,0.09579092445873172
CON01937,0.0639942526662631
CON02014,0.07298622922303283
CON02055,0.05365426225725786
CON02056,0.3721021080812166
CON02066,0.09695180598324543
CON02070,0.0336008129032425
CON02079,0.14278202783615188
CON02097,0.08242775939046687
CON02113,0.19565596766048732
CON02128,0.03357530478569315
CON02139,0.13181069383433075
CON02140,0.14520633636110852
CON02166,0.052304472456841306
CON02170,0.2644124780941689
CON02218,0.07043712646734779
CON01507,0.08354148440276479
CON01531,0.09190371731286472
CON01551,0.10744980791931866
CON01568,0.12731547673829863
CON01577,0.1499226008530322
CON01599,0.2725200676141745
CON01607,0.13361749358170227
CON01609,0.11278838069586217
CON01613,0.1195155137529347
CON01615,0.10154951113566416
CON01619,0.19727856103981373
CON01627,0.04677541903549442
CON01654,0.10387881237914247
CON01673,0.14406890820544338
CON01717,0.12456625763045812
CON01803,0.6723884304545188
CON01820,0.40903115097038495
CON01848,0.5950626476443864
CON01861,0.2008872065883936
CON01903,0.19293044710955967
CON01933,0.1916387425526815
CON01971,0.3759253499173044
CON01977,0.02885828953299043
CON02080,0.21198985602251708
CON02155,0.07104385717303506
CON02190,0.1290461458060557
CON02204,0.06388680797564124
CON01443,0.23368971365387417
CON01461,0.11773424988737773
CON01462,0.41688638162802216
CON01501,0.03192074936920634
CON01516,0.0727677761332664
CON01550,0.13169316218506055
CON01558,0.2878230216601668
CON01589,0.1098361069310062
CON01601,0.21259448579174395
CON01646,0.09812580450078331
CON01695,0.4037438324912089
CON01698,0.09437086218462591
CON01753,0.09378283773580992
CON01804,0.05968002356713434
CON01812,0.22171738484890738
CON01854,0.20132777026188817
CON01879,0.04441007065018527
CON01944,0.05613781804911976
CON02088,0.07610076332958116
CON02102,0.08264449684692335
CON02183,0.04363960462824507
CON01447,0.11624228650992836
CON01508,0.10622965505218698
CON01519,0.3785252676610934
CON01561,0.2303633664820292
CON01579,0.39518777244860287
CON01617,0.047016378093372974
CON01672,0.06707814736711298
CON01702,0.09436830200877704
CON01739,0.07302413660396376
CON01757,0.056876205570368266
CON01758,0.11326439433931348
CON01781,0.08598163844679553
CON01800,0.04852159670609745
CON01828,0.1730302444040765
CON01829,0.1656943249005056
CON01835,0.1637760689707607
CON01878,0.11966737248740836
CON01893,0.06012340703724768
CON01925,0.1538463588661323
CON01955,0.14192213337947898
CON01956,0.3605158504862947
CON01987,0.24677019502670153
CON02004,0.1098688038805887
CON02021,0.17086592073493148
CON02050,0.06591086836600424
CON02061,0.14242457659596525
CON02081,0.10488849282118434
CON02093,0.14559792200158492
CON02141,0.05594326877481175
CON02152,0.1121864627291118
CON02157,0.07102814928167261
CON02196,0.1749369943576731
CON01459,0.04854071545950898
CON01530,0.030390940859098117
CON01595,0.07354520956291055
CON01604,0.23163335732811052
CON01614,0.11483747434232323
CON01622,0.28403057730813885
CON01683,0.09206954906290993
CON01697,0.12218035494300268
CON01730,0.2172182142303547
CON01774,0.13754885701224964
CON01810,0.15290809631337074
CON01811,0.048458438623673404
CON01818,0.04859623446553846
CON01857,0.09051423594756275
CON01882,0.07576082976778906
CON01891,0.12788540492910652
CON01905,0.2237054684830487
CON01915,0.28048625530340987
CON01936,0.2914700574781501
CON01951,0.5988338612526697
CON01966,0.1848136209083699
CON01982,0.04495649659288852
CON01984,0.4135292576970409
CON02011,0.07882457723738187
CON02020,0.3084127713846819
CON02062,0.12729715526660637
CON02078,0.06487012190515105
CON02146,0.17824846172087472
CON02150,0.23992674591596622
CON02162,0.14573064654743087
CON01460,0.3238353472132719
CON01466,0.30071602529306396
CON01481,0.1061265705350741
CON01498,0.1740896021798904
CON01536,0.22663488611712135
CON01565,0.03855437903801732
CON01582,0.1603136488830165
CON01597,0.3298729935417277
CON01767,0.16688146808635232
CON01853,0.035767584216381126
CON01929,0.1452178736072358
CON01969,0.05774784702499607
CON02003,0.46159962466975796
CON02008,0.2344858744511411
CON02043,0.3065692942895826
CON02163,0.21404154053273527
CON02202,0.06635601391829364
CON01465,0.21388913065254236
CON01514,0.2642089651538376
CON01542,0.2548193402837449
CON01555,0.06002586547363859
CON01593,0.031058524024801498
CON01602,0.0364006972707887
CON01668,0.03620132023567117
CON01721,0.1393638483457094
CON01826,0.4040444502524211
CON01831,0.16806010890681797
CON01867,0.06560217083796982
CON01911,0.0905725827837695
CON01957,0.06937755531069646
CON01976,0.05591309439248685
CON01978,0.1480246961254828
CON02068,0.10662750687045242
CON02126,0.09066876811724274
CON02154,0.3503045696933438
CON02215,0.23769262728470367
CON01445,0.14301386665882343
CON01449,0.2040270355973688
CON01468,0.10364875933378982
CON01473,0.1776586133436842
CON01486,0.09436742437143365
CON01515,0.04279769322791507
CON01543,0.17557424106181124
CON01545,0.29933987257056976
CON01553,0.036270217573751255
CON01621,0.4992011557283006
CON01692,0.0453440120732297
CON01715,0.5171761388426981
CON01737,0.054406307207849475
CON01751,0.08366370344628878
CON01762,0.05155483059850517
CON01780,0.10346124283429986
CON01796,0.04541407168536769
CON01807,0.2284835936605237
CON01859,0.21315271399006333
CON01866,0.13997563245139652
CON01890,0.030486830800828417
CON01906,0.032761613451372414
CON01916,0.05735402917357656
CON01931,0.24335185525973868
CON01967,0.06243965840380171
CON02000,0.06808380361841485
CON02026,0.12223394672740193
CON02063,0.053441034749855836
CON02089,0.31762919872851003
CON02110,0.1533553104679847
CON02117,0.07453686197185501
CON02158,0.08812390988732084
CON02184,0.4660022844277614
CON02220,0.28804983068037854
CON01472,0.10180456004157155
CON01500,0.034173998922145524
CON01605,0.05599851946010721
CON01691,0.07955056527242149
CON01711,0.08862885231179808
CON01761,0.09089928033590305
CON01770,0.08534172137407059
CON01799,0.04858952017474072
CON01823,0.07548751296068466
CON01886,0.10832022573220149
CON01943,0.1461844709541817
CON01949,0.18130115714685804
CON01961,0.1374457461239067
CON01965,0.4212020447719411
CON02010,0.4597887251982709
CON02024,0.11573038923109898
CON02040,0.07971983347735992
CON02059,0.03970918862382491
CON02175,0.32803195156327386
CON01442,0.3426110407707207
CON01448,0.3666319735585106
CON01495,0.03547317535995943
CON01509,0.0946742104749624
CON01513,0.045428490156537514
CON01518,0.2631322291356162
CON01537,0.06399108102978852
CON01588,0.14951225098347212
CON01681,0.22146046651364626
CON01707,0.16003260193381166
CON01726,0.29213600333285694
CON01746,0.06648008838387993
CON01764,0.29568517720383913
CON01841,0.5290548920633646
CON01860,0.06673792037124517
CON01862,0.20339101270707977
CON01883,0.06965035581504865
CON01932,0.03302746545606202
CON01995,0.10658043549371458
CON02015,0.1122380152822098
CON02096,0.12371612912136902
CON02111,0.16270344412518023
CON02132,0.1918968624696118
CON02177,0.12480002076202266
CON02182,0.0918381798804148
CON02189,0.11721475278122451
CON02217,0.227807009179273
CON01484,0.08593168133610253
CON01488,0.39529402593314594
CON01492,0.17362619703191057
CON01493,0.10876026987891764
CON01544,0.05647946335191187
CON01548,0.19475363693884956
CON01572,0.730348830480795
CON01671,0.07416003675757499
CON01792,0.07582393631644029
CON01794,0.4361124261525071
CON01822,0.17123114728285285
CON01855,0.1771858858775111
CON01934,0.302404646385709
CON02005,0.07889385768007678
CON02124,0.10445935170445966
CON02176,0.16588310044883553
CON02205,0.0516884519455683
CON01463,0.09805990084014655
CON01491,0.18801495055891404
CON01505,0.032075050774781864
CON01520,0.14048588997302708
CON01521,0.04925236642585748
CON01571,0.2890079141454479
CON01576,0.6862824217322767
CON01583,0.13103617621861802
CON01587,0.1555184575454847
CON01598,0.14796784911936628
CON01618,0.15906895259281165
CON01642,0.05580206795590187
CON01645,0.04333260401695597
CON01648,0.23877488978105546
CON01664,0.04079257208450749
CON01689,0.03437088042441147
CON01693,0.19730010900962272
CON01716,0.10269670175157246
CON01748,0.24994633265369678
CON01790,0.26951093835926804
CON01809,0.14208203324039867
CON01821,0.04733863474689993
CON01834,0.11433252792107251
CON01844,0.1810656502760245
CON01875,0.10381151370690891
CON01888,0.08540292802472901
CON01902,0.4327759856974122
CON01947,0.1046977747476942
CON02006,0.5266691457998991
CON02007,0.16823268064805916
CON02034,0.19154204331283886
CON02077,0.25743802199641874
CON02090,0.07447861929281333
CON02105,0.06138539577763692
CON02123,0.04581275472328812
CON02178,0.10464240167962718
CON02214,0.18315705782286515
CON01454,0.10355603712515146
CON01554,0.08026486074702925
CON01559,0.15058187274660662
CON01585,0.15065157649286864
CON01655,0.08977684981938985
CON01661,0.4248138486907803
CON01663,0.3482379022962644
CON01674,0.41188681025857465
CON01703,0.08001055984604334
CON01713,0.046646549158982246
CON01734,0.04613871155523412
CON01783,0.42999427010967284
CON01850,0.14768716390936387
CON01873,0.05816911581351171
CON01989,0.4875279353360841
CON01991,0.04676185765708773
CON02035,0.15239685246882853
CON02198,0.09404635497411502
CON02219,0.1586401407925757
CON01499,0.41998298880079943
CON01525,0.18112532032412834
CON01570,0.36873811585329613
CON01656,0.16883702278429544
CON01712,0.13467759720966374
CON01718,0.1087867759010158
CON01773,0.19201204859418433
CON01813,0.15786929191197402
CON01814,0.5090226338463221
CON01830,0.10876788880863784
CON01836,0.8362554659566348
CON01838,0.11938936627042403
CON01950,0.17955371776704895
CON01973,0.3181668285272619
CON01974,0.3325805081891597
CON01979,0.04710335160035506
CON01999,0.2609992064541391
CON02072,0.10197573202470826
CON02084,0.2760749492288302
CON02087,0.29294299012982605
CON02120,0.18916955565833715
CON02181,0.06322099863068455
CON02203,0.09175972358880458
CON01451,0.13565495887924034
CON01469,0.11365411321711823
CON01489,0.12498113370986352
CON01524,0.2357663598287623
CON01557,0.3355476151536546
CON01638,0.2995981900944439
CON01699,0.04633919717105131
CON01710,0.1067393676076912
CON01719,0.09697627038058308
CON01728,0.10623527106584893
CON01749,0.051828386805612144
CON01806,0.13108790569813436
CON01808,0.059109264592944855
CON01825,0.17458256878761466
CON01833,0.045364217862712955
CON01837,0.03024995814541057
CON01842,0.2606085568814315
CON01869,0.07718381129860945
CON01884,0.22371373577272446
CON01913,0.2024223742966129
CON01918,0.28302777312551364
CON01970,0.08569658259380382
CON02053,0.536514603525617
CON02073,0.05138052513842477
CON02075,0.4120933090028715
CON02082,0.13033927810636048
CON02092,0.05024538785339754
CON02127,0.12753385347595336
CON02130,0.13311776940927839
CON02200,0.032732172544776665
CON01512,0.054213240147458104
CON01527,0.1907807092879941
CON01538,0.19370664476721813
CON01581,0.14515319014007963
CON01608,0.4305077259785185
CON01643,0.533030695497625
CON01687,0.09681023216179675
CON01735,0.06580617755819645
CON01759,0.10005809310924266
CON01793,0.04593193087147279
CON01927,0.14766981369219348
CON01942,0.18570983716266135
CON01948,0.1527944345929869
CON01996,0.5405524894824966
CON02071,0.241685928828459
CON02085,0.09720336787282731
CON02095,0.3400826413606775
CON02188,0.4541354715854301
CON02199,0.03353020802058462
CON02201,0.15523698001503916
CON02209,0.1250144866596406
CON01455,0.14435886478154897
CON01471,0.11815193475762976
CON01517,0.08481080983664761
CON01532,0.09348305872216693
CON01574,0.10832967167657004
CON01596,0.05843975939091001
CON01611,0.05686023642140431
CON01637,0.045930536993677995
CON01653,0.4014028685646055
CON01684,0.292088800585764
CON01686,0.033160225394436596
CON01727,0.6496528803995567
CON01763,0.07862372973150068
CON01798,0.19948167234197914
CON01815,0.11652322378822214
CON01900,0.22664568268106336
CON01921,0.1657079208677274
CON01952,0.09041129942750577
CON01960,0.10890981387773394
CON01990,0.048334368443587246
CON02029,0.47842166649795426
CON02051,0.4315838156722847
CON02112,0.2079011619595846
CON02122,0.19867977019321376
CON01560,0.10292278289121282
CON01659,0.040743998258579876
CON01685,0.12158322628613319
CON01688,0.0658868438111443
CON01714,0.12573797119439933
CON01722,0.05170648325495344
CON01745,0.20379781407829511
CON01846,0.3307304662095621
CON01881,0.40110260425703365
CON02031,0.08038001109525046
CON02094,0.19190648637154178
CON02104,0.038233054780239084
CON02172,0.2567115044228219
CON02186,0.24324483079714584
CON02197,0.03173457369476429
CON02216,0.2703418364561595
CON01490,0.14112765180339945
CON01502,0.06033287449257323
CON01563,0.09647548736660078
CON01580,0.02866050036134072
CON01640,0.1780435077974579
CON01650,0.047406164936669444
CON01766,0.09062239007253177
CON01847,0.07331805255033683
CON01983,0.09786438171360604
CON02045,0.26658823795042075
CON02099,0.07711005069188442
CON02108,0.18132737303168184
CON02129,0.050330503060932695
CON02133,0.10683850414026293
CON02136,0.8255442111076513
CON02143,0.3803345627895839
CON02156,0.09932582873478434
CON02160,0.08268387396510839
CON02238,0.167837399973441
CON02251,0.13380517926297192
CON02327,0.5023906835887137
CON02329,0.06647923442797453
CON02343,0.133564103463487
CON02353,0.324497432828833
CON02380,0.13891249231026837
CON02453,0.08882413272719933
CON02580,0.3663854177288746
CON02584,0.16554992399233176
CON02604,0.3257079667280273
CON02670,0.1111855124184764
CON02696,0.29218848224448396
CON02719,0.08315632042720289
CON02744,0.1993542277050732
CON02866,0.07383039400539994
CON02877,0.1101639512139763
CON02884,0.1582540718259702
CON02918,0.11014425839615098
CON02930,0.19189886309090434
CON03017,0.08646019554227176
CON03026,0.08686537353783298
CON03059,0.35695333417871494
CON02222,0.06996827010173975
CON02253,0.15095465023595112
CON02263,0.06817266137459509
CON02302,0.19154425064299213
CON02312,0.18063934087400443
CON02328,0.3683934264434976
CON02356,0.03333540571241481
CON02365,0.057554287086001736
CON02375,0.09312833637731203
CON02427,0.14466894116261014
CON02469,0.14267908920347774
CON02501,0.08039615402121335
CON02513,0.09743084340053525
CON02516,0.2228359905664396
CON02524,0.051725577228457796
CON02537,0.1109030657839986
CON02539,0.6759560325826246
CON02558,0.2286399341505304
CON02647,0.086178700449581
CON02654,0.08536350442345574
CON02758,0.28626193386895027
CON02782,0.6923567138100979
CON02823,0.061106774423007645
CON02824,0.1722594831334052
CON02894,0.4043258580875414
CON02928,0.0918875160222144
CON02938,0.4039892115889302
CON02951,0.1329065523457447
CON03003,0.18996618906929474
CON03008,0.6449565897598104
CON03012,0.14246669522152317
CON03021,0.3622375830235592
CON03052,0.0686222974522996
CON03057,0.06873464943306123
CON02232,0.08887298888616166
CON02241,0.06937896680765802
CON02259,0.05165181596910463
CON02278,0.38232762610285803
CON02433,0.3142326875140274
CON02444,0.05159184014299597
CON02475,0.05200215127819746
CON02483,0.11583853888558485
CON02502,0.07834974233463964
CON02550,0.184861517115682
CON02559,0.02877551873386901
CON02562,0.06005386159133621
CON02567,0.035810075950328396
CON02602,0.19562930983251814
CON02672,0.28528513324072424
CON02674,0.05757838879936291
CON02681,0.2771107989999399
CON02729,0.30969270481601957
CON02733,0.047453218934757055
CON02768,0.0941587787256374
CON02771,0.1024935948540168
CON02805,0.035570736366295846
CON02822,0.051453285214358296
CON02960,0.2702644986694659
CON02976,0.10475413827266976
CON02985,0.22866564735364256
CON02989,0.5029467027608903
CON03076,0.09801046641600472
CON02247,0.13706901244691902
CON02262,0.16173262845252434
CON02277,0.07012036576587966
CON02279,0.06472795215163897
CON02285,0.05044010248913973
CON02295,0.2235131203035147
CON02331,0.07768093034713795
CON02439,0.39562275026217253
CON02477,0.03590238442321318
CON02491,0.10214465588175463
CON02506,0.09036453092546033
CON02525,0.11235191443375946
CON02530,0.17962706561977124
CON02592,0.05298589171370069
CON02608,0.09111477555045727
CON02643,0.16019273953013893
CON02656,0.20962072708581983
CON02666,0.11607041213539095
CON02728,0.20012260393423706
CON02738,0.16170456375083608
CON02750,0.0669664443920971
CON02753,0.08892813194736529
CON02756,0.029367236557099295
CON02764,0.14979018317912635
CON02774,0.05846023991949889
CON02788,0.22293956324980982
CON02837,0.21990650939652626
CON02917,0.3427919160136889
CON02921,0.2523137641689096
CON02957,0.1013726133108023
CON02993,0.17816665118441302
CON03037,0.04093033732546372
CON03056,0.1088063632560333
CON02225,0.029416170812990253
CON02250,0.07148185063352691
CON02268,0.3581451679421899
CON02281,0.11941393699344381
CON02292,0.1043471593808582
CON02393,0.2988694226338037
CON02408,0.12121892719468143
CON02445,0.10914954673370456
CON02457,0.06087645535813939
CON02470,0.2506186168143746
CON02498,0.11158497464608313
CON02529,0.06416076065833819
CON02603,0.2450595152822759
CON02610,0.07474799240274438
CON02655,0.47358025810872906
CON02669,0.030828457203125943
CON02721,0.20874631200949142
CON02734,0.11175235645704669
CON02740,0.09102423569775009
CON02785,0.09773581998962456
CON02790,0.2848688345162431
CON02842,0.09963299110397301
CON02959,0.6677476415540746
CON03019,0.40379658760680304
CON03041,0.050371345778423254
CON03049,0.06584133329708879
CON03073,0.03252653488499977
CON02255,0.07532156885471988
CON02257,0.047266320914390085
CON02293,0.06640616826644952
CON02305,0.13356435000730735
CON02321,0.12558633291884974
CON02330,0.12316460945217167
CON02403,0.40195655538673863
CON02589,0.03248268928073586
CON02658,0.12144184776754763
CON02667,0.2554861207805682
CON02683,0.08144329163314894
CON02737,0.7057475972762528
CON02760,0.11341111948720616
CON02819,0.09843629786943335
CON02862,0.15000337835962574
CON02872,0.10687838110157682
CON02881,0.08581188400435648
CON02885,0.576279708471522
CON02944,0.07596991458733847
CON02982,0.04986108622137405
CON02991,0.06917446578335987
CON02992,0.0753361108301764
CON03039,0.05085735280606721
CON03065,0.06570272285945694
CON03068,0.1430745570386376
CON02245,0.09349212858566425
CON02256,0.08888108895761601
CON02269,0.2870658557978835
CON02274,0.13013917552296403
CON02347,0.03544427573518487
CON02366,0.3934583515694828
CON02431,0.6174067787440999
CON02437,0.09801347394864421
CON02449,0.20666264417067146
CON02455,0.0660958264187198
CON02460,0.07416760690596859
CON02581,0.04966590299399464
CON02582,0.03528947811787961
CON02583,0.03138284377504201
CON02596,0.17563878164123795
CON02650,0.4242175704978492
CON02662,0.1612863400058225
CON02673,0.09948568501113533
CON02736,0.6019391210338447
CON02773,0.07242041893081387
CON02776,0.05445556624923866
CON02863,0.06739368423003679
CON02896,0.18490142664181664
CON02937,0.16264249845153086
CON02942,0.03660992786946315
CON02973,0.16162992037337073
CON03033,0.14931408993659526
CON02242,0.22557899652959554
CON02248,0.13897623703730583
CON02270,0.10340149195372188
CON02308,0.10947078799636926
CON02339,0.07144491014693237
CON02348,0.08825718876455377
CON02367,0.2426050699029984
CON02398,0.043567456778870584
CON02517,0.22539522748330956
CON02518,0.22600590172157795
CON02569,0.10829047869690292
CON02571,0.03568316843563657
CON02572,0.17597776444212593
CON02633,0.059784358599581214
CON02657,0.15263853748284215
CON02685,0.06265563879508552
CON02759,0.07442576627336421
CON02763,0.11853214289473477
CON02765,0.1346738075524903
CON02810,0.2273713690220675
CON02817,0.05688963051574506
CON02858,0.04883600372032768
CON02873,0.05180289836804089
CON02892,0.1788332338392882
CON02910,0.20002096892703858
CON02940,0.11866470375585199
CON02978,0.10454870763486114
CON02980,0.07793963014118613
CON02988,0.22136661890767997
CON03018,0.06036070429035522
CON03036,0.34317212838851185
CON03053,0.0732512785123822
CON02273,0.06763322518893673
CON02369,0.07799489982814284
CON02383,0.25970562365213845
CON02425,0.18175630173860957
CON02426,0.0577706258607362
CON02451,0.1352794637450876
CON02503,0.24340526142901248
CON02532,0.23760133778196268
CON02536,0.08423617644317305
CON02554,0.09350561801000336
CON02574,0.049677074124354514
CON02611,0.05902128531845887
CON02620,0.07279245200986323
CON02630,0.3234976507009318
CON02707,0.06803605844292784
CON02731,0.12523879652085512
CON02829,0.8051404290636782
CON02839,0.12462107852997141
CON02847,0.18631595412039895
CON02854,0.0580172783584118
CON02869,0.4585876747785786
CON02908,0.04546586696790093
CON02932,0.1672989188319317
CON03044,0.06051067510808541
CON03070,0.032621596655965174
CON03080,0.056142485880428604
CON02325,0.08081012596090904
CON02357,0.09343876891123552
CON02381,0.2030201705735994
CON02400,0.13421925961763012
CON02459,0.09912595664132036
CON02487,0.10458379547496623
CON02493,0.11227845888421496
CON02495,0.05856178719484477
CON02576,0.10870604643680956
CON02593,0.11341303204744779
CON02619,0.048146527552211764
CON02646,0.07427826755960916
CON02652,0.14003275722579397
CON02671,0.09204831843670444
CON02700,0.15514113275467112
CON02748,0.05050528649993573
CON02794,0.07028713020557498
CON02802,0.2216230192785525
CON02807,0.10117002091563439
CON02827,0.07422462643091192
CON02830,0.37708886431448124
CON02906,0.09009811527014736
CON02914,0.11727108881452712
CON02926,0.16574783258993114
CON02943,0.4484204362794655
CON02945,0.0681611441864209
CON03071,0.0379914329930723
CON02223,0.06803138237631902
CON02227,0.11360783862911593
CON02243,0.0729540248947371
CON02258,0.06523423937945029
CON02341,0.24615620375192981
CON02358,0.1437961708580426
CON02397,0.07373228424017005
CON02418,0.21557791161612352
CON02471,0.24486753655316892
CON02485,0.6881714587128483
CON02505,0.25693384750428955
CON02555,0.2626162650282286
CON02570,0.6473702628137445
CON02634,0.06597720001797604
CON02640,0.4551781683627104
CON02663,0.14181919054888062
CON02692,0.07822575775231272
CON02693,0.03407791020162
CON02695,0.7942127292710719
CON02730,0.12455586986361174
CON02772,0.3724764720871357
CON02815,0.07207008717299902
CON02864,0.20273355660376308
CON02871,0.06473300913158316
CON02876,0.06616461468051117
CON02904,0.4372459979278464
CON02929,0.5350760943660283
CON02934,0.4694510665814871
CON02954,0.040643057466454545
CON02955,0.2691620149615855
CON02975,0.08188953317787372
CON03014,0.24105025165382696
CON03060,0.0823297699013958
CON02231,0.05596717124204696
CON02272,0.27502012417346405
CON02284,0.04975311860933393
CON02368,0.2263513677363441
CON02438,0.21721819747049184
CON02468,0.08049186070345525
CON02542,0.03821783186314692
CON02591,0.0662284628578097
CON02599,0.14092444923329228
CON02601,0.12911182067064203
CON02606,0.38553404144975567
CON02637,0.1360870198007904
CON02639,0.36723709376222535
CON02661,0.2387537309887179
CON02686,0.03261306477114098
CON02694,0.2986381038895982
CON02778,0.06998347466657566
CON02783,0.03301397514395034
CON02789,0.18133743978142008
CON02844,0.19265230010984588
CON02919,0.06180563498367849
CON02953,0.4885917013988294
CON02995,0.28294936841001805
CON02997,0.16471158673248235
CON03016,0.0741186810567683
CON03064,0.42526433639370986
CON03066,0.13128440004358047
CON03074,0.044262442999223835
CON02318,0.09334495952991134
CON02319,0.12452184709304542
CON02323,0.10149148473476646
CON02359,0.12829173503760774
CON02371,0.1908614410897826
CON02378,0.6090187857856247
CON02382,0.14988921250273787
CON02388,0.5035429462289676
CON02392,0.06699331879300317
CON02443,0.04516119414019884
CON02504,0.28018992905205636
CON02515,0.03033471862398404
CON02519,0.1974837124458265
CON02556,0.1260426328069544
CON02607,0.306092488188087
CON02615,0.22587486576296936
CON02625,0.07296862548639664
CON02626,0.26602002308214134
CON02632,0.094175845820243
CON02677,0.3405922365275828
CON02690,0.361830442343029
CON02856,0.08105640849021675
CON02968,0.08959745116045605
CON02981,0.15882345920950328
CON03000,0.12002348980175975
CON03002,0.06398384344477358
CON03046,0.11667490021932396
CON02226,0.33195627323172533
CON02252,0.11297256237908634
CON02260,0.03298916687399868
CON02265,0.19656646330971855
CON02267,0.037630838242211126
CON02288,0.07017994434862111
CON02313,0.17908488364423514
CON02314,0.10358743875117739
CON02316,0.12131391678608726
CON02344,0.10366991707395114
CON02360,0.05427801238246864
CON02374,0.0667824040301243
CON02376,0.031157591452212308
CON02399,0.05060274370513258
CON02441,0.04582108391707732
CON02465,0.13514049627477404
CON02482,0.22703809033365108
CON02490,0.25420003726058826
CON02494,0.07066922371299512
CON02508,0.04927532075356695
CON02521,0.06864720713513538
CON02522,0.09148577125521831
CON02551,0.09383306064462121
CON02564,0.22028341616655733
CON02579,0.38266745950870545
CON02612,0.07384199229733657
CON02675,0.05899726764462305
CON02724,0.22794950284935622
CON02751,0.27739182079647706
CON02755,0.1276769272183808
CON02762,0.2816004907360458
CON02767,0.10839649795086226
CON02770,0.4638618366602451
CON02784,0.16790719344626878
CON02820,0.07032419060190656
CON02825,0.14341894207916941
CON02841,0.08091340385101324
CON02849,0.08033635160823104
CON02965,0.038535587156834236
CON03048,0.08674133250822423
CON03063,0.09046763768242992
CON02235,0.12667648266350243
CON02300,0.3474791687854729
CON02337,0.03494276270518754
CON02390,0.17630161667457014
CON02405,0.2627651630133402
CON02461,0.0659422818457505
CON02544,0.1156017181661151
CON02557,0.11208727513147958
CON02565,0.03608386817605097
CON02624,0.14375082022693358
CON02651,0.43268939400082285
CON02691,0.07246561140498833
CON02702,0.17067897743405902
CON02713,0.5408733971890975
CON02781,0.10223223701409688
CON02834,0.086726429198891
CON02860,0.0845077368446809
CON02865,0.07295716904985024
CON02893,0.07627601231481386
CON02897,0.30996083540769387
CON02972,0.2050877465410577
CON03009,0.26384316796981744
CON03035,0.2475769474643381
CON03055,0.030612959353368087
CON02264,0.21925293839567483
CON02280,0.06826778978346341
CON02282,0.04281487265574726
CON02373,0.20972584568559885
CON02409,0.0646144946362817
CON02414,0.30725889490493014
CON02605,0.18994091895035037
CON02641,0.09782891577395533
CON02723,0.042497547304956355
CON02777,0.09192287899747952
CON02797,0.20621710307543178
CON02799,0.1117785039300672
CON02821,0.09477959241149356
CON02870,0.2746488625262067
CON02880,0.0957520189382122
CON02915,0.08709361657427094
CON02916,0.14708487458313033
CON02969,0.035486766022979475
CON02983,0.12615561382594542
CON02239,0.06165888806552876
CON02286,0.08918808402111437
CON02290,0.031230625181338005
CON02303,0.14805199885477846
CON02338,0.13421272683080737
CON02345,0.20358672905878175
CON02355,0.04249101489019522
CON02379,0.22253208311158879
CON02432,0.07086260912953452
CON02466,0.1688076709425699
CON02467,0.14666431355095638
CON02473,0.07293177958246899
CON02492,0.04541235701515999
CON02531,0.08798710994608772
CON02547,0.11017328603008443
CON02585,0.29897432356061726
CON02595,0.2840925749246297
CON02617,0.08415562686301405
CON02645,0.2623569089414231
CON02687,0.2379747253929994
CON02717,0.1355574391238943
CON02766,0.2328299380831302
CON02798,0.20650689528709124
CON02804,0.09831330799718672
CON02818,0.03257815984363344
CON02887,0.15103220603469678
CON02888,0.08703415296378737
CON02890,0.04824381869777322
CON02984,0.17118677863404208
CON03069,0.2582930060433625
CON02340,0.1591942562086301
CON02352,0.06847825557241603
CON02364,0.0520896391039126
CON02391,0.14955362470517844
CON02402,0.2233719618960312
CON02413,0.24266183177303366
CON02420,0.06726773086486544
CON02464,0.0797855052353755
CON02489,0.091770140074378
CON02507,0.12037576504280834
CON02622,0.07309496867626983
CON02628,0.07036549696674207
CON02629,0.08549594767161878
CON02636,0.2340084331044881
CON02664,0.04956947604939834
CON02697,0.06749160786475457
CON02709,0.05675383815329293
CON02732,0.07224684202733178
CON02742,0.11840383678272402
CON02745,0.03675534200122753
CON02795,0.15098102142518358
CON02840,0.10217763788186532
CON02875,0.08013046882408749
CON02883,0.11452948892254626
CON02903,0.16888988046390072
CON02946,0.1093033940085927
CON03005,0.13518807231751048
CON03025,0.05662828927591502
CON03050,0.27221343096156
CON02266,0.08623959671229216
CON02322,0.0458284992075251
CON02354,0.04206736277343974
CON02389,0.26083339632872243
CON02396,0.05270676335384979
CON02406,0.2611026785992919
CON02526,0.04996588007630247
CON02575,0.1456351347720025
CON02597,0.07636991672334664
CON02627,0.05193690997342868
CON02638,0.19023610292380025
CON02678,0.032562184910066995
CON02704,0.24414427664074845
CON02739,0.046639221961648034
CON02741,0.07741802111300941
CON02796,0.4309931357590237
CON02848,0.04478845871290914
CON02895,0.09225131756930921
CON02935,0.06638879549214474
CON02939,0.4260761058416558
CON02970,0.0315845900225984
CON02990,0.048557499030350865
CON03027,0.051659877109398684
CON03038,0.10725047373463699
CON03045,0.4184477665357648
CON03072,0.04618559066844523
CON02236,0.10347403482797311
CON02298,0.030186616991033206
CON02311,0.10393564863737204
CON02361,0.10667628279601714
CON02395,0.07695452946385657
CON02407,0.08694530456216645
CON02422,0.08323776254434279
CON02484,0.0738113644163788
CON02486,0.07753662115154987
CON02560,0.36755856201266907
CON02618,0.056527430654996456
CON02631,0.18568531469639507
CON02648,0.2034320376740719
CON02649,0.3357865277446762
CON02698,0.1422777533094081
CON02747,0.10321469922498108
CON02838,0.1451692872269861
CON02855,0.09059316210848718
CON02857,0.06662810090405598
CON02868,0.0957479675218522
CON02898,0.27522657590653055
CON02909,0.07515470391802329
CON02948,0.05107128308393961
CON02950,0.2854396098295345
CON02979,0.06043075509806626
CON03030,0.21117427908210232
CON03077,0.048661445440810316
CON02221,0.061902854094564516
CON02229,0.07752179182203693
CON02230,0.735272546862357
CON02271,0.2104335227391116
CON02304,0.08841143259631923
CON02421,0.21113644400531523
CON02435,0.24163765634611226
CON02448,0.05064242117403945
CON02452,0.0547532695072118
CON02454,0.2857477789219798
CON02533,0.6226991328550973
CON02541,0.04529858652325678
CON02543,0.13282438928223678
CON02566,0.061462333765354225
CON02586,0.652246034819711
CON02676,0.15124802075033253
CON02679,0.1524851336232456
CON02680,0.13677861028791527
CON02701,0.15145204080925703
CON02705,0.3940581921483458
CON02706,0.1034169393519433
CON02720,0.18131946335318677
CON02727,0.11942895791428602
CON02754,0.03615034861124547
CON02846,0.0638576371588893
CON02861,0.14065570698591356
CON02922,0.06640761121760005
CON02931,0.06067461964896699
CON02956,0.049643772601935386
CON02971,0.05900062325629766
CON02987,0.1092753640731922
CON03013,0.0889072472770357
CON03023,0.16275144701132394
CON03051,0.22351091360474154
CON02296,0.0994730960604064
CON02336,0.16561605693766512
CON02346,0.30050208970957637
CON02370,0.0891985615728375
CON02377,0.10652444750778212
CON02430,0.11437237990850088
CON02446,0.20153532165398755
CON02512,0.11595789894223628
CON02523,0.10389426142897237
CON02573,0.23195325507372477
CON02616,0.08404392213571821
CON02623,0.380290350494945
CON02710,0.07857904356707134
CON02712,0.038240200811497496
CON02806,0.055896976415005045
CON02833,0.3181623183945294
CON02923,0.2821777397736479
CON02996,0.1744622944612716
CON03058,0.11762509429043444
CON03067,0.057236130235776075
CON02246,0.040596150456317454
CON02276,0.15449599768478542
CON02289,0.08987783729509295
CON02299,0.07284021618392812
CON02309,0.10044617122516412
CON02342,0.32159799133319694
CON02351,0.39611193074790296
CON02416,0.16211491055357485
CON02424,0.1938153279630145
CON02428,0.06419476131865551
CON02442,0.2857276186155827
CON02527,0.3186069775933264
CON02546,0.36316126196263077
CON02578,0.21200021085745027
CON02653,0.3631071158417675
CON02659,0.1432544718878402
CON02665,0.10908186905409548
CON02714,0.4976059317019305
CON02761,0.07721272234805786
CON02801,0.054390616539914796
CON02811,0.13525263795393125
CON02899,0.05586653135476401
CON02907,0.11835136015102848
CON02936,0.04921569588511321
CON02967,0.3069511594714822
CON02999,0.48388712156694524
CON03001,0.09373865814506475
CON03004,0.06869365200130605
CON02233,0.14744609867431618
CON02234,0.14144351949097955
CON02249,0.10138981720810658
CON02349,0.2964301371785161
CON02417,0.1341541527053941
CON02434,0.059303586199406885
CON02440,0.13997572401392203
CON02463,0.06129581518144489
CON02496,0.05289650404587899
CON02534,0.0866479469089905
CON02545,0.32440533418297046
CON02553,0.09150387022500674
CON02613,0.14413091445061313
CON02614,0.14899328547995275
CON02660,0.1207777288208956
CON02699,0.05686175906752431
CON02722,0.07788318178132042
CON02749,0.11356440260101645
CON02775,0.15226631665199658
CON02780,0.10803250389574066
CON02831,0.05512582358828329
CON02836,0.05566711491307361
CON02843,0.04552660413930567
CON02853,0.212620957523622
CON02902,0.12466548728736897
CON02920,0.5981182337239028
CON02933,0.6760963387599294
CON02941,0.050504075915308436
CON02952,0.11573063077853386
CON02958,0.055479784580780685
CON02977,0.20814585747945488
CON02994,0.08603273985228153
CON03024,0.3532409398634018
CON03034,0.04266387042278422
CON03075,0.34604835968505104
CON02287,0.526230123141498
CON02294,0.3786132091400589
CON02334,0.07014392622480292
CON02350,0.07959030237588187
CON02387,0.21445014550987368
CON02419,0.07472609331769957
CON02423,0.04888175898955849
CON02499,0.06285175337056326
CON02500,0.09600746060862878
CON02510,0.04994178324382719
CON02552,0.4016641749549582
CON02577,0.19259272889582504
CON02609,0.31795138809014545
CON02708,0.1108829647945628
CON02786,0.03379230899880743
CON02814,0.18503965381525841
CON02816,0.07693783897199459
CON02845,0.10065359487934107
CON02900,0.24717292108845088
CON02947,0.03897000272055032
CON02962,0.14567530288015967
CON03010,0.19645758775886227
CON03015,0.05796581026766784
CON03042,0.5411249007324986
CON03078,0.07630910417943708
CON02244,0.13397869870227927
CON02291,0.13749529760693924
CON02297,0.07489916777031667
CON02320,0.034023159112062204
CON02385,0.31073012669095296
CON02386,0.07862698834570779
CON02394,0.03396710653044462
CON02401,0.05602784225391174
CON02412,0.7240843649320903
CON02447,0.04551504488141704
CON02472,0.06768500948811029
CON02476,0.4635540238876369
CON02478,0.10745009459887787
CON02509,0.44106104425250336
CON02511,0.2799290061403568
CON02535,0.06129654593359846
CON02600,0.07367028390682578
CON02718,0.05266669820635961
CON02743,0.06387215210086335
CON02746,0.22735969630037084
CON02792,0.07292785793857333
CON02835,0.04811400958710645
CON02879,0.24644292801588621
CON02886,0.052909449024368116
CON02901,0.14048351840843715
CON02924,0.3561478905719914
CON02925,0.41027896137855413
CON02949,0.1719872285639178
CON02961,0.11463914851955914
CON02998,0.10695386233003541
CON03006,0.33675974676322445
CON02254,0.40662426032013904
CON02301,0.1933793192789957
CON02332,0.056562144122846034
CON02410,0.18304070736573014
CON02520,0.04688919441846944
CON02528,0.16755129928888196
CON02538,0.2682969577543693
CON02540,0.21307104445756667
CON02668,0.10166275958172177
CON02793,0.22533686952028764
CON02812,0.07626685145892219
CON02851,0.2847816300639935
CON02882,0.07026748732511376
CON02889,0.2393441413734684
CON02927,0.17190511760694777
CON02964,0.15216872287729447
CON02966,0.126719965331883
CON03061,0.1046294231674309
CON03062,0.10315787590302868
CON03079,0.09850985291468124
CON02224,0.49030043806542567
CON02228,0.20798939552839046
CON02237,0.12337083643114075
CON02240,0.2797965209156423
CON02261,0.36803360790929457
CON02283,0.10282598562483523
CON02315,0.05158230657884454
CON02363,0.11519466179678745
CON02384,0.24142820774448456
CON02474,0.0618025777390931
CON02481,0.15094546267508727
CON02497,0.6594514747041079
CON02561,0.42172890168546934
CON02563,0.12589777296774454
CON02594,0.11986457287205789
CON02682,0.09516079613318508
CON02689,0.05487134089086441
CON02703,0.2502854775038642
CON02711,0.34834338386494557
CON02726,0.13028975942724008
CON02757,0.09160496524845704
CON02779,0.5826959394878798
CON02791,0.1614258507605777
CON02800,0.5760974791551191
CON02813,0.1997584254432723
CON02986,0.061949033142077795
CON03007,0.3781824749612184
CON03031,0.10452596277929067
CON03032,0.1386328700904591
CON03040,0.24677045707505726
CON03043,0.10609575055986699
CON03054,0.10609480354707147
CON02306,0.2994827158841292
CON02324,0.11236983892432358
CON02333,0.15101460210191142
CON02362,0.14493281213687778
CON02372,0.0942737975754524
CON02404,0.03111164451634329
CON02415,0.07682080969203628
CON02462,0.3160740404347657
CON02488,0.09573736472661648
CON02548,0.07439474122308001
CON02549,0.3037906142501482
CON02568,0.29800679190946583
CON02587,0.06889819519120949
CON02590,0.14593456458137952
CON02598,0.09043998949308368
CON02621,0.07117023209094418
CON02635,0.060931999178273175
CON02684,0.21027935136913042
CON02688,0.08428873655607588
CON02716,0.05092638334478759
CON02735,0.15283102849002397
CON02752,0.08936665939401217
CON02769,0.2916831238457854
CON02808,0.0666488583141984
CON02826,0.16260233517336425
CON02828,0.07883824666417813
CON02832,0.035916133403699785
CON02852,0.0698926078549286
CON02867,0.20921448204361834
CON02874,0.0520747857340862
CON02905,0.08126847262423785
CON02911,0.20748416752418694
CON02912,0.3324572582963926
CON02913,0.04793514758005636
CON02963,0.48643394785057614
CON02974,0.057663241782181844
CON03011,0.07898727181610658
CON03020,0.0912767649421036
CON03022,0.2560848090603755
CON03029,0.059716327635416386
CON03047,0.08888846759376236
CON02275,0.21617758482963578
CON02307,0.07396431875388298
CON02310,0.12734399099051427
CON02317,0.11590439299768436
CON02326,0.10803089668215735
CON02335,0.18190316511420823
CON02411,0.21829126118517386
CON02429,0.08093617975818462
CON02436,0.046200854754562884
CON02450,0.079186360568435
CON02456,0.3692224014038118
CON02458,0.21270519764712775
CON02479,0.09589579031981085
CON02480,0.10247619439645095
CON02514,0.0897336518687158
CON02588,0.07465792305462972
CON02642,0.17889797452313091
CON02644,0.1068691480731125
CON02715,0.4853745065056309
CON02725,0.06768088867639428
CON02787,0.04869862030941909
CON02803,0.2744332749938261
CON02809,0.08448746486933308
CON02850,0.5341124983062089
CON02859,0.32341098104138727
CON02878,0.15668940630699618
CON02891,0.5981621248574218
CON03028,0.2281227115103367
CON03086,0.07945763478428218
CON03148,0.11896442594131645
CON03173,0.32338654093699953
CON03175,0.21371352700560456
CON03187,0.07707937108724545
CON03264,0.08814291858899512
CON03285,0.4313642797328602
CON03287,0.6276368907734551
CON03358,0.04969103502583881
CON03422,0.06665218638260452
CON03485,0.0622368572561039
CON03494,0.17513161173502578
CON03496,0.04951087405115281
CON03515,0.12453477611972052
CON03529,0.16588301336840752
CON03530,0.12190644120695622
CON03536,0.30879687078445
CON03546,0.07693808627378282
CON03575,0.08296695354246522
CON03618,0.2799428615685474
CON03683,0.10733702848409886
CON03687,0.14331355553790323
CON03714,0.18160425302709426
CON03727,0.500001905760339
CON03728,0.1189109856954161
CON03732,0.07695392033124047
CON03764,0.24212192712084557
CON03909,0.2603685191534211
CON03124,0.10476724138787365
CON03204,0.2193698046260627
CON03220,0.4497650033537958
CON03239,0.17801183770443443
CON03260,0.079913515233931
CON03320,0.14390815858333358
CON03321,0.43418564117515845
CON03359,0.2292226344398908
CON03361,0.2544012273588324
CON03427,0.21761242821609428
CON03466,0.07960082598667406
CON03499,0.20345629944591917
CON03521,0.12248130771967917
CON03592,0.07078404556113004
CON03616,0.17551425835031043
CON03622,0.09224836412045222
CON03708,0.18764814517480674
CON03765,0.042594828486164346
CON03797,0.3897278140396025
CON03833,0.11898831153767706
CON03846,0.08513213606544925
CON03867,0.08444403747843518
CON03892,0.03399595414891812
CON03897,0.044883458201540716
CON03119,0.6478810253313247
CON03146,0.4997319869386583
CON03166,0.05946050008027499
CON03208,0.09580880678254276
CON03324,0.45522379413821434
CON03382,0.1441879614657876
CON03384,0.08555020449047283
CON03476,0.3095358937548023
CON03573,0.18538100092308674
CON03605,0.05209836236166645
CON03607,0.06430043055648482
CON03628,0.3808403489212131
CON03644,0.18245357693736006
CON03733,0.2559645053815293
CON03738,0.4086464173950779
CON03812,0.35004360190971223
CON03814,0.037781417175692236
CON03825,0.09789236235872763
CON03865,0.02906288157293274
CON03893,0.1038310296892343
CON03097,0.17755335232879224
CON03098,0.21471698679530196
CON03138,0.104346074171175
CON03152,0.27903453629250513
CON03167,0.041896540800192755
CON03191,0.11610392138713634
CON03203,0.31909384269389873
CON03222,0.09258800969262315
CON03249,0.4384229296477831
CON03371,0.34409412747334894
CON03401,0.3788885793052216
CON03429,0.04983688142202021
CON03441,0.12564210221874664
CON03500,0.07220082571273155
CON03501,0.10535038315333133
CON03636,0.14593146210049007
CON03651,0.1110750095956841
CON03670,0.3266459280072943
CON03702,0.09543173019465508
CON03713,0.046366837655160836
CON03723,0.03402426996475044
CON03734,0.13785282130816848
CON03745,0.2908552450444064
CON03781,0.18446906932196303
CON03792,0.18536148358560733
CON03801,0.1063186345391485
CON03826,0.12783398858714481
CON03853,0.08987346381093202
CON03876,0.033144516381292954
CON03901,0.06471628935402571
CON03915,0.22115688406903272
CON03110,0.32835163346315976
CON03122,0.1376221617123609
CON03192,0.29585916139600554
CON03200,0.29306329795065605
CON03206,0.06703260939745093
CON03244,0.4570578731937229
CON03246,0.10352407694204387
CON03300,0.04305706855293243
CON03308,0.31977990947968793
CON03351,0.0591813689400975
CON03424,0.06500673104418703
CON03495,0.138431864385378
CON03508,0.11602340501954735
CON03519,0.0680630042540511
CON03599,0.056909333278172713
CON03620,0.03414361224861489
CON03647,0.15361439460882062
CON03722,0.14277757206411126
CON03755,0.057404334746039565
CON03757,0.22039638617851287
CON03783,0.09675624174125924
CON03799,0.08222383426972917
CON03816,0.2083755174398372
CON03818,0.09689878704656671
CON03821,0.16898733187326517
CON03829,0.31528511010464316
CON03887,0.1555078034201509
CON03099,0.05617796606347727
CON03114,0.2544240033933489
CON03245,0.10560704709655117
CON03294,0.0881911486675106
CON03299,0.029399529123423834
CON03362,0.04710789796375307
CON03372,0.09434224032744289
CON03438,0.4526149988092056
CON03445,0.082552153271535
CON03457,0.09520201440885198
CON03527,0.17768606485423488
CON03540,0.3146850915714595
CON03579,0.5394730638066578
CON03658,0.30656065479533573
CON03669,0.04601862665009016
CON03673,0.04996099002549295
CON03709,0.10239207045051242
CON03777,0.06549719924218729
CON03793,0.2763311651269258
CON03835,0.08974635429207202
CON03095,0.1565978303303956
CON03127,0.36797118922448074
CON03133,0.03299671531028822
CON03150,0.23928088610794143
CON03156,0.28225115013316193
CON03202,0.04516556679347574
CON03219,0.0501888492171385
CON03228,0.2884944422541065
CON03286,0.8243416341216386
CON03310,0.06564704190305708
CON03313,0.1517752711799507
CON03344,0.06026167991084654
CON03355,0.03245906919576499
CON03360,0.1252051763328119
CON03389,0.03296356853552254
CON03413,0.42377267716438327
CON03431,0.08311400762068989
CON03433,0.03409822025292857
CON03468,0.13760328313680348
CON03503,0.219811646592073
CON03541,0.1453752830752967
CON03551,0.2404663868591687
CON03587,0.10127595987265925
CON03671,0.056652669977614326
CON03682,0.07010909507846814
CON03689,0.09395170339093473
CON03773,0.08705631009156246
CON03802,0.07126411252827047
CON03806,0.034900327193438045
CON03809,0.06505130952149514
CON03899,0.052160155161968966
CON03904,0.10868579742683318
CON03129,0.43318161574899905
CON03136,0.4256930660255394
CON03139,0.04732208723269453
CON03141,0.06014978994834959
CON03160,0.02866120681201072
CON03165,0.03325560451048441
CON03171,0.34882365038893387
CON03234,0.14690400961517244
CON03241,0.23295299583455897
CON03277,0.34070541989161773
CON03326,0.09640443492657731
CON03364,0.07828876279974685
CON03376,0.14535863201500573
CON03391,0.05197831401104926
CON03403,0.5559088548900218
CON03450,0.0711824192313053
CON03531,0.029284610930163484
CON03537,0.6091613921648364
CON03544,0.09749648764666981
CON03549,0.04711207046724224
CON03565,0.08223295510030405
CON03590,0.10536232478293837
CON03596,0.12262462589691514
CON03598,0.42526637406855067
CON03623,0.24910002680123222
CON03632,0.07048555808331376
CON03661,0.047739756672572596
CON03710,0.4412159305606676
CON03712,0.08730803432511
CON03842,0.1100698037215762
CON03848,0.1388163178567094
CON03910,0.13244209806754592
CON03233,0.14428349429072723
CON03251,0.44915314283590524
CON03256,0.14191724387510923
CON03306,0.12026227690886516
CON03367,0.25159559083198685
CON03400,0.03389686383544646
CON03456,0.6035369470140497
CON03488,0.2693447677191271
CON03558,0.1349581481567642
CON03577,0.06670364045740897
CON03604,0.19860036223562783
CON03646,0.05343436510744707
CON03688,0.08786741589857582
CON03692,0.029341111588478602
CON03735,0.0681724919334592
CON03750,0.21836940717264042
CON03771,0.07749548152689882
CON03836,0.09132321791220373
CON03890,0.03886349637174604
CON03096,0.11610560623032437
CON03174,0.1117099481193795
CON03199,0.030239351848522902
CON03232,0.05584420434248812
CON03309,0.09999901204968974
CON03328,0.15591004597061242
CON03354,0.18084837314106322
CON03369,0.11387103451289374
CON03402,0.0714990029903459
CON03405,0.10465238174683605
CON03406,0.3721303632842988
CON03419,0.04842416323997977
CON03444,0.22679642450993956
CON03493,0.1297138976539408
CON03504,0.08171589078090849
CON03550,0.10393356802314195
CON03637,0.31499031461552424
CON03652,0.09423463818030965
CON03666,0.06489349162587664
CON03684,0.048013524945967084
CON03720,0.248794016572609
CON03731,0.1119537057342654
CON03746,0.1685795860095593
CON03859,0.08549230953204422
CON03861,0.04322670448660736
CON03906,0.07947462651503112
CON03145,0.1675829437325204
CON03164,0.09118291442767658
CON03181,0.10622965505218698
CON03194,0.20928396379343583
CON03252,0.046147459273973554
CON03258,0.21343401987621594
CON03266,0.4693099085390618
CON03274,0.046588177569316616
CON03293,0.3792843368309024
CON03314,0.14314053695209994
CON03394,0.05660714051949025
CON03416,0.08836847278839297
CON03462,0.1975119309057973
CON03663,0.44868281859755693
CON03675,0.684564800072507
CON03707,0.12567783149865439
CON03760,0.10463417285336964
CON03767,0.3254078465245326
CON03789,0.0622971229442574
CON03819,0.04523001025557623
CON03830,0.16001596072641924
CON03855,0.11403079897463976
CON03185,0.03165081634142094
CON03189,0.06702029301488364
CON03207,0.11458669872563379
CON03247,0.07337624332697887
CON03261,0.08213039181512231
CON03325,0.42907042745243096
CON03398,0.36073858503607126
CON03412,0.35647402911001347
CON03421,0.5334864093057089
CON03426,0.21078749881529138
CON03432,0.4034443118584064
CON03437,0.3424677025865934
CON03465,0.08544290318012777
CON03467,0.20697061427008362
CON03479,0.10133592391292268
CON03518,0.1434531078239026
CON03535,0.5648633036745646
CON03563,0.11644979251999897
CON03567,0.5895749140721748
CON03570,0.06629102071206924
CON03583,0.17405934012771498
CON03610,0.09129494002668097
CON03664,0.03564095289909992
CON03766,0.3434848520245583
CON03803,0.1490522768103446
CON03868,0.060931444276580274
CON03891,0.042292214095255964
CON03102,0.051683064183336326
CON03103,0.11465616176404901
CON03106,0.2345446774328167
CON03117,0.0737550893025557
CON03229,0.15050721490537516
CON03269,0.8310918078291595
CON03279,0.03270275720045084
CON03282,0.03194649187554011
CON03348,0.04274653645254137
CON03357,0.2607501505633662
CON03379,0.20803087123645414
CON03481,0.11294617432907393
CON03505,0.13761203516864132
CON03528,0.32525873408274497
CON03542,0.07261626640450586
CON03547,0.553076475827392
CON03560,0.36506830148219543
CON03601,0.07639154028074684
CON03602,0.16907985265754594
CON03699,0.25076872000896805
CON03886,0.060435943410663974
CON03907,0.3162086307609831
CON03111,0.08074927366076647
CON03120,0.08228829281026359
CON03134,0.08665158634312956
CON03135,0.09928670944798407
CON03172,0.26913302148629037
CON03176,0.04916124822946145
CON03197,0.04758162005317455
CON03212,0.1638102124349508
CON03273,0.2233117155824035
CON03275,0.1480419873401667
CON03283,0.04285332723846285
CON03290,0.19719879494611364
CON03327,0.09523722356388493
CON03373,0.4094378447384879
CON03386,0.307295035708989
CON03407,0.0850166745829258
CON03417,0.12136560012181026
CON03423,0.048427667620380435
CON03454,0.056398846350689515
CON03469,0.25495436742915467
CON03497,0.10385461981309756
CON03511,0.11330444438443887
CON03593,0.09136279049951868
CON03613,0.2191988420140422
CON03667,0.06307207017647913
CON03730,0.3633922332583684
CON03761,0.17957818945725149
CON03841,0.047777870094183904
CON03878,0.1059571920184134
CON03896,0.11621217538989133
CON03116,0.1053527672746376
CON03209,0.11636263478326629
CON03225,0.153535138146821
CON03235,0.045482005026880316
CON03288,0.23296373776657545
CON03381,0.32780049576832915
CON03393,0.033427289091445954
CON03414,0.10008420566700695
CON03436,0.08372532864586435
CON03588,0.15014996017663038
CON03626,0.5690590578302609
CON03655,0.08347064107874966
CON03660,0.14430695852685774
CON03752,0.029684045523585403
CON03758,0.06550832829631346
CON03834,0.200729748375946
CON03847,0.39031224005919546
CON03908,0.1084862624527696
CON03084,0.10357379751148021
CON03101,0.08841744753241128
CON03125,0.3890936706416483
CON03128,0.08011368087989558
CON03157,0.12805962792954306
CON03183,0.37492987170694064
CON03213,0.07976186659545223
CON03226,0.3307629863843471
CON03227,0.17279285964314228
CON03281,0.5124678038433372
CON03291,0.04618492161049741
CON03337,0.2033327427074455
CON03347,0.06548122453858052
CON03368,0.35568306772915337
CON03377,0.08569195621040264
CON03482,0.12695543981215993
CON03502,0.06327005890206995
CON03506,0.27234991828077043
CON03571,0.04620354461235562
CON03578,0.13329518864537265
CON03589,0.3089677493146866
CON03597,0.3761501217114166
CON03633,0.05390081022494892
CON03642,0.12605293125233383
CON03672,0.1457980979407272
CON03696,0.033166185866292046
CON03717,0.09423569583095866
CON03719,0.4062350121924092
CON03726,0.5348016063318879
CON03763,0.26372756773682665
CON03779,0.46559296353088553
CON03813,0.13763710743260577
CON03860,0.17874437049463154
CON03864,0.10469041024212912
CON03869,0.06866299226752895
CON03880,0.11633076375480816
CON03090,0.1901091842341182
CON03154,0.06090966022010904
CON03168,0.35583291605028045
CON03170,0.055862650570397944
CON03177,0.10441003018529958
CON03193,0.048714079679288244
CON03218,0.26360738340297196
CON03253,0.11531807809259856
CON03265,0.10164542848519356
CON03333,0.1451089138968714
CON03378,0.1012983941940883
CON03409,0.0835167338194621
CON03446,0.12916639995939436
CON03478,0.05566022508684831
CON03543,0.2505261596132072
CON03553,0.36695911848029894
CON03564,0.1693853772503007
CON03609,0.5622901817910828
CON03627,0.14651944812948348
CON03643,0.1527789685027757
CON03690,0.11111864738017976
CON03691,0.4048298713422578
CON03693,0.29669356306643074
CON03749,0.22595254030302492
CON03791,0.09960464712838613
CON03823,0.09036064357755405
CON03844,0.09426517137582197
CON03852,0.44764958489819645
CON03894,0.10182111886795416
CON03902,0.07061820539776252
CON03085,0.1735462482427423
CON03140,0.6035275026651076
CON03211,0.19398888635315142
CON03216,0.46533156965849665
CON03292,0.5032748951061915
CON03301,0.25674117585510536
CON03305,0.25090232145954666
CON03345,0.1256293907426048
CON03383,0.0845928434859202
CON03390,0.10660328772877589
CON03392,0.10175821668489075
CON03430,0.4369721601398224
CON03520,0.09959962052195843
CON03552,0.08975228894224876
CON03559,0.3630230115501214
CON03700,0.1755021293739819
CON03701,0.18967235394665855
CON03704,0.08861168642521479
CON03705,0.3700781496518648
CON03756,0.03334275829393937
CON03774,0.11126852304878483
CON03775,0.27989304909813373
CON03795,0.19296948559280389
CON03800,0.13560990307151324
CON03815,0.6327327748619435
CON03832,0.23190323583886377
CON03850,0.04443003412177177
CON03884,0.31383419217199116
CON03091,0.20512610347804378
CON03121,0.07224882839395445
CON03137,0.07344362906195194
CON03158,0.04361951205280616
CON03162,0.03144506478346412
CON03217,0.25164848443388904
CON03272,0.08589311240620086
CON03332,0.1500561849754019
CON03336,0.12645115958654618
CON03338,0.12686745075382125
CON03342,0.43705565990226913
CON03366,0.5399880061784127
CON03435,0.08050323670203981
CON03460,0.22958291707777495
CON03464,0.42121880918703253
CON03471,0.12732730179148977
CON03517,0.03549255080489727
CON03523,0.07551564473463279
CON03619,0.09251192069814354
CON03631,0.08900707797713163
CON03634,0.05248926926612965
CON03659,0.06354028641434296
CON03716,0.06746480439304643
CON03762,0.32827788810920466
CON03776,0.11217082343815535
CON03780,0.08347022376957937
CON03808,0.2705976545283003
CON03130,0.12060448952367078
CON03153,0.1217070741263035
CON03159,0.934836521081474
CON03182,0.12617758113606004
CON03248,0.0665922859762662
CON03268,0.1491263610359373
CON03388,0.0669217337310707
CON03397,0.06423779829515958
CON03449,0.06487613807237795
CON03459,0.0939702819292677
CON03470,0.06798054910232437
CON03498,0.7181481576175112
CON03557,0.12766082690157488
CON03568,0.29630011056066713
CON03582,0.23189547751723874
CON03653,0.13123253321891057
CON03694,0.05990623114254707
CON03698,0.40071668332340893
CON03769,0.1534335861511179
CON03856,0.18997081147060746
CON03889,0.056561578855299846
CON03905,0.0911894806862755
CON03912,0.05126963566442648
CON03112,0.14964281550086417
CON03169,0.06054686210257841
CON03224,0.41590444634945534
CON03242,0.11899533715918692
CON03262,0.2698345903523161
CON03303,0.03820700407311065
CON03319,0.07682647984448421
CON03374,0.07399945472054457
CON03443,0.11763998430687647
CON03452,0.09507101130246055
CON03480,0.07425549376455562
CON03526,0.11277661545989413
CON03533,0.11090013874655986
CON03534,0.07707347595693924
CON03555,0.34021070855177643
CON03600,0.04601688931377915
CON03662,0.14561401343717878
CON03805,0.0313076682785291
CON03888,0.0682404346740292
CON03900,0.2844708784704111
CON03104,0.10828087770975649
CON03198,0.08741229567868794
CON03201,0.0750043378166293
CON03214,0.45174250934534715
CON03250,0.529132555228672
CON03296,0.22152488841431037
CON03297,0.19169583175615895
CON03330,0.07042617386392007
CON03335,0.045951277108147365
CON03395,0.15792174958776292
CON03434,0.15250426678235973
CON03447,0.07853938431241576
CON03539,0.10029862222883199
CON03580,0.1958163554458412
CON03594,0.25470848103701504
CON03715,0.17144056128070584
CON03718,0.15247009722086952
CON03729,0.057407931239186936
CON03742,0.12981612336753182
CON03743,0.15036567337306103
CON03772,0.4136288906215859
CON03778,0.3138141255550776
CON03794,0.04723493695868975
CON03798,0.15379635687353727
CON03807,0.0716914320156936
CON03822,0.22564730749132045
CON03828,0.13825885373125077
CON03913,0.049293137133374104
CON03089,0.43585908923400674
CON03107,0.03439612950685492
CON03131,0.04712022659140067
CON03142,0.09656337763507822
CON03240,0.0685036182256887
CON03254,0.03282379090280584
CON03257,0.19344676520822188
CON03278,0.0331857000997746
CON03307,0.26692159281306804
CON03317,0.03310933071011136
CON03318,0.06229745081281944
CON03375,0.15095286172071778
CON03410,0.10642575757276196
CON03415,0.10620476357393774
CON03428,0.08652344183278769
CON03442,0.3376580684686979
CON03458,0.14012721617777787
CON03475,0.12103742468557058
CON03545,0.10207350564466054
CON03668,0.2434803932918909
CON03676,0.23731160428276357
CON03680,0.15902354602399119
CON03736,0.08634853160272869
CON03788,0.37892045725662
CON03804,0.03877080803197304
CON03837,0.24521921123949483
CON03840,0.2841194780953103
CON03879,0.1541524185516456
CON03881,0.12313047678635151
CON03914,0.16614289963401876
CON03105,0.053176302102931096
CON03109,0.10830137986070582
CON03118,0.04445902845737436
CON03126,0.21777947384456295
CON03132,0.18624137367193846
CON03149,0.1407552417860266
CON03179,0.1237128601301605
CON03205,0.32729652347929233
CON03298,0.046350774384218904
CON03474,0.42669969904799954
CON03512,0.1411751029499619
CON03532,0.06441621147860539
CON03556,0.08712601363978606
CON03562,0.16110567529929712
CON03586,0.06400017888567916
CON03654,0.06398012894619887
CON03677,0.40649728194253637
CON03678,0.16052716456618826
CON03697,0.11705416102021166
CON03706,0.17733731631153632
CON03740,0.08491771334463587
CON03770,0.14246832508261914
CON03787,0.04584877455115943
CON03810,0.4761768732894254
CON03838,0.31430475308293504
CON03875,0.42512672915707594
CON03186,0.05360847281434716
CON03223,0.39409879411318716
CON03255,0.04922309458997106
CON03259,0.060164494479504955
CON03263,0.3040727019650239
CON03284,0.07739240817993813
CON03302,0.1008285495592072
CON03311,0.290339499577582
CON03349,0.26402604106595906
CON03353,0.04671912635302323
CON03404,0.13222512550635002
CON03408,0.4595510097290539
CON03411,0.47093045742719264
CON03425,0.6536327817507916
CON03472,0.028636485418629818
CON03483,0.11637756506277275
CON03491,0.1351479000481221
CON03492,0.07839740916861657
CON03514,0.03662834898044996
CON03548,0.07453829653358568
CON03554,0.13332761461359233
CON03574,0.04882992575168577
CON03576,0.12663340406330043
CON03595,0.297605575419909
CON03614,0.06930670476073639
CON03641,0.5045023856384354
CON03725,0.13988145658332451
CON03737,0.05313385570473029
CON03759,0.24697753504121125
CON03817,0.35352900028481493
CON03851,0.08160949505822053
CON03911,0.2819241222799923
CON03083,0.10572991600994894
CON03108,0.09382519532211651
CON03161,0.0979063146967345
CON03190,0.194093212776609
CON03221,0.08564252375074533
CON03238,0.07107158553098386
CON03267,0.40601434866859104
CON03270,0.09300810449170498
CON03315,0.24732570091853612
CON03316,0.06102180076940762
CON03365,0.515717375862206
CON03387,0.10549820412508853
CON03418,0.0349627104285313
CON03440,0.16156350749064988
CON03463,0.04551855044786919
CON03507,0.11249271818985257
CON03513,0.249847034113437
CON03606,0.1410273208522687
CON03630,0.06266272317548255
CON03639,0.135660164551141
CON03649,0.321928059848566
CON03657,0.06862788344018636
CON03665,0.21414028616156547
CON03679,0.1610191865462042
CON03744,0.3300548933207542
CON03753,0.5501812879114041
CON03768,0.28274119592691094
CON03784,0.1152056835405058
CON03849,0.13242592512502174
CON03854,0.10259301233756929
CON03877,0.08493981310715133
CON03082,0.04685667742234571
CON03087,0.12390280133868974
CON03143,0.060426104345576714
CON03144,0.19401344017035776
CON03188,0.42386506391067025
CON03210,0.18474569999593135
CON03231,0.04701598918904933
CON03289,0.10835103201130894
CON03339,0.062169920712098266
CON03350,0.10723568504862402
CON03370,0.16946421165285977
CON03380,0.09903120574053884
CON03385,0.1645567394007108
CON03396,0.11276116043371172
CON03525,0.31532916302354447
CON03584,0.20615924603196611
CON03591,0.3866701135351484
CON03611,0.19743311128716481
CON03612,0.44478536012354014
CON03617,0.2900387462181761
CON03640,0.08672642004495087
CON03656,0.12373065841229913
CON03681,0.272499726237239
CON03703,0.10108864685958023
CON03724,0.059297894243962715
CON03739,0.3685805453992321
CON03747,0.2734108277957728
CON03796,0.05920295149058242
CON03831,0.17698889273921284
CON03845,0.2663152246178527
CON03871,0.17355107918604093
CON03874,0.18190235413026515
CON03093,0.060404285940025004
CON03100,0.04943152056820693
CON03123,0.26398982863085396
CON03184,0.06668531070022576
CON03236,0.23206848108070866
CON03312,0.5306546155170634
CON03322,0.1287304121509891
CON03334,0.08995642072876156
CON03341,0.2061465651325115
CON03352,0.10094621760074134
CON03420,0.11403830232013407
CON03473,0.16092665234408884
CON03484,0.05755904439608679
CON03489,0.06763857343093088
CON03490,0.14297931398947808
CON03561,0.16747502002668022
CON03581,0.9061698701541278
CON03608,0.24954125295655338
CON03621,0.11785010147500717
CON03695,0.06841255216104457
CON03785,0.2282612794905149
CON03820,0.20547864075858369
CON03873,0.09818968135507908
CON03883,0.31896559298337623
CON03898,0.17271596821105914
CON03903,0.10789857860252718
CON03081,0.05316214201997093
CON03155,0.07420836640693727
CON03180,0.07231179774512128
CON03271,0.07577640839762836
CON03276,0.7154359962221842
CON03280,0.33287646930371273
CON03304,0.5989694403210603
CON03331,0.10326480210809887
CON03356,0.1089043313794983
CON03399,0.12150035768188566
CON03487,0.12594401506297992
CON03510,0.0887300747869059
CON03538,0.1449977558853128
CON03569,0.16166560209961717
CON03572,0.12977926755843583
CON03585,0.09116110611291524
CON03603,0.1086412055235661
CON03624,0.556871754955332
CON03625,0.2845243570578491
CON03674,0.0926628226708127
CON03748,0.05067511569535982
CON03754,0.20950289511219913
CON03782,0.09728915289522119
CON03790,0.2529040939968533
CON03811,0.10193411945395413
CON03827,0.09453913221528232
CON03863,0.1045771891879979
CON03885,0.08820403179518013
CON03113,0.27611295172860806
CON03115,0.1440818369829071
CON03151,0.13865638320699414
CON03163,0.12239483853764699
CON03230,0.13986349573551535
CON03237,0.20661751368638495
CON03243,0.083681894009649
CON03340,0.8836947783123001
CON03343,0.8312655979788319
CON03346,0.07718711847215623
CON03363,0.06756310324937291
CON03448,0.10959478000969242
CON03453,0.414501070154864
CON03461,0.12824865867601332
CON03477,0.045791881750785655
CON03486,0.19058673352101263
CON03509,0.23168013797205525
CON03615,0.12644764748630744
CON03629,0.4219514636249766
CON03635,0.08727416167657566
CON03645,0.10229100250528181
CON03648,0.45863717290893796
CON03686,0.32815874540633455
CON03711,0.11724490469951253
CON03721,0.513419289206599
CON03741,0.04476390600430987
CON03843,0.13641908608396638
CON03866,0.3151273669475201
CON03882,0.4477993268249619
CON03088,0.04572639839347783
CON03092,0.07095368063612943
CON03094,0.0783622741888534
CON03147,0.06983732549647992
CON03178,0.07579909745926579
CON03195,0.05744943149726361
CON03196,0.1624139075912713
CON03215,0.14832012318899662
CON03295,0.31989291293340744
CON03323,0.2570182621480726
CON03329,0.1476847036690254
CON03439,0.07420697293363172
CON03451,0.27663537716729447
CON03455,0.20845304790885333
CON03516,0.487409956725558
CON03522,0.10656350037748251
CON03524,0.6483356349389537
CON03566,0.06861234733770326
CON03638,0.10197265871242982
CON03650,0.04958029014734143
CON03685,0.14538435190790716
CON03751,0.15281942785606892
CON03786,0.10871658517266251
CON03824,0.24913293786900736
CON03839,0.04886761823679829
CON03857,0.09493695822557394
CON03858,0.7203039231728046
CON03862,0.03877265643847817
CON03870,0.03192805792360694
CON03872,0.1038900138835249
CON03895,0.0520621055076081
CON03942,0.24363552641164207
CON03945,0.4111337745253075
CON03996,0.21868849379182598
CON04043,0.1669317782209461
CON04054,0.03249357891290351
CON04111,0.09100643589864692
CON04125,0.10523277653148147
CON04128,0.11079831410828857
CON04143,0.1296490522563405
CON04154,0.11668289209470152
CON04178,0.33954060312769724
CON04235,0.6412848579977374
CON04253,0.5403834360900024
CON04259,0.25612041864467266
CON04415,0.44292095744862636
CON04658,0.17434615078346716
CON04670,0.1233154373324594
CON04672,0.16011150667166554
CON04720,0.03375398121982201
CON04722,0.3635775392413659
CON04728,0.1270085605030576
CON04731,0.06754497896121131
CON04737,0.13424447674501883
CON04739,0.06952564548911225
CON04750,0.10618148821072328
CON04764,0.053144283990057946
CON04781,0.3400698219192961
CON04782,0.4714269740537151
CON03921,0.06295291460595563
CON03940,0.18195089001880468
CON03949,0.08376815684530448
CON03962,0.19091605175243065
CON03964,0.3064044045032456
CON03968,0.20011105916965322
CON03985,0.22037545208836568
CON04038,0.14507582136813865
CON04042,0.47513774059390335
CON04051,0.0879275612984246
CON04089,0.10090115778155129
CON04131,0.23535297445743183
CON04180,0.1508857290828599
CON04234,0.17942173997153155
CON04272,0.0956784725802836
CON04302,0.1083385618504545
CON04354,0.08602575959887254
CON04377,0.10873981380524719
CON04383,0.04340990392710597
CON04432,0.24457358170888396
CON04443,0.15006445156090803
CON04485,0.12746781501370913
CON04490,0.7369001134001447
CON04493,0.2977634517058197
CON04518,0.03723573804392129
CON04520,0.17701083349328892
CON04527,0.07754795214061243
CON04574,0.9348424896472308
CON04619,0.07499471153066713
CON04624,0.03076155700081801
CON04634,0.04610005179964374
CON04704,0.06452699593088235
CON04743,0.22327218471018143
CON04760,0.03311528234710348
CON03957,0.2195313502948834
CON04000,0.4598236552725637
CON04072,0.11746049640740287
CON04100,0.17434058589732404
CON04188,0.08583056276351662
CON04192,0.05566803277688826
CON04219,0.08319596085738086
CON04231,0.15182999849059767
CON04265,0.3729605738379248
CON04330,0.07642321415324226
CON04347,0.04242426103139067
CON04373,0.14729409671559954
CON04506,0.03386245533132188
CON04561,0.372789812749174
CON04570,0.036703778080920325
CON04576,0.3535590040236835
CON04578,0.06343395740133156
CON04612,0.0827141167760717
CON04667,0.33286323864768214
CON04677,0.18145120459738828
CON04687,0.8231233800358292
CON04711,0.20076391408011995
CON04789,0.0380480319101469
CON03994,0.08164950597467108
CON04021,0.14717882868738916
CON04031,0.23313576161757757
CON04049,0.1117475029960202
CON04082,0.17746716522953762
CON04094,0.12429727249435854
CON04110,0.35076446997089006
CON04165,0.07492926260582754
CON04207,0.060941284769520265
CON04227,0.12856610011400268
CON04252,0.03502349142626058
CON04260,0.18237610368605173
CON04287,0.08845324403590155
CON04305,0.26925709474839943
CON04307,0.2776341587695883
CON04361,0.07342363592981799
CON04412,0.07229733710805863
CON04428,0.20053026518428263
CON04445,0.19816369725661281
CON04451,0.373308736370454
CON04463,0.03260480156393141
CON04504,0.33372192726282696
CON04524,0.1509301806702903
CON04566,0.20155124879124878
CON04579,0.03772826689155644
CON04592,0.1546756072867158
CON04626,0.03186569652551276
CON04640,0.45199382840033275
CON04649,0.11944282521697822
CON04651,0.26569030038847263
CON04654,0.07623151402451701
CON04682,0.13857790581584267
CON04751,0.11251054798011055
CON04752,0.29453521778457414
CON04757,0.038695615708082866
CON04765,0.464071821588729
CON04777,0.4119313104646728
CON04780,0.11379755049383877
CON03930,0.16202128137725647
CON03946,0.09842038788283114
CON04046,0.06039257676462178
CON04114,0.11478628917908253
CON04116,0.3710497008911871
CON04152,0.38578681490754213
CON04157,0.3196441372649761
CON04199,0.6009189626786782
CON04295,0.1491001474316456
CON04308,0.35388650040165565
CON04331,0.03494903200192614
CON04379,0.3032320282710873
CON04385,0.07207101953322403
CON04400,0.1245685805395465
CON04454,0.1043471593808582
CON04458,0.0723674174042297
CON04480,0.043428504557757035
CON04529,0.6050322385100931
CON04545,0.3554972494836309
CON04553,0.11146841052764397
CON04554,0.07211287818146979
CON04575,0.3199883991667204
CON04675,0.0403357921716029
CON04702,0.38669819341661976
CON04707,0.08438691019647857
CON04710,0.11371976809876355
CON04785,0.11612147729680566
CON04792,0.2438562267569754
CON03922,0.08482790031603124
CON03991,0.05626017109416283
CON04015,0.16199261878196206
CON04022,0.07140267437186618
CON04023,0.07195717075263618
CON04035,0.06295248502115201
CON04141,0.12316548575831587
CON04168,0.130385233739416
CON04238,0.09588640161273186
CON04244,0.14559307915789896
CON04311,0.1040513885117774
CON04384,0.890517596660594
CON04403,0.17179467521799135
CON04410,0.17500322411893754
CON04419,0.310469105539573
CON04420,0.06843180656076525
CON04440,0.18006128550716807
CON04459,0.11387739422980213
CON04563,0.23109727227495835
CON04564,0.24275271450347793
CON04577,0.10868183482908375
CON04585,0.08285424958312701
CON04595,0.15618864185216413
CON04617,0.1601392519008984
CON04678,0.03410267333095527
CON04692,0.2398831007602698
CON04723,0.10553555269310547
CON04729,0.08057269971335117
CON04749,0.1301929351828824
CON04784,0.600788302204673
CON03923,0.09749823147138632
CON03935,0.056982058553711114
CON04007,0.2987537970081935
CON04065,0.27150608233554085
CON04182,0.10086715112534324
CON04202,0.3613518834010298
CON04223,0.4212497496393298
CON04240,0.060723696396921684
CON04289,0.0583380185608132
CON04298,0.09557350549998436
CON04316,0.617489001927342
CON04362,0.1098754995806225
CON04435,0.032998063420879395
CON04442,0.150500463971675
CON04444,0.2555867589607775
CON04468,0.7411584453749178
CON04469,0.08171477730827713
CON04487,0.23466044060918975
CON04555,0.2824908225706752
CON04582,0.059176911102451484
CON04660,0.14766768665396746
CON04671,0.6634017273021916
CON04685,0.07517299844066772
CON04754,0.05179333722291411
CON04759,0.17754646829314774
CON04762,0.07599178860608687
CON03931,0.07250935573846233
CON04014,0.08698808244872529
CON04037,0.16103990535004334
CON04066,0.22850988436653744
CON04132,0.3997012571149052
CON04150,0.08049686402179465
CON04162,0.08048338109728986
CON04193,0.4866876778887187
CON04262,0.0757891706921858
CON04264,0.07828707001798334
CON04275,0.17301429161194717
CON04319,0.10009428350609993
CON04351,0.04659378168813742
CON04425,0.06030526759744057
CON04433,0.1423489191573709
CON04439,0.02922162682513822
CON04486,0.21466120018521948
CON04530,0.282780040709885
CON04559,0.22504056876918604
CON04603,0.13842530334610656
CON04616,0.283542123918472
CON04623,0.40962784786620937
CON04690,0.1424830803980804
CON04714,0.14949681473230664
CON04733,0.07066749862947537
CON04736,0.11064080624745962
CON03918,0.10874574545939604
CON03951,0.07948782740383291
CON03979,0.06532834360819303
CON04013,0.09454096964835355
CON04034,0.09412087648911706
CON04159,0.32177058968330935
CON04187,0.1631179349243994
CON04242,0.08777888483676294
CON04245,0.0403076724145101
CON04257,0.10264519908012683
CON04282,0.3245018537629016
CON04286,0.14309350163703416
CON04326,0.6550661328238272
CON04356,0.1525194455176554
CON04363,0.09205729195514106
CON04380,0.11947409236836115
CON04382,0.08846598894244777
CON04398,0.053311020212845825
CON04429,0.28984837332708857
CON04430,0.2867504290859791
CON04437,0.3506922909286476
CON04464,0.2545327842590617
CON04476,0.06478208377300608
CON04482,0.03609856609177242
CON04513,0.2347370085789279
CON04610,0.15173871203226189
CON04621,0.20285243938283948
CON04652,0.23002113824576537
CON04746,0.156112077205126
CON04756,0.08138091517068594
CON03956,0.26127578238574817
CON04050,0.4854588359088937
CON04055,0.3126056083154627
CON04083,0.09681234312727731
CON04145,0.09471129418571082
CON04146,0.05201288432361121
CON04175,0.047785174728450244
CON04183,0.08640023823105333
CON04195,0.5449032941497027
CON04258,0.10533365455264712
CON04274,0.26440548822515475
CON04292,0.03252440771884936
CON04297,0.4328288979279898
CON04310,0.08338407056872173
CON04323,0.08123734193228646
CON04360,0.15511477064798057
CON04374,0.45934975108221665
CON04397,0.13160373308239662
CON04416,0.12861724143542586
CON04418,0.08728150957503253
CON04466,0.2593452518460954
CON04467,0.09607316796142935
CON04471,0.06531610700316287
CON04492,0.3540607430390892
CON04538,0.1259393576376226
CON04683,0.3968395118440613
CON04689,0.20998505322461647
CON04703,0.04067733610329674
CON04779,0.08332832663670425
CON03970,0.12625154895986812
CON04011,0.22141684976516654
CON04084,0.03165288824209527
CON04104,0.3607438741317201
CON04121,0.1195076520086307
CON04213,0.4986499030485841
CON04236,0.13793506267737593
CON04278,0.32200850070265746
CON04280,0.14005058028342077
CON04314,0.055470305020319056
CON04321,0.0492353551074701
CON04338,0.08594565362289042
CON04345,0.06205572776417176
CON04388,0.13736062908429578
CON04515,0.08319764978297892
CON04542,0.27218289642039234
CON04571,0.5134634487249009
CON04600,0.2283736526745268
CON04666,0.2770440385336606
CON04697,0.08634682193891936
CON03939,0.20307122144510573
CON03988,0.04836345887575198
CON03990,0.15239997703674185
CON04005,0.1318374053944248
CON04025,0.35929189798818645
CON04048,0.09541585182961254
CON04067,0.04862234848452407
CON04073,0.12301128903621429
CON04096,0.23302173693961767
CON04164,0.08241623679416657
CON04170,0.2152689751354676
CON04176,0.06655477080190021
CON04220,0.42536378584777595
CON04241,0.31342357200325627
CON04243,0.1025687143187823
CON04246,0.2894457954517882
CON04273,0.07507885185361537
CON04325,0.16934056669817202
CON04422,0.10553014904206422
CON04431,0.14818718511685725
CON04441,0.14574962857563434
CON04473,0.057807099447313486
CON04483,0.038096926276802875
CON04484,0.10747879562730113
CON04499,0.10860106823293221
CON04509,0.03193850650004918
CON04536,0.1502038801915881
CON04618,0.057769605839566404
CON04625,0.07492408060367704
CON04668,0.03144094218151457
CON04706,0.03083249689521469
CON04730,0.09807613411653876
CON04761,0.33905054504073906
CON04769,0.1118383484685752
CON04795,0.19155760064334915
CON03934,0.052829025290419114
CON03955,0.19394479191681224
CON04012,0.2028254481697509
CON04033,0.613896325555585
CON04091,0.059391098910383314
CON04092,0.22796689188396924
CON04099,0.0622444486362828
CON04113,0.19624714626653855
CON04127,0.062220481645572374
CON04158,0.18069797659104972
CON04197,0.1262938769543403
CON04198,0.30833777679310004
CON04204,0.06854098116498442
CON04208,0.06335716632346843
CON04218,0.4004450359970983
CON04228,0.08174997813631288
CON04233,0.14635971388492872
CON04309,0.3058342181169061
CON04336,0.16938041612299157
CON04358,0.4912074160076859
CON04365,0.1468459631168733
CON04436,0.1085773363779652
CON04475,0.2652098909670188
CON04498,0.11202013390868316
CON04505,0.09037092023039665
CON04544,0.16388850691972215
CON04602,0.19723196672959784
CON04630,0.2991108782608901
CON04641,0.14734186459122542
CON04676,0.17718751770865418
CON04684,0.6679139289289397
CON04700,0.44431850060715344
CON03943,0.08589487997165815
CON03976,0.10237939722875582
CON04003,0.0681142509684784
CON04018,0.03391640315131762
CON04040,0.49631222113974427
CON04053,0.24186046434927141
CON04098,0.13020264905918189
CON04103,0.12806473076814642
CON04105,0.051680993508873084
CON04124,0.40624721770159267
CON04137,0.09674446876989311
CON04163,0.08116670904270955
CON04239,0.03381797621157719
CON04250,0.1457052364139962
CON04318,0.12083310171783436
CON04342,0.17924159132662068
CON04357,0.15505543821870085
CON04372,0.1958177068173838
CON04401,0.17451005267039088
CON04409,0.033584628165685776
CON04449,0.07626348920006881
CON04635,0.14674898159046867
CON04636,0.09440817718152418
CON04653,0.09260631000668465
CON04663,0.12652257499946992
CON04669,0.25546086052723616
CON04693,0.07133316269037114
CON04709,0.12541144714650906
CON04741,0.20468641460728107
CON04778,0.05039822269934889
CON04794,0.05115712992581636
CON04798,0.05863773401642376
CON04799,0.3161037086241072
CON03932,0.25453203781766415
CON03938,0.0755732012145193
CON03960,0.3092326982294982
CON03972,0.07046949876479718
CON04002,0.2994819335301809
CON04009,0.09162203753790323
CON04020,0.6332664797839374
CON04058,0.08506257687118442
CON04074,0.1351177284616522
CON04080,0.2656929540500628
CON04184,0.1454194817479767
CON04206,0.13962616397739488
CON04268,0.03490374267293704
CON04283,0.4465594758243519
CON04324,0.15270612840065886
CON04406,0.2880667530309337
CON04423,0.1019788685240088
CON04589,0.28399815234917053
CON04620,0.13153734679706344
CON04696,0.14887269768323058
CON04712,0.09998443190135961
CON04718,0.13323511942253083
CON04744,0.29861742070155245
CON04748,0.15241854121408865
CON04773,0.4372007921671519
CON03933,0.6298437981896056
CON03978,0.1774138848172602
CON04030,0.04834285140074906
CON04095,0.3942315569105711
CON04130,0.11694902103396364
CON04173,0.052944485862128216
CON04215,0.051864352937979565
CON04255,0.08620510773629056
CON04276,0.7623926350591756
CON04291,0.2256498831450255
CON04304,0.08239595837656936
CON04339,0.09245764671526391
CON04350,0.5578770479078089
CON04386,0.4446495510276468
CON04438,0.24000361858956373
CON04503,0.2384211619621325
CON04516,0.12911720148065556
CON04547,0.14299075576217832
CON04550,0.08619399369246473
CON04565,0.16294526035546147
CON04597,0.3413278615543951
CON04644,0.41438965027465896
CON04699,0.16000527229794745
CON04797,0.08299481748239161
CON03969,0.05031814133978383
CON04008,0.2756034014835073
CON04047,0.24493268023734266
CON04136,0.22664214868636692
CON04139,0.0770679809046157
CON04147,0.08970882727561026
CON04174,0.12024497048678577
CON04210,0.11074956657162859
CON04254,0.12881647925318818
CON04337,0.23216501452929858
CON04343,0.02828279711939882
CON04427,0.03603393833854328
CON04453,0.2115246828210067
CON04457,0.20840255951563966
CON04477,0.048756588514098864
CON04534,0.09693472635837118
CON04552,0.0921104703719504
CON04560,0.10114120003816375
CON04562,0.15613006077813807
CON04569,0.3094066459534427
CON04606,0.3711604448844578
CON04643,0.1875198660305167
CON04645,0.1029140164367267
CON04657,0.09832636836174719
CON04708,0.0632928243352654
CON04732,0.09067181067626254
CON04800,0.055047835389123334
CON03925,0.1493560787885803
CON03959,0.03404299523641153
CON04032,0.06641897950980781
CON04056,0.07254897581741887
CON04069,0.19726308516853092
CON04097,0.24813064889863182
CON04118,0.16190732182831402
CON04133,0.14377519191495666
CON04138,0.260760626936506
CON04189,0.07434523466254032
CON04190,0.6540377014768397
CON04229,0.029611846973927856
CON04237,0.07554562660643227
CON04247,0.10040840388572533
CON04266,0.1828323389920313
CON04288,0.04808244301028979
CON04349,0.15016075054361927
CON04393,0.11716135187729512
CON04417,0.07870870214946077
CON04426,0.13063471039484797
CON04450,0.13553465938538875
CON04495,0.2016581345519038
CON04502,0.28491506394595373
CON04548,0.19501046417695828
CON04605,0.19460642731267347
CON04680,0.10973361240245462
CON04755,0.1748353373392664
CON04036,0.14434738425702126
CON04086,0.14678117787004769
CON04106,0.2194501640675179
CON04166,0.2211635047561113
CON04167,0.03268057889432653
CON04179,0.37885035560629127
CON04212,0.07505033869360517
CON04214,0.2583902353230327
CON04221,0.05313467612651232
CON04271,0.4044432509482723
CON04299,0.19164709571825864
CON04348,0.11492002860665862
CON04370,0.13831916913018616
CON04381,0.6962012370403318
CON04461,0.06790189240941057
CON04514,0.05004314140598322
CON04521,0.14878192621276778
CON04537,0.09068270962257816
CON04581,0.07582094752184158
CON04586,0.07509917116383358
CON04604,0.13996768256640074
CON04628,0.09280870542024555
CON04638,0.2754443632072322
CON04642,0.07876987430059788
CON04686,0.12089493819884777
CON04695,0.09622538049867495
CON04717,0.32240745666210585
CON04719,0.0877284610566054
CON04745,0.2251977414812133
CON03973,0.04974667668368287
CON03981,0.16267883295154592
CON03995,0.14901725917129652
CON03998,0.31585366764937917
CON03999,0.5184498927199044
CON04039,0.06221682602260264
CON04068,0.033493968482205067
CON04076,0.10743006004659164
CON04153,0.26518418342269695
CON04155,0.3825072406757503
CON04171,0.05987813662469942
CON04191,0.15645169796621253
CON04196,0.07841612561000377
CON04230,0.8574324139850625
CON04261,0.49304165878842726
CON04340,0.9172010627576312
CON04344,0.4925089715487072
CON04366,0.13786629459738906
CON04390,0.2009883119250041
CON04414,0.12246035649715409
CON04455,0.06472265397884444
CON04460,0.08017682645462544
CON04472,0.3532653759957146
CON04478,0.0686611395794114
CON04489,0.030686636361334733
CON04500,0.21675393745028282
CON04507,0.3563420628608276
CON04531,0.17017111117609832
CON04572,0.0958776752325885
CON04599,0.05028211275844327
CON04622,0.10859514863667533
CON04629,0.05662338751903692
CON04637,0.06363446267272901
CON04662,0.04667154397463665
CON04688,0.09882067628493875
CON04715,0.07921208438979105
CON04740,0.28389470447619064
CON04776,0.2704283995127175
CON04793,0.06143633612564783
CON03919,0.07345345537184764
CON03924,0.4088450466934847
CON03929,0.15631098982184882
CON03952,0.30183877101295836
CON04019,0.057054422656777105
CON04102,0.30625125055657915
CON04115,0.04945137641194073
CON04122,0.11072249481201789
CON04149,0.12166622792264604
CON04216,0.16056786599710607
CON04249,0.24241290029285978
CON04290,0.10177118659784373
CON04300,0.23249454811963213
CON04312,0.3209707157054836
CON04313,0.035086660980376154
CON04333,0.09564507479802997
CON04369,0.0592030218266668
CON04389,0.06309587830541753
CON04392,0.16240324254671543
CON04405,0.08203318758755794
CON04407,0.2232481129385207
CON04452,0.4691223768495301
CON04508,0.11228519921212803
CON04511,0.03766283282378978
CON04526,0.09921097899953937
CON04528,0.3019564175106183
CON04532,0.06324402604853008
CON04541,0.6538540469693356
CON04587,0.13112511431768248
CON04591,0.13208487019683138
CON04593,0.40119116396569565
CON04596,0.5040746551778461
CON04661,0.5559670786555077
CON04727,0.07920041732666701
CON04734,0.05387671757040114
CON04738,0.25683603567453134
CON04787,0.12456604271115235
CON03920,0.1283449281857365
CON03974,0.11480546632450915
CON03992,0.10944311616071184
CON04028,0.19669650508290507
CON04064,0.10846778913238714
CON04120,0.047928977904459664
CON04140,0.6549052204168021
CON04177,0.37710548776624697
CON04181,0.08393982468586446
CON04224,0.05825859495099084
CON04320,0.20868960313443377
CON04328,0.8308602857084453
CON04334,0.0936480544926611
CON04391,0.1983767299021731
CON04465,0.38988385123404196
CON04510,0.049483613141639037
CON04525,0.4775134621452539
CON04535,0.08794121316045621
CON04540,0.278821535752719
CON04580,0.21984197393835436
CON04594,0.0719662726730105
CON04607,0.07251414508938643
CON04609,0.1513300327695409
CON04721,0.043921615734081924
CON04786,0.41051610479043865
CON04006,0.13894983638195002
CON04017,0.08504325554808821
CON04024,0.3070040455245795
CON04026,0.11016367255316205
CON04029,0.15928208996466345
CON04041,0.11683198621693686
CON04052,0.12014263333855801
CON04062,0.4853701673821661
CON04186,0.07921370702496063
CON04263,0.0931635910993485
CON04479,0.09480631300213546
CON04546,0.10566298522254335
CON04655,0.1545899540764708
CON04681,0.5010861023405953
CON04713,0.08535522125417914
CON04726,0.10803109387235128
CON04766,0.14800703998913564
CON03916,0.12081050126262889
CON03947,0.16571519073361274
CON03967,0.24450034112159022
CON03980,0.04073442097412651
CON04045,0.09531073015030767
CON04057,0.27806223586519957
CON04061,0.25315632598134263
CON04063,0.06799841055714884
CON04071,0.13158390806269293
CON04093,0.11041377637955714
CON04134,0.6258764643122013
CON04156,0.3114222547429596
CON04160,0.04368710356780997
CON04277,0.10454791657841565
CON04294,0.08594646518603848
CON04301,0.07049748021042743
CON04346,0.1628689468188126
CON04394,0.8681955344552552
CON04395,0.22975381474405004
CON04408,0.12658967699490153
CON04421,0.10779656626137098
CON04447,0.18851840068727735
CON04488,0.1151960363537629
CON04491,0.5125907118607653
CON04512,0.08373776632136373
CON04523,0.4270593863145183
CON04543,0.37032265059701003
CON04558,0.04683762321955971
CON04598,0.07329176822756597
CON04601,0.1814187331002999
CON04608,0.19479686509090488
CON04763,0.045109845665904896
CON04770,0.2030916682989795
CON03926,0.11113229207747877
CON03941,0.07422356867812023
CON03965,0.18699760675633917
CON03983,0.2417178665894479
CON03986,0.260702251068883
CON04027,0.15189241221830735
CON04044,0.14088876187266272
CON04085,0.06877614336667219
CON04087,0.17879531635396076
CON04135,0.13126937895101742
CON04148,0.07970702027721976
CON04151,0.15947061741551832
CON04169,0.04866350730840569
CON04200,0.48225671980563806
CON04232,0.07388167758868028
CON04256,0.08921836073921847
CON04269,0.2751403434996465
CON04281,0.05587179713035089
CON04293,0.3167068009974932
CON04303,0.03192193702868747
CON04317,0.05465522939438811
CON04329,0.07385955396995164
CON04387,0.19168797362104195
CON04402,0.2532388265600554
CON04424,0.12599492627365652
CON04448,0.386955719632195
CON04462,0.24230521485328907
CON04497,0.17222346720716727
CON04567,0.14854296653089968
CON04583,0.10626081030138156
CON04611,0.10135448148418633
CON04615,0.08417147246314279
CON04627,0.17426169122219268
CON04659,0.09493811502215613
CON04674,0.16769088521712386
CON04691,0.13097483008664326
CON04767,0.7312345795068396
CON04790,0.32570642686544166
CON04791,0.03556059211689871
CON03937,0.18185140962007626
CON03953,0.3951702570483836
CON03954,0.38889368759040055
CON03966,0.07997165496728537
CON03971,0.13327763903663506
CON03984,0.07516440222379861
CON04010,0.11860806097798926
CON04075,0.0630628477693194
CON04079,0.07469893091124212
CON04081,0.6864171250842693
CON04088,0.2830394905406931
CON04090,0.2741921784078123
CON04108,0.10285246654328283
CON04117,0.2150435048865884
CON04126,0.2901817381663836
CON04144,0.2876127502778052
CON04172,0.15533636493627798
CON04185,0.1824235924020881
CON04203,0.24763450501055315
CON04225,0.09737927672328844
CON04248,0.3167354842250477
CON04267,0.11231200970924299
CON04270,0.07304845171447268
CON04335,0.6637136056069485
CON04359,0.09560598109085804
CON04411,0.2616599353167729
CON04446,0.4463132937756839
CON04470,0.15025447407303902
CON04474,0.07215250671508636
CON04539,0.03774514286629472
CON04549,0.431231619062846
CON04556,0.20604513757882562
CON04588,0.22834918812340207
CON04613,0.08997890930288935
CON04632,0.15123101075901646
CON04647,0.06529340207165754
CON04698,0.03378210254040318
CON04724,0.8437501567030852
CON04735,0.16140380427283035
CON04771,0.04680936500156001
CON04774,0.12860642935116376
CON03950,0.08283973715201551
CON03977,0.0590645355753325
CON03982,0.2058004530704746
CON03989,0.2094588783059
CON04016,0.16424481168535573
CON04059,0.10383906626747884
CON04060,0.11442196213465927
CON04078,0.14874125985603395
CON04101,0.09385090394411473
CON04119,0.029374465706256313
CON04205,0.17714099815775292
CON04209,0.03253504489411706
CON04222,0.5317433978280166
CON04284,0.16559871731972914
CON04296,0.04707815503377733
CON04306,0.04999676557800891
CON04352,0.07374319247419735
CON04404,0.21538607488417694
CON04519,0.1479969932936791
CON04522,0.5770624746234078
CON04533,0.15074341920753728
CON04590,0.17285379005130821
CON04665,0.6385886308568611
CON04705,0.25757539523401873
CON04742,0.15444369084208992
CON04747,0.10473779499418293
CON03958,0.15548835264162794
CON04109,0.27742267566551876
CON04112,0.22207276725603442
CON04123,0.06837527009816968
CON04285,0.12079312159661665
CON04364,0.15695208457725557
CON04376,0.15366494976751927
CON04396,0.032547281801860596
CON04413,0.03050818660849442
CON04434,0.13595345752903856
CON04481,0.44344951641994285
CON04494,0.33974558464936716
CON04496,0.23595591695160104
CON04501,0.09060653894521078
CON04557,0.20183503893694812
CON04584,0.12163971256613416
CON04631,0.0853111644009491
CON04646,0.19515287678674076
CON04650,0.614416437264708
CON04656,0.2202969464451299
CON04664,0.1520396628251188
CON04753,0.04583583846358472
CON04775,0.0634922273951342
CON04796,0.18955356555789415
CON03936,0.07564414290161683
CON03948,0.17088240290870865
CON03963,0.2669170113767905
CON03987,0.14143039868629603
CON03997,0.13679571747365554
CON04070,0.062013901103012144
CON04161,0.32000475147200286
CON04201,0.3831657051437538
CON04251,0.0784807704642823
CON04279,0.16081132433385142
CON04322,0.07005884432251727
CON04371,0.10888228224619849
CON04456,0.16184009899370952
CON04517,0.09114845860381655
CON04614,0.14407728935999484
CON04633,0.25422822169844883
CON04679,0.22085549769697793
CON04701,0.579993344722656
CON04716,0.2009691788555027
CON04768,0.11893060932948975
CON04783,0.08212297908353654
CON03917,0.07273658795103499
CON03927,0.28967020664516374
CON03928,0.04847675422605705
CON03944,0.14270485129158383
CON03961,0.1499649863100466
CON03975,0.48646963716993746
CON03993,0.05005837940417486
CON04001,0.5052769033188899
CON04004,0.1211036144154019
CON04077,0.032525360994731224
CON04107,0.05099561588829136
CON04129,0.2801789811066193
CON04142,0.07602212987072397
CON04194,0.09104815694367242
CON04211,0.09308118462015304
CON04217,0.08266987536928216
CON04226,0.11293870225495152
CON04315,0.234345770165342
CON04327,0.11548750603365324
CON04332,0.3297117055908313
CON04341,0.10752602454593581
CON04353,0.29003049983860635
CON04355,0.11373905919030017
CON04367,0.1498775221586927
CON04368,0.0762432441390018
CON04375,0.0873914514391539
CON04378,0.21530716066221134
CON04399,0.10710676833763752
CON04551,0.1970189897175451
CON04568,0.14379409020264758
CON04573,0.08452140170573762
CON04639,0.06756257092574815
CON04648,0.08709748998899731
CON04673,0.1860441023201036
CON04694,0.05679106198429742
CON04725,0.29452817178084445
CON04758,0.09945785185911601
CON04772,0.09576572046012058
CON04788,0.19324502511731975
